entity_id,type,name,normalized_name,properties,source_report_ids,review_status,is_core_company
entity_e5c3f6f91bc443bc,Architecture,AI Infra体系,aiinfra体系,{},"[""annual_000938_2025""]",auto,
entity_c482e6c8d9a6232d,Architecture,RISC-V 架构,risc-v架构,{},"[""annual_000938_2025""]",auto,
entity_5e01185ceed3b2c0,Architecture,云—网—安—算—存—端,云—网—安—算—存—端,{},"[""annual_000938_2025""]",auto,
entity_b217c32539cfaac7,Architecture,云—边—端三级协同架构,云—边—端三级协同架构,{},"[""annual_000938_2025""]",auto,
entity_adb7086ed1f77fe1,Bottleneck,大模型行业落地中私域数据使用难题,大模型行业落地中私域数据使用难题,{},"[""annual_000938_2025""]",auto,
entity_3910c5059d2ee90a,Company,共青城新紫华三投资合伙企业（有限合伙）,共青城新紫华三投资合伙企业(有限合伙),{},"[""annual_000938_2025""]",auto,false
entity_d543012bac2c4285,Company,北京智广芯控股有限公司,北京智广芯控股,{},"[""annual_000938_2025""]",auto,false
entity_59a68ac24fed0740,Company,北京紫光卓越数码科技有限公司,北京紫光卓越数码科技,{},"[""annual_000938_2025""]",auto,false
entity_b60aee1e1d0f46fe,Company,北京紫光数智科技股份有限公司,北京紫光数智科技,{},"[""annual_000938_2025""]",auto,false
entity_db3964575b94bebe,Company,北京紫光文化有限公司,北京紫光文化,{},"[""annual_000938_2025""]",auto,false
entity_ff78760830e2e5ed,Company,北京紫光资源科技有限公司,北京紫光资源科技,{},"[""annual_000938_2025""]",auto,false
entity_0c65665121efdad0,Company,北京紫光集成电路科技有限公司,北京紫光集成电路科技,{},"[""annual_000938_2025""]",auto,false
entity_0080f2ac18971a95,Company,华芯新材料科技（无锡）有限公司,华芯新材料科技(无锡),{},"[""annual_000938_2025""]",auto,false
entity_b1ca36774ac69ab5,Company,成都紫光华信科技有限公司,成都紫光华信科技,{},"[""annual_000938_2025""]",auto,false
entity_0283ce1693b8d8e1,Company,新华三云计算技术有限公司,新华三云计算技术,{},"[""annual_000938_2025""]",auto,false
entity_6317c734a8d25e6c,Company,新华三人工智能科技有限公司,新华三人工智能科技,{},"[""annual_000938_2025""]",auto,false
entity_1ec67fdc005d4729,Company,新华三信息安全技术有限公司,新华三信息安全技术,{},"[""annual_000938_2025""]",auto,false
entity_219789f8edc8eadf,Company,新华三半导体技术有限公司,新华三半导体技术,{},"[""annual_000938_2025""]",auto,false
entity_cf4ba1e8599431c8,Company,新华三大数据技术有限公司,新华三大数据技术,{},"[""annual_000938_2025""]",auto,false
entity_f6e3653a4981e5fb,Company,新华三存储科技（广东）有限公司,新华三存储科技(广东),{},"[""annual_000938_2025""]",auto,false
entity_e4511fbdfdeee94b,Company,新华三工业互联网有限公司,新华三工业互联网,{},"[""annual_000938_2025""]",auto,false
entity_b25cdb8a1ff640a9,Company,新华三技术有限公司,新华三技术,{},"[""annual_000938_2025""]",auto,false
entity_c7ef97ae61d21aaa,Company,新华三技术总部实验室（内蒙古）有限公司,新华三技术总部实验室(内蒙古),{},"[""annual_000938_2025""]",auto,false
entity_3b923abf758ffb26,Company,新华三智能终端有限公司,新华三智能终端,{},"[""annual_000938_2025""]",auto,false
entity_94d31634301799c6,Company,新华三算力科技（上海）有限公司,新华三算力科技(上海),{},"[""annual_000938_2025""]",auto,false
entity_7167db322213a49c,Company,新华三进出口（杭州）有限公司,新华三进出口(杭州),{},"[""annual_000938_2025""]",auto,false
entity_253b338e532622a5,Company,新华三集团有限公司,新华三集团,{},"[""annual_000938_2025""]",auto,false
entity_e1506e0a22b56c93,Company,无锡颖创材料科技有限公司,无锡颖创材料科技,{},"[""annual_000938_2025""]",auto,false
entity_08f1ede355f25b3c,Company,昆明紫光华信科技有限公司,昆明紫光华信科技,{},"[""annual_000938_2025""]",auto,false
entity_0913471e4b8dd6ca,Company,深圳市紫光物业服务有限公司,深圳市紫光物业服务,{},"[""annual_000938_2025""]",auto,false
entity_a749f49dd37a7378,Company,福州紫光华信科技有限公司,福州紫光华信科技,{},"[""annual_000938_2025""]",auto,false
entity_331d7aec114c56e1,Company,紫光股份,紫光,"{""is_core_company"": true}","[""annual_000938_2025""]",auto,true
entity_042de744592d7e1e,Company,紫光云（成都）科技有限公司,紫光云(成都)科技,{},"[""annual_000938_2025""]",auto,false
entity_36d6b6dcdf747d64,Company,紫光云技术有限公司,紫光云技术,{},"[""annual_000938_2025""]",auto,false
entity_6ce0b9dd57358509,Company,紫光云数据（深圳）有限公司,紫光云数据(深圳),{},"[""annual_000938_2025""]",auto,false
entity_515d61c64e7dea1d,Company,紫光云智能制造（天津）有限公司,紫光云智能制造(天津),{},"[""annual_000938_2025""]",auto,false
entity_16d6005c1e1bea17,Company,紫光健康科技（苏州）有限公司,紫光健康科技(苏州),{},"[""annual_000938_2025""]",auto,false
entity_2adf535ad34bc145,Company,紫光南方云技术有限公司,紫光南方云技术,{},"[""annual_000938_2025""]",auto,false
entity_ac86e2cd9966fa3f,Company,紫光国芯微电子股份有限公司,紫光国芯微电子,{},"[""annual_000938_2025""]",auto,false
entity_dc79d7add0388b76,Company,紫光天府云（成都）科技有限公司,紫光天府云(成都)科技,{},"[""annual_000938_2025""]",auto,false
entity_43bd32d7379627c4,Company,紫光摩度科技有限公司,紫光摩度科技,{},"[""annual_000938_2025""]",auto,false
entity_a906e2529e872a54,Company,紫光数字影像科技（广东）有限公司,紫光数字影像科技(广东),{},"[""annual_000938_2025""]",auto,false
entity_ed92782d7fa2abfb,Company,紫光未来科技（杭州）有限公司,紫光未来科技(杭州),{},"[""annual_000938_2025""]",auto,false
entity_06d31998f821cef7,Company,紫光软件（天津）有限公司,紫光软件(天津),{},"[""annual_000938_2025""]",auto,false
entity_4dd0739d4cf8fefd,Company,紫鸾智数科技（沈阳）有限公司,紫鸾智数科技(沈阳),{},"[""annual_000938_2025""]",auto,false
entity_9720969b70cd11f8,Company,紫鸾智能科技（天津）有限责任公司,紫鸾智能科技(天津)有限责任公司,{},"[""annual_000938_2025""]",auto,false
entity_7e5cfc488fd10302,Company,紫鸾智能科技（海南）有限公司,紫鸾智能科技(海南),{},"[""annual_000938_2025""]",auto,false
entity_3b037400d39461ae,Company,紫鸾智能科技（珠海）有限公司,紫鸾智能科技(珠海),{},"[""annual_000938_2025""]",auto,false
entity_0833e42b9a70bc37,Company,苏州美珖数码科技有限公司,苏州美珖数码科技,{},"[""annual_000938_2025""]",auto,false
entity_5a25cddf044c695a,Company,苏州美琨数码科技有限公司,苏州美琨数码科技,{},"[""annual_000938_2025""]",auto,false
entity_ad951c753f86eda2,Company,苏州美璟数码科技有限公司,苏州美璟数码科技,{},"[""annual_000938_2025""]",auto,false
entity_ab26ef738640b965,Company,郑州紫光低空科技有限公司,郑州紫光低空科技,{},"[""annual_000938_2025""]",auto,false
entity_5d5f63bcd225a115,Company,重庆紫光信息产业发展有限公司,重庆紫光信息产业发展,{},"[""annual_000938_2025""]",auto,false
entity_8b255e66e0e7e399,CompanyExposure,AI算力基础设施,ai算力基础设施,"{""exposure_level"": ""core""}","[""annual_000938_2025""]",auto,
entity_76fc9def1510ebc6,DemandDriver,人工智能+,人工智能+,{},"[""annual_000938_2025""]",auto,
entity_0cc84bc25876929d,DemandDriver,人工智能+行动,人工智能+行动,{},"[""annual_000938_2025""]",auto,
entity_34e369fefede7ef8,DemandDriver,场景需求,场景需求,{},"[""annual_000938_2025""]",auto,
entity_97b65c5bcd2c7943,DemandDriver,大模型在行业落地的市场机会,大模型在行业落地的市场机会,{},"[""annual_000938_2025""]",auto,
entity_263ab5caf4f77606,DemandDriver,实体经济与数字经济融合,实体经济与数字经济融合,{},"[""annual_000938_2025""]",auto,
entity_71d1e0468994649f,DemandDriver,市场需求,市场需求,{},"[""annual_000938_2025""]",auto,
entity_5946f556a3522282,DemandDriver,技术研发需求,技术研发需求,{},"[""annual_000938_2025""]",auto,
entity_65435c6483c09ddc,DemandDriver,桌面级 AI 算力灵活和快速部署需求,桌面级ai算力灵活和快速部署需求,{},"[""annual_000938_2025""]",auto,
entity_588a1a554e99b408,DemandDriver,用户多元需求,用户多元需求,{},"[""annual_000938_2025""]",auto,
entity_c24eb920eb924a52,IndustryChain,AI算力产业链,ai算力产业链,{},"[""annual_000938_2025""]",auto,
entity_c7c6a5d94069debe,IndustryChain,AI算力基础设施,ai算力基础设施,{},"[""annual_000938_2025""]",auto,
entity_5dd1e4e9938eca47,IndustryChain,云—网—安—算—存—端,云—网—安—算—存—端,{},"[""annual_000938_2025""]",auto,
entity_1b96f3a9e92d556d,IndustryChain,算力产业链,算力产业链,{},"[""annual_000938_2025""]",auto,
entity_7812651f09be08e5,IndustryConcept,AI,ai,{},"[""annual_000938_2025""]",auto,
entity_65967a9d2103cfe2,IndustryConcept,AIGC,aigc,{},"[""annual_000938_2025""]",auto,
entity_f49176bbe1d08e24,IndustryConcept,AI业务,ai业务,{},"[""annual_000938_2025""]",auto,
entity_2d38e9c94477349f,IndustryConcept,AI安全,ai安全,{},"[""annual_000938_2025""]",auto,
entity_a118b6f8ccae0251,IndustryConcept,AI 算力,ai算力,{},"[""annual_000938_2025""]",auto,
entity_381b60046dd26a11,IndustryConcept,AI解决方案,ai解决方案,{},"[""annual_000938_2025""]",auto,
entity_e56516ce263fd76f,IndustryConcept,云计算,云计算,{},"[""annual_000938_2025""]",auto,
entity_800b9e5d11c67ce7,IndustryConcept,人工智能,人工智能,{},"[""annual_000938_2025""]",auto,
entity_6ffd7b82e96564ac,IndustryConcept,全栈智算解决方案,全栈智算解决方案,{},"[""annual_000938_2025""]",auto,
entity_ce96dcdc1880bd86,IndustryConcept,国产化,国产化,{},"[""annual_000938_2025""]",auto,
entity_62d568449837b069,IndustryConcept,大数据,大数据,{},"[""annual_000938_2025""]",auto,
entity_a158afe17a5c8d5f,IndustryConcept,政务云,政务云,{},"[""annual_000938_2025""]",auto,
entity_201b71b116fa428a,IndustryConcept,政务网,政务网,{},"[""annual_000938_2025""]",auto,
entity_ede12d4e2b5d4f85,IndustryConcept,数字化,数字化,{},"[""annual_000938_2025""]",auto,
entity_ffa4c577ecf1ba3d,IndustryConcept,数字化及AI解决方案,数字化及ai解决方案,{},"[""annual_000938_2025""]",auto,
entity_32fb1aa09643395c,IndustryConcept,数字化转型,数字化转型,{},"[""annual_000938_2025""]",auto,
entity_266b64b47d5bb95e,IndustryConcept,数字基础设施,数字基础设施,{},"[""annual_000938_2025""]",auto,
entity_fae824a633cdba16,IndustryConcept,数据中心交换机,数据中心交换机,{},"[""annual_000938_2025""]",auto,
entity_eed5ecab7a95187c,IndustryConcept,智算,智算,{},"[""annual_000938_2025""]",auto,
entity_6082c6f1fd930941,IndustryConcept,智算业务,智算业务,{},"[""annual_000938_2025""]",auto,
entity_4f848af50b1af3dc,IndustryConcept,智算中心,智算中心,{},"[""annual_000938_2025""]",auto,
entity_b64e63067154f998,IndustryConcept,智算需求,智算需求,{},"[""annual_000938_2025""]",auto,
entity_4f55011a129bdb34,IndustryConcept,桌面级 AI 算力,桌面级ai算力,{},"[""annual_000938_2025""]",auto,
entity_02e828e1319ac42f,IndustryConcept,混合云,混合云,{},"[""annual_000938_2025""]",auto,
entity_18a2455360de3a8d,IndustryConcept,物联网,物联网,{},"[""annual_000938_2025""]",auto,
entity_6e100c6196999fa9,IndustryConcept,电子信息产业,电子信息产业,{},"[""annual_000938_2025""]",auto,
entity_32eb547d96a0796e,IndustryConcept,算力产业,算力产业,{},"[""annual_000938_2025""]",auto,
entity_b00ba6d43d619dab,IndustryConcept,算力降本,算力降本,{},"[""annual_000938_2025""]",auto,
entity_42adc252207e8615,IndustryConcept,算法优化,算法优化,{},"[""annual_000938_2025""]",auto,
entity_ed8f476d303dc613,IndustryConcept,行业专属云,行业专属云,{},"[""annual_000938_2025""]",auto,
entity_ebdca080ccd9052c,IndustryConcept,超算,超算,{},"[""annual_000938_2025""]",auto,
entity_17e482845e9c23e6,IndustryConcept,边缘云,边缘云,{},"[""annual_000938_2025""]",auto,
entity_9ae7fd469eebe383,IndustryConcept,通算,通算,{},"[""annual_000938_2025""]",auto,
entity_dbe5fca2fc6bda47,Metric,2025 年度AI 存储产品金奖,2025年度ai存储产品金奖,"{""metric_name"": ""AI 存储产品金奖"", ""unit"": """", ""value"": ""获奖"", ""year"": ""2025""}","[""annual_000938_2025""]",auto,
entity_ab0f2ef93171f3c6,Metric,2025 年度分布式存储产品金奖,2025年度分布式存储产品金奖,"{""metric_name"": ""分布式存储产品金奖"", ""unit"": """", ""value"": ""获奖"", ""year"": ""2025""}","[""annual_000938_2025""]",auto,
entity_f2e660ae45b4f308,Metric,2025 数据中心优秀技术成果奖,2025数据中心优秀技术成果奖,"{""metric_name"": ""数据中心优秀技术成果奖"", ""unit"": """", ""value"": ""获奖"", ""year"": ""2025""}","[""annual_000938_2025""]",auto,
entity_7711cde4c38005fc,Metric,30岁以下人数,30岁以下人数,"{""metric_name"": ""30岁以下人数"", ""unit"": ""人"", ""value"": 1615, ""year"": ""2025""}","[""annual_000938_2025""]",auto,
entity_20094bfb81a01f94,Metric,31-40岁人数,31-40岁人数,"{""metric_name"": ""31-40岁人数"", ""unit"": ""人"", ""value"": 3487, ""year"": ""2025""}","[""annual_000938_2025""]",auto,
entity_43c5ab81b69b26f7,Metric,41岁及以上人数,41岁及以上人数,"{""metric_name"": ""41岁及以上人数"", ""unit"": ""人"", ""value"": 1057, ""year"": ""2025""}","[""annual_000938_2025""]",auto,
entity_aa4050647c1d48ec,Metric,EBITDA利息保障倍数,ebitda利息保障倍数,"{""metric_name"": ""EBITDA利息保障倍数"", ""unit"": ""倍"", ""value"": ""不低于3倍"", ""year"": 2025}","[""annual_000938_2025""]",auto,
entity_846536e43b6041ce,Metric,ICT基础设施与服务业务收入,ict基础设施与服务业务收入,"{""metric_name"": ""ICT基础设施与服务业务收入"", ""unit"": ""亿元"", ""value"": 768.47, ""year"": 2025}","[""annual_000938_2025""]",auto,
entity_d6e96c24ea694f91,Metric,ICT基础设施与服务成本,ict基础设施与服务成本,"{""metric_name"": ""ICT基础设施与服务成本"", ""unit"": ""元"", ""value"": 64160602157.35, ""year"": ""2025""}","[""annual_000938_2025""]",auto,
entity_bec9e4521c06768c,Metric,ICT基础设施与服务成本2024,ict基础设施与服务成本2024,"{""metric_name"": ""ICT基础设施与服务成本"", ""unit"": ""元"", ""value"": 42352357506.07, ""year"": ""2024""}","[""annual_000938_2025""]",auto,
entity_1f720ed45ea34b70,Metric,ICT基础设施与服务成本占比,ict基础设施与服务成本占比,"{""metric_name"": ""ICT基础设施与服务成本占营业成本比重"", ""unit"": ""%"", ""value"": ""77.65%"", ""year"": ""2025""}","[""annual_000938_2025""]",auto,
entity_4845b2b9f2fe4d5b,Metric,ICT基础设施与服务成本占比2024,ict基础设施与服务成本占比2024,"{""metric_name"": ""ICT基础设施与服务成本占营业成本比重"", ""unit"": ""%"", ""value"": ""64.88%"", ""year"": ""2024""}","[""annual_000938_2025""]",auto,
entity_8f150e3d1cb72e1e,Metric,ICT基础设施与服务成本同比增减,ict基础设施与服务成本同比增减,"{""metric_name"": ""ICT基础设施与服务成本同比增减"", ""unit"": ""%"", ""value"": ""51.49%"", ""year"": ""2025""}","[""annual_000938_2025""]",auto,
entity_785297eb18ab1805,Metric,ICT基础设施与服务收入,ict基础设施与服务收入,"{""metric_name"": ""ICT基础设施与服务收入"", ""unit"": ""元"", ""value"": 76846762924.64, ""year"": ""2025""}","[""annual_000938_2025""]",auto,
entity_61096b95fbf8746a,Metric,ICT基础设施与服务收入占比,ict基础设施与服务收入占比,"{""metric_name"": ""ICT基础设施与服务收入占比"", ""unit"": ""%"", ""value"": ""79.43%"", ""year"": ""2025""}","[""annual_000938_2025""]",auto,
entity_a76a5af4b400f8b4,Metric,ICT基础设施与服务收入同比增减,ict基础设施与服务收入同比增减,"{""metric_name"": ""ICT基础设施与服务收入同比增减"", ""unit"": ""%"", ""value"": ""41.11%"", ""year"": ""2025""}","[""annual_000938_2025""]",auto,
entity_64da7e6597c6a5a3,Metric,ICT基础设施与服务毛利率,ict基础设施与服务毛利率,"{""metric_name"": ""ICT基础设施与服务毛利率"", ""unit"": ""%"", ""value"": ""16.51%"", ""year"": ""2025""}","[""annual_000938_2025""]",auto,
entity_d06e080098c32b69,Metric,ICT基础设施与服务毛利率比上年同期增减,ict基础设施与服务毛利率比上年同期增减,"{""metric_name"": ""ICT基础设施与服务毛利率比上年同期增减"", ""unit"": ""%"", ""value"": ""-5.72%"", ""year"": ""2025""}","[""annual_000938_2025""]",auto,
entity_504e60b0e42ebd0f,Metric,ICT基础设施与服务营业成本,ict基础设施与服务营业成本,"{""metric_name"": ""ICT基础设施与服务营业成本"", ""unit"": ""元"", ""value"": 64160602157.35, ""year"": ""2025""}","[""annual_000938_2025""]",auto,
entity_9a28f10747468deb,Metric,ICT基础设施与服务营业成本比上年同期增减,ict基础设施与服务营业成本比上年同期增减,"{""metric_name"": ""ICT基础设施与服务营业成本比上年同期增减"", ""unit"": ""%"", ""value"": ""51.49%"", ""year"": ""2025""}","[""annual_000938_2025""]",auto,
entity_d6a41efba7798869,Metric,ICT基础设施与服务营业收入,ict基础设施与服务营业收入,"{""metric_name"": ""ICT基础设施与服务营业收入"", ""unit"": ""元"", ""value"": 76846762924.64, ""year"": ""2025""}","[""annual_000938_2025""]",auto,
entity_c2670b44676ce376,Metric,ICT基础设施与服务营业收入比上年同期增减,ict基础设施与服务营业收入比上年同期增减,"{""metric_name"": ""ICT基础设施与服务营业收入比上年同期增减"", ""unit"": ""%"", ""value"": ""41.11%"", ""year"": ""2025""}","[""annual_000938_2025""]",auto,
entity_c3392a1e669c225e,Metric,IT产品分销与供应链服务成本,it产品分销与供应链服务成本,"{""metric_name"": ""IT产品分销与供应链服务成本"", ""unit"": ""元"", ""value"": 24231735943.28, ""year"": ""2025""}","[""annual_000938_2025""]",auto,
entity_ed401aaec50fe65c,Metric,IT产品分销与供应链服务成本2024,it产品分销与供应链服务成本2024,"{""metric_name"": ""IT产品分销与供应链服务成本"", ""unit"": ""元"", ""value"": 27728004142.39, ""year"": ""2024""}","[""annual_000938_2025""]",auto,
entity_570ab222dc927465,Metric,IT产品分销与供应链服务成本占比,it产品分销与供应链服务成本占比,"{""metric_name"": ""IT产品分销与供应链服务成本占营业成本比重"", ""unit"": ""%"", ""value"": ""29.32%"", ""year"": ""2025""}","[""annual_000938_2025""]",auto,
entity_3d5f1bfa1694cb70,Metric,IT产品分销与供应链服务成本占比2024,it产品分销与供应链服务成本占比2024,"{""metric_name"": ""IT产品分销与供应链服务成本占营业成本比重"", ""unit"": ""%"", ""value"": ""42.47%"", ""year"": ""2024""}","[""annual_000938_2025""]",auto,
entity_05d67022f22b89e6,Metric,IT产品分销与供应链服务成本同比增减,it产品分销与供应链服务成本同比增减,"{""metric_name"": ""IT产品分销与供应链服务成本同比增减"", ""unit"": ""%"", ""value"": ""-12.61%"", ""year"": ""2025""}","[""annual_000938_2025""]",auto,
entity_b74ffb9000096839,Metric,IT产品分销与供应链服务收入,it产品分销与供应链服务收入,"{""metric_name"": ""IT产品分销与供应链服务收入"", ""unit"": ""元"", ""value"": 25561918394.39, ""year"": ""2025""}","[""annual_000938_2025""]",auto,
entity_3c929d14037d14fe,Metric,IT产品分销与供应链服务收入占比,it产品分销与供应链服务收入占比,"{""metric_name"": ""IT产品分销与供应链服务收入占比"", ""unit"": ""%"", ""value"": ""26.42%"", ""year"": ""2025""}","[""annual_000938_2025""]",auto,
entity_d3ceac5df328a4ec,Metric,IT产品分销与供应链服务收入同比增减,it产品分销与供应链服务收入同比增减,"{""metric_name"": ""IT产品分销与供应链服务收入同比增减"", ""unit"": ""%"", ""value"": ""-12.72%"", ""year"": ""2025""}","[""annual_000938_2025""]",auto,
entity_8ea2017be869eeba,Metric,IT产品分销与供应链服务毛利率,it产品分销与供应链服务毛利率,"{""metric_name"": ""IT产品分销与供应链服务毛利率"", ""unit"": ""%"", ""value"": ""5.20%"", ""year"": ""2025""}","[""annual_000938_2025""]",auto,
entity_0b34df63a0d98c1a,Metric,IT产品分销与供应链服务毛利率比上年同期增减,it产品分销与供应链服务毛利率比上年同期增减,"{""metric_name"": ""IT产品分销与供应链服务毛利率比上年同期增减"", ""unit"": ""%"", ""value"": ""-0.13%"", ""year"": ""2025""}","[""annual_000938_2025""]",auto,
entity_4793ab575a699985,Metric,IT产品分销与供应链服务营业成本,it产品分销与供应链服务营业成本,"{""metric_name"": ""IT产品分销与供应链服务营业成本"", ""unit"": ""元"", ""value"": 24231735943.28, ""year"": ""2025""}","[""annual_000938_2025""]",auto,
entity_82350b437b0870c5,Metric,IT产品分销与供应链服务营业成本比上年同期增减,it产品分销与供应链服务营业成本比上年同期增减,"{""metric_name"": ""IT产品分销与供应链服务营业成本比上年同期增减"", ""unit"": ""%"", ""value"": ""-12.61%"", ""year"": ""2025""}","[""annual_000938_2025""]",auto,
entity_db3111e6c9b3f20d,Metric,IT产品分销与供应链服务营业收入,it产品分销与供应链服务营业收入,"{""metric_name"": ""IT产品分销与供应链服务营业收入"", ""unit"": ""元"", ""value"": 25561918394.39, ""year"": ""2025""}","[""annual_000938_2025""]",auto,
entity_0f82ef6b12ae464e,Metric,IT产品分销与供应链服务营业收入比上年同期增减,it产品分销与供应链服务营业收入比上年同期增减,"{""metric_name"": ""IT产品分销与供应链服务营业收入比上年同期增减"", ""unit"": ""%"", ""value"": ""-12.72%"", ""year"": ""2025""}","[""annual_000938_2025""]",auto,
entity_9d38da0f2c194a10,Metric,MLPerf Storage v2.0 基准测试结果,mlperfstoragev2.0基准测试结果,"{""metric_name"": ""MLPerf Storage v2.0 基准测试"", ""unit"": """", ""value"": ""榜首"", ""year"": ""2025""}","[""annual_000938_2025""]",auto,
entity_f74511b0a4ce229b,Metric,专利权使用寿命,专利权使用寿命,"{""metric_name"": ""专利权使用寿命"", ""unit"": ""年"", ""value"": ""5年""}","[""annual_000938_2025""]",auto,
entity_4945166fc28a644b,Metric,专利申请总量,专利申请总量,"{""metric_name"": ""专利申请总量"", ""unit"": ""件"", ""value"": ""超过16,000件""}","[""annual_000938_2025""]",auto,
entity_f832bf45cb0b1a09,Metric,中国UTM防火墙市场份额,中国utm防火墙市场份额,"{""metric_name"": ""中国UTM防火墙市场份额"", ""unit"": ""%"", ""value"": ""21.1%"", ""year"": ""2025""}","[""annual_000938_2025""]",auto,
entity_3a02a7ffe35a2908,Metric,中国X86服务器市场份额,中国x86服务器市场份额,"{""metric_name"": ""中国X86服务器市场份额"", ""unit"": ""%"", ""value"": ""12.5%"", ""year"": ""2025""}","[""annual_000938_2025""]",auto,
entity_023367d1cbb5dd69,Metric,中国以太网交换机市场份额,中国以太网交换机市场份额,"{""metric_name"": ""中国以太网交换机市场份额"", ""unit"": ""%"", ""value"": ""34.5%"", ""year"": ""2025""}","[""annual_000938_2025""]",auto,
entity_c8800f83bd8ab179,Metric,中国企业级WLAN市场份额,中国企业级wlan市场份额,"{""metric_name"": ""中国企业级WLAN市场份额"", ""unit"": ""%"", ""value"": ""27.9%"", ""year"": ""2025""}","[""annual_000938_2025""]",auto,
entity_463b954302b24e5c,Metric,中国企业网交换机市场份额,中国企业网交换机市场份额,"{""metric_name"": ""中国企业网交换机市场份额"", ""unit"": ""%"", ""value"": ""36.1%"", ""year"": ""2025""}","[""annual_000938_2025""]",auto,
entity_a5b735fc500486c8,Metric,中国企业网园区交换机市场份额,中国企业网园区交换机市场份额,"{""metric_name"": ""中国企业网园区交换机市场份额"", ""unit"": ""%"", ""value"": ""36.2%"", ""year"": ""2025""}","[""annual_000938_2025""]",auto,
entity_913c1fb60c0228e4,Metric,中国企业网路由器市场份额,中国企业网路由器市场份额,"{""metric_name"": ""中国企业网路由器市场份额"", ""unit"": ""%"", ""value"": ""31.5%"", ""year"": ""2025""}","[""annual_000938_2025""]",auto,
entity_b4a21793399075cd,Metric,中国数字基础设施市场规模,中国数字基础设施市场规模,"{""metric_name"": ""中国数字基础设施市场规模"", ""unit"": ""万亿元"", ""value"": 1.4, ""year"": 2029}","[""annual_000938_2025""]",auto,
entity_f9f010672602cff5,Metric,中国数据中心交换机市场份额,中国数据中心交换机市场份额,"{""metric_name"": ""中国数据中心交换机市场份额"", ""unit"": ""%"", ""value"": ""33.1%"", ""year"": ""2025""}","[""annual_000938_2025""]",auto,
entity_4466f80e2b273e23,Metric,主营业务成本_2024,主营业务成本_2024,"{""metric_name"": ""主营业务成本"", ""unit"": ""人民币元"", ""value"": 65198107168.33, ""year"": 2024}","[""annual_000938_2025""]",auto,
entity_c0dc06294b9ed37e,Metric,主营业务成本_2025,主营业务成本_2025,"{""metric_name"": ""主营业务成本"", ""unit"": ""人民币元"", ""value"": 82266300546.0, ""year"": 2025}","[""annual_000938_2025""]",auto,
entity_96bf2bbf674e62c1,Metric,主营业务收入_2024,主营业务收入_2024,"{""metric_name"": ""主营业务收入"", ""unit"": ""人民币元"", ""value"": 78865531368.92, ""year"": 2024}","[""annual_000938_2025""]",auto,
entity_d5957726db830f17,Metric,主营业务收入_2025,主营业务收入_2025,"{""metric_name"": ""主营业务收入"", ""unit"": ""人民币元"", ""value"": 96267600254.58, ""year"": 2025}","[""annual_000938_2025""]",auto,
entity_56c656eab5d2fc40,Metric,产品质量保证年初余额,产品质量保证年初余额,"{""metric_name"": ""产品质量保证年初余额"", ""unit"": ""元"", ""value"": 692575891.75, ""year"": 2025}","[""annual_000938_2025""]",auto,
entity_b842db5025781e97,Metric,产品质量保证年末余额,产品质量保证年末余额,"{""metric_name"": ""产品质量保证年末余额"", ""unit"": ""元"", ""value"": 632505316.97, ""year"": 2025}","[""annual_000938_2025""]",auto,
entity_f8828cc6b570aa90,Metric,产品质量保证本年减少,产品质量保证本年减少,"{""metric_name"": ""产品质量保证本年减少"", ""unit"": ""元"", ""value"": 384968800.12, ""year"": 2025}","[""annual_000938_2025""]",auto,
entity_708da871d42b828b,Metric,产品质量保证本年增加,产品质量保证本年增加,"{""metric_name"": ""产品质量保证本年增加"", ""unit"": ""元"", ""value"": 324898225.34, ""year"": 2025}","[""annual_000938_2025""]",auto,
entity_c5713036272d90ce,Metric,产品质量保证流动负债部分,产品质量保证流动负债部分,"{""metric_name"": ""产品质量保证流动负债部分"", ""unit"": ""元"", ""value"": 331251054.52, ""year"": 2025}","[""annual_000938_2025""]",auto,
entity_25577d494eef46f8,Metric,产品质量保证预计负债,产品质量保证预计负债,"{""metric_name"": ""产品质量保证预计负债"", ""unit"": ""元"", ""value"": 301254262.45, ""year"": 2025}","[""annual_000938_2025""]",auto,
entity_10fd6cd3422f3cab,Metric,人工智能核心产业规模,人工智能核心产业规模,"{""metric_name"": ""人工智能核心产业规模"", ""unit"": ""万亿元"", ""value"": ""1.2"", ""year"": ""2025""}","[""annual_000938_2025""]",auto,
entity_deaeedfbcca81127,Metric,其他业务成本,其他业务成本,"{""metric_name"": ""其他业务成本"", ""unit"": ""元"", ""value"": 365546072.39, ""year"": ""2025""}","[""annual_000938_2025""]",auto,
entity_3a7269402384677b,Metric,其他业务成本2024,其他业务成本2024,"{""metric_name"": ""其他业务成本"", ""unit"": ""元"", ""value"": 84008309.54, ""year"": ""2024""}","[""annual_000938_2025""]",auto,
entity_ae8eb3e832715759,Metric,其他业务成本占比,其他业务成本占比,"{""metric_name"": ""其他业务成本占营业成本比重"", ""unit"": ""%"", ""value"": ""0.44%"", ""year"": ""2025""}","[""annual_000938_2025""]",auto,
entity_6132d0210a41a001,Metric,其他业务成本占比2024,其他业务成本占比2024,"{""metric_name"": ""其他业务成本占营业成本比重"", ""unit"": ""%"", ""value"": ""0.13%"", ""year"": ""2024""}","[""annual_000938_2025""]",auto,
entity_323818ee4aec37e5,Metric,其他业务成本同比增减,其他业务成本同比增减,"{""metric_name"": ""其他业务成本同比增减"", ""unit"": ""%"", ""value"": ""335.13%"", ""year"": ""2025""}","[""annual_000938_2025""]",auto,
entity_19cb8e12d3181fdb,Metric,其他非流动负债-长期押金,其他非流动负债-长期押金,"{""metric_name"": ""其他非流动负债-长期押金"", ""unit"": ""元"", ""value"": 79313800.66, ""year"": 2025}","[""annual_000938_2025""]",auto,
entity_27d47298f1783c69,Metric,其他非流动负债-预收长期房租,其他非流动负债-预收长期房租,"{""metric_name"": ""其他非流动负债-预收长期房租"", ""unit"": ""元"", ""value"": 895176.52, ""year"": 2024}","[""annual_000938_2025""]",auto,
entity_be526fb3eabf115f,Metric,其他非流动负债合计,其他非流动负债合计,"{""metric_name"": ""其他非流动负债合计"", ""unit"": ""元"", ""value"": 79313800.66, ""year"": 2025}","[""annual_000938_2025""]",auto,
entity_53c069314ca8400b,Metric,净利润,净利润,"{""metric_name"": ""净利润"", ""unit"": ""万元"", ""value"": 315148.9, ""year"": ""2025""}","[""annual_000938_2025""]",auto,
entity_aa9e506235966438,Metric,净利润_2024,净利润_2024,"{""metric_name"": ""净利润"", ""unit"": ""人民币元"", ""value"": 1982277033.02, ""year"": 2024}","[""annual_000938_2025""]",auto,
entity_7fdefa84ac075941,Metric,净利润_2025,净利润_2025,"{""metric_name"": ""净利润"", ""unit"": ""人民币元"", ""value"": 2171084501.45, ""year"": 2025}","[""annual_000938_2025""]",auto,
entity_cfd963376198c081,Metric,净资产,净资产,"{""metric_name"": ""净资产"", ""unit"": ""元"", ""value"": ""11,826,594,740.80"", ""year"": ""2025""}","[""annual_000938_2025""]",auto,
entity_70ad51b10b9770a0,Metric,减值金额,减值金额,"{""metric_name"": ""减值金额"", ""unit"": ""元"", ""value"": 0, ""year"": 2025}","[""annual_000938_2025""]",auto,
entity_bb43e41cadba56b9,Metric,利润总额_2024,利润总额_2024,"{""metric_name"": ""利润总额"", ""unit"": ""人民币元"", ""value"": 2226953396.66, ""year"": 2024}","[""annual_000938_2025""]",auto,
entity_c653743c5fe3b805,Metric,利润总额_2025,利润总额_2025,"{""metric_name"": ""利润总额"", ""unit"": ""人民币元"", ""value"": 2374546953.59, ""year"": 2025}","[""annual_000938_2025""]",auto,
entity_96b5c093c1ff2e97,Metric,前五名供应商合计采购金额,前五名供应商合计采购金额,"{""metric_name"": ""前五名供应商合计采购金额"", ""unit"": ""元"", ""value"": ""37,105,012,262.60"", ""year"": ""2025""}","[""annual_000938_2025""]",auto,
entity_9866b90c4da2332d,Metric,前五名供应商合计采购金额占年度采购总额比例,前五名供应商合计采购金额占年度采购总额比例,"{""metric_name"": ""前五名供应商合计采购金额占年度采购总额比例"", ""unit"": ""%"", ""value"": ""40.09%"", ""year"": ""2025""}","[""annual_000938_2025""]",auto,
entity_0827a9a5ef9dbaa3,Metric,前五名供应商采购额中关联方采购额占年度采购总额比例,前五名供应商采购额中关联方采购额占年度采购总额比例,"{""metric_name"": ""前五名供应商采购额中关联方采购额占年度采购总额比例"", ""unit"": ""%"", ""value"": ""0.00%"", ""year"": ""2025""}","[""annual_000938_2025""]",auto,
entity_e2472f71ea3d839d,Metric,前五名客户合计销售金额,前五名客户合计销售金额,"{""metric_name"": ""前五名客户合计销售金额"", ""unit"": ""元"", ""value"": ""43,454,446,109.18"", ""year"": ""2025""}","[""annual_000938_2025""]",auto,
entity_5e15a62f37d3355f,Metric,前五名客户合计销售金额占年度销售总额比例,前五名客户合计销售金额占年度销售总额比例,"{""metric_name"": ""前五名客户合计销售金额占年度销售总额比例"", ""unit"": ""%"", ""value"": ""44.92%"", ""year"": ""2025""}","[""annual_000938_2025""]",auto,
entity_0d15f884b46347a4,Metric,前五名客户销售额中关联方销售额占年度销售总额比例,前五名客户销售额中关联方销售额占年度销售总额比例,"{""metric_name"": ""前五名客户销售额中关联方销售额占年度销售总额比例"", ""unit"": ""%"", ""value"": ""0.00%"", ""year"": ""2025""}","[""annual_000938_2025""]",auto,
entity_88bb9adeef11399f,Metric,剩余履约义务收入金额,剩余履约义务收入金额,"{""metric_name"": ""剩余履约义务收入金额"", ""unit"": ""人民币元"", ""value"": 31400000000, ""year"": 2025}","[""annual_000938_2025""]",auto,
entity_df77410dbeb70574,Metric,加权平均净资产收益率,加权平均净资产收益率,"{""metric_name"": ""加权平均净资产收益率"", ""unit"": ""%"", ""value"": ""12.03%"", ""year"": ""2025""}","[""annual_000938_2025""]",auto,
entity_9a7fff2a7b087bc5,Metric,博士人数,博士人数,"{""metric_name"": ""博士人数"", ""unit"": ""人"", ""value"": 23, ""year"": ""2025""}","[""annual_000938_2025""]",auto,
entity_846cc0a0b116c7bf,Metric,原材料账面余额,原材料账面余额,"{""metric_name"": ""原材料账面余额"", ""unit"": ""人民币元"", ""value"": 13362014177.51, ""year"": 2025}","[""annual_000938_2025""]",auto,
entity_3bec79c9b60a3391,Metric,参数利用率提升,参数利用率提升,"{""metric_name"": ""参数利用率提升"", ""unit"": ""倍"", ""value"": ""8倍""}","[""annual_000938_2025""]",auto,
entity_619e75df3d87eab6,Metric,发明专利占比,发明专利占比,"{""metric_name"": ""发明专利占比"", ""unit"": ""%"", ""value"": ""90%以上""}","[""annual_000938_2025""]",auto,
entity_71590fd7b458c88d,Metric,发行在外普通股的加权平均数,发行在外普通股的加权平均数,"{""metric_name"": ""发行在外普通股的加权平均数"", ""unit"": ""股"", ""value"": ""2860079874.00"", ""year"": ""2025""}","[""annual_000938_2025""]",auto,
entity_0f23226e935ea9dc,Metric,可收回金额,可收回金额,"{""metric_name"": ""可收回金额"", ""unit"": ""元"", ""value"": 45761000000, ""year"": 2025}","[""annual_000938_2025""]",auto,
entity_bd1b0c4979480ffe,Metric,合同履约成本本年摊销金额,合同履约成本本年摊销金额,"{""metric_name"": ""合同履约成本本年摊销金额"", ""unit"": ""人民币元"", ""value"": 3693006260.49, ""year"": 2025}","[""annual_000938_2025""]",auto,
entity_45a162c23ef4b08e,Metric,合同履约成本账面余额,合同履约成本账面余额,"{""metric_name"": ""合同履约成本账面余额"", ""unit"": ""人民币元"", ""value"": 2553293041.68, ""year"": 2025}","[""annual_000938_2025""]",auto,
entity_7780feebc9b6c457,Metric,合同负债余额,合同负债余额,"{""metric_name"": ""合同负债余额"", ""unit"": ""人民币元"", ""value"": 16882302374.34, ""year"": 2025}","[""annual_000938_2025""]",auto,
entity_93a6fad0bf12221a,Metric,合同负债年初账面价值,合同负债年初账面价值,"{""metric_name"": ""合同负债年初账面价值"", ""unit"": ""人民币元"", ""value"": 11165925801.98, ""year"": 2025}","[""annual_000938_2025""]",auto,
entity_28c8eb77d1a464ed,Metric,合并抵消成本,合并抵消成本,"{""metric_name"": ""合并抵消成本"", ""unit"": ""元"", ""value"": 6126037554.63, ""year"": ""2025""}","[""annual_000938_2025""]",auto,
entity_87a072556a483250,Metric,合并抵消成本2024,合并抵消成本2024,"{""metric_name"": ""合并抵消成本"", ""unit"": ""元"", ""value"": 4882254480.13, ""year"": ""2024""}","[""annual_000938_2025""]",auto,
entity_9c2bc6855cdf087d,Metric,合并抵消成本占比,合并抵消成本占比,"{""metric_name"": ""合并抵消成本占营业成本比重"", ""unit"": ""%"", ""value"": ""7.41%"", ""year"": ""2025""}","[""annual_000938_2025""]",auto,
entity_1131fc60f1706360,Metric,合并抵消成本占比2024,合并抵消成本占比2024,"{""metric_name"": ""合并抵消成本占营业成本比重"", ""unit"": ""%"", ""value"": ""7.48%"", ""year"": ""2024""}","[""annual_000938_2025""]",auto,
entity_867566e2599cea41,Metric,合并抵消成本同比增减,合并抵消成本同比增减,"{""metric_name"": ""合并抵消成本同比增减"", ""unit"": ""%"", ""value"": ""25.48%"", ""year"": ""2025""}","[""annual_000938_2025""]",auto,
entity_e001d6993355b58d,Metric,员工总数,员工总数,"{""metric_name"": ""员工总数"", ""unit"": ""人"", ""value"": 16253, ""year"": ""2025""}","[""annual_000938_2025""]",auto,
entity_e79cc5e1b6390348,Metric,商品销售收入,商品销售收入,"{""metric_name"": ""商品销售收入"", ""unit"": ""百万元"", ""value"": 90464, ""year"": 2025}","[""annual_000938_2025""]",auto,
entity_f3e937fe8d5cb498,Metric,商誉原值,商誉原值,"{""metric_name"": ""商誉原值"", ""unit"": ""人民币元"", ""value"": 13991754133.34, ""year"": 2025}","[""annual_000938_2025""]",auto,
entity_9da3d98e54d32c37,Metric,商誉账面价值,商誉账面价值,"{""metric_name"": ""商誉账面价值"", ""unit"": ""元"", ""value"": 32363534770.03, ""year"": 2025}","[""annual_000938_2025""]",auto,
entity_53c4cf00ea8babd4,Metric,国内收入,国内收入,"{""metric_name"": ""国内收入"", ""unit"": ""元"", ""value"": 92037811596.19, ""year"": ""2025""}","[""annual_000938_2025""]",auto,
entity_2b0f1bd227fc8932,Metric,国内收入占比,国内收入占比,"{""metric_name"": ""国内收入占比"", ""unit"": ""%"", ""value"": ""95.13%"", ""year"": ""2025""}","[""annual_000938_2025""]",auto,
entity_401f6aef4cc1f9f1,Metric,国内政企业务营业收入,国内政企业务营业收入,"{""metric_name"": ""国内政企业务营业收入"", ""unit"": ""亿元"", ""value"": 658.46, ""year"": 2025}","[""annual_000938_2025""]",auto,
entity_9b38af19f7e1e5b3,Metric,国内营业收入,国内营业收入,"{""metric_name"": ""国内营业收入"", ""unit"": ""元"", ""value"": 92037811596.19, ""year"": 2025}","[""annual_000938_2025""]",auto,
entity_bee4d3ddd9eebf73,Metric,国外收入,国外收入,"{""metric_name"": ""国外收入"", ""unit"": ""元"", ""value"": 4710527747.84, ""year"": ""2025""}","[""annual_000938_2025""]",auto,
entity_8a93253d54c92b7d,Metric,国外收入占比,国外收入占比,"{""metric_name"": ""国外收入占比"", ""unit"": ""%"", ""value"": ""4.87%"", ""year"": ""2025""}","[""annual_000938_2025""]",auto,
entity_3e71f93d02af09b0,Metric,国外营业收入,国外营业收入,"{""metric_name"": ""国外营业收入"", ""unit"": ""元"", ""value"": 4710527747.84, ""year"": 2025}","[""annual_000938_2025""]",auto,
entity_445d20631db02802,Metric,国际业务营业收入,国际业务营业收入,"{""metric_name"": ""国际业务营业收入"", ""unit"": ""亿元"", ""value"": 46.2, ""year"": 2025}","[""annual_000938_2025""]",auto,
entity_1eccf35a72fe0135,Metric,土地使用权摊销年限,土地使用权摊销年限,"{""metric_name"": ""土地使用权摊销年限"", ""unit"": ""年"", ""value"": ""32-50年""}","[""annual_000938_2025""]",auto,
entity_52809494b59e7bdc,Metric,在产品账面余额,在产品账面余额,"{""metric_name"": ""在产品账面余额"", ""unit"": ""人民币元"", ""value"": 1321732452.44, ""year"": 2025}","[""annual_000938_2025""]",auto,
entity_12227e5d0aea6249,Metric,在建工程账面余额,在建工程账面余额,"{""metric_name"": ""在建工程账面余额"", ""unit"": ""人民币元"", ""value"": 573184168.51, ""year"": 2025}","[""annual_000938_2025""]",auto,
entity_a07180b941659d76,Metric,在某一时段内转让收入,在某一时段内转让收入,"{""metric_name"": ""在某一时段内转让收入"", ""unit"": ""元"", ""value"": 2757592887.41, ""year"": ""2025""}","[""annual_000938_2025""]",auto,
entity_d90c2db9c203a1b6,Metric,在某一时点转让收入,在某一时点转让收入,"{""metric_name"": ""在某一时点转让收入"", ""unit"": ""元"", ""value"": 63132210915.38, ""year"": ""2025""}","[""annual_000938_2025""]",auto,
entity_01b3209afb069919,Metric,在途物资账面余额,在途物资账面余额,"{""metric_name"": ""在途物资账面余额"", ""unit"": ""人民币元"", ""value"": 383362003.61, ""year"": 2025}","[""annual_000938_2025""]",auto,
entity_54ac75c7ff159214,Metric,基本每股收益,基本每股收益,"{""metric_name"": ""基本每股收益"", ""unit"": ""元/股"", ""value"": ""0.5893"", ""year"": ""2025""}","[""annual_000938_2025""]",auto,
entity_8fddf5e338aec2e2,Metric,大专以下学历员工数量,大专以下学历员工数量,"{""metric_name"": ""大专以下学历员工数量"", ""unit"": ""人"", ""value"": 303, ""year"": ""2025""}","[""annual_000938_2025""]",auto,
entity_ebd1999d7e2d9cfd,Metric,大专及以下人数,大专及以下人数,"{""metric_name"": ""大专及以下人数"", ""unit"": ""人"", ""value"": 55, ""year"": ""2025""}","[""annual_000938_2025""]",auto,
entity_514ac8f53813a281,Metric,大专学历员工数量,大专学历员工数量,"{""metric_name"": ""大专学历员工数量"", ""unit"": ""人"", ""value"": 922, ""year"": ""2025""}","[""annual_000938_2025""]",auto,
entity_d1685ead900630b5,Metric,委托理财余额,委托理财余额,"{""metric_name"": ""报告期内委托理财的余额"", ""unit"": ""万元"", ""value"": ""54809.27"", ""year"": ""2025""}","[""annual_000938_2025""]",auto,
entity_799517e1307001d7,Metric,存储性能提升,存储性能提升,"{""metric_name"": ""存储性能提升"", ""unit"": ""%"", ""value"": ""100%""}","[""annual_000938_2025""]",auto,
entity_3aabc69944e86f46,Metric,存货账面价值,存货账面价值,"{""metric_name"": ""存货账面价值"", ""unit"": ""人民币元"", ""value"": 43568469509.65, ""year"": 2025}","[""annual_000938_2025""]",auto,
entity_8535d86053c29ad3,Metric,存货账面余额,存货账面余额,"{""metric_name"": ""存货账面余额"", ""unit"": ""人民币元"", ""value"": 45675692136.15, ""year"": 2025}","[""annual_000938_2025""]",auto,
entity_e19c5d1d9dc52592,Metric,存货跌价准备,存货跌价准备,"{""metric_name"": ""存货跌价准备"", ""unit"": ""人民币元"", ""value"": 2107222626.5, ""year"": 2025}","[""annual_000938_2025""]",auto,
entity_fa1a74752da6543e,Metric,存货跌价准备本年计提,存货跌价准备本年计提,"{""metric_name"": ""存货跌价准备本年计提"", ""unit"": ""人民币元"", ""value"": 662464130.87, ""year"": 2025}","[""annual_000938_2025""]",auto,
entity_62a2ea885e873f4a,Metric,存货跌价准备本年转回或转销,存货跌价准备本年转回或转销,"{""metric_name"": ""存货跌价准备本年转回或转销"", ""unit"": ""人民币元"", ""value"": 478795127.17, ""year"": 2025}","[""annual_000938_2025""]",auto,
entity_d4030959235bea90,Metric,年复合增长率,年复合增长率,"{""metric_name"": ""年复合增长率"", ""unit"": ""%"", ""value"": 17.7, ""year"": ""2024-2029""}","[""annual_000938_2025""]",auto,
entity_2422099f7705d10d,Metric,年末未分配利润_2025,年末未分配利润_2025,"{""metric_name"": ""年末未分配利润"", ""unit"": ""元"", ""value"": 11851463090.98, ""year"": 2025}","[""annual_000938_2025""]",auto,
entity_59fc4d21601c0a9f,Metric,库存商品及发出商品账面余额,库存商品及发出商品账面余额,"{""metric_name"": ""库存商品及发出商品账面余额"", ""unit"": ""人民币元"", ""value"": 26292841279.59, ""year"": 2025}","[""annual_000938_2025""]",auto,
entity_057acb70b0ab46f3,Metric,库存商品跌价准备计提比例,库存商品跌价准备计提比例,"{""metric_name"": ""库存商品跌价准备计提比例"", ""unit"": ""%"", ""value"": 41.45, ""year"": 2025}","[""annual_000938_2025""]",auto,
entity_1fa8185e61b4b933,Metric,库存量,库存量,"{""metric_name"": ""库存量"", ""unit"": ""元"", ""value"": ""45,675,692,136.15"", ""year"": ""2025""}","[""annual_000938_2025""]",auto,
entity_9db07468984ce231,Metric,库存量_2024,库存量_2024,"{""metric_name"": ""库存量"", ""unit"": ""元"", ""value"": ""38,770,238,144.36"", ""year"": ""2024""}","[""annual_000938_2025""]",auto,
entity_a4b8197ee056bf58,Metric,库存量同比增减,库存量同比增减,"{""metric_name"": ""库存量同比增减"", ""unit"": ""%"", ""value"": ""17.81%"", ""year"": ""2025""}","[""annual_000938_2025""]",auto,
entity_75c288b53c2b1ea9,Metric,应付普通股现金股利_2025,应付普通股现金股利_2025,"{""metric_name"": ""应付普通股现金股利"", ""unit"": ""元"", ""value"": 214505990.55, ""year"": 2025}","[""annual_000938_2025""]",auto,
entity_0b4bb12eb9e8468f,Metric,应付账款余额,应付账款余额,"{""metric_name"": ""应付账款余额"", ""unit"": ""人民币元"", ""value"": 16422705366.22, ""year"": 2025}","[""annual_000938_2025""]",auto,
entity_f20e684b4666ee76,Metric,归属于上市公司股东的净利润,归属于上市公司股东的净利润,"{""metric_name"": ""归属于上市公司股东的净利润"", ""unit"": ""元"", ""value"": ""1,685,521,754.82"", ""year"": ""2025""}","[""annual_000938_2025""]",auto,
entity_6da19b3844599345,Metric,归属于上市公司股东的净利润同比增长率,归属于上市公司股东的净利润同比增长率,"{""metric_name"": ""归属于上市公司股东的净利润同比增长率"", ""unit"": ""%"", ""value"": 7.19, ""year"": 2025}","[""annual_000938_2025""]",auto,
entity_c7e65411ce57f4c1,Metric,归属于上市公司股东的净资产,归属于上市公司股东的净资产,"{""metric_name"": ""归属于上市公司股东的净资产"", ""unit"": ""元"", ""value"": ""14,746,558,737.20"", ""year"": ""2025""}","[""annual_000938_2025""]",auto,
entity_13b359cf39ae8321,Metric,归属于上市公司股东的扣除非经常性损益的净利润,归属于上市公司股东的扣除非经常性损益的净利润,"{""metric_name"": ""归属于上市公司股东的扣除非经常性损益的净利润"", ""unit"": ""元"", ""value"": ""1,634,660,607.17"", ""year"": ""2025""}","[""annual_000938_2025""]",auto,
entity_a4152a650b67884a,Metric,归属于本公司普通股股东的当期净利润,归属于本公司普通股股东的当期净利润,"{""metric_name"": ""归属于本公司普通股股东的当期净利润"", ""unit"": ""元"", ""value"": ""1685521754.82"", ""year"": ""2025""}","[""annual_000938_2025""]",auto,
entity_96f96b83e167de66,Metric,归属于母公司所有者净利润,归属于母公司所有者净利润,"{""metric_name"": ""归属于母公司所有者净利润"", ""unit"": ""元"", ""value"": ""3,151,488,963.87"", ""year"": ""2025""}","[""annual_000938_2025""]",auto,
entity_3a79a82f5b4f8c1f,Metric,归属于母公司股东的净利润,归属于母公司股东的净利润,"{""metric_name"": ""归属于母公司股东的净利润"", ""unit"": ""人民币元"", ""value"": 1685521754.82, ""year"": 2025}","[""annual_000938_2025""]",auto,
entity_f66b091e0115c420,Metric,归属于母公司股东的净利润_2024,归属于母公司股东的净利润_2024,"{""metric_name"": ""归属于母公司股东的净利润"", ""unit"": ""元"", ""value"": 1572434477.25, ""year"": 2024}","[""annual_000938_2025""]",auto,
entity_0c909e72c7cb5810,Metric,归属于母公司股东的净利润_2025,归属于母公司股东的净利润_2025,"{""metric_name"": ""归属于母公司股东的净利润"", ""unit"": ""元"", ""value"": 1685521754.82, ""year"": 2025}","[""annual_000938_2025""]",auto,
entity_46de3cb580bcb7a7,Metric,归母净利润,归母净利润,"{""metric_name"": ""归属于上市公司股东的净利润"", ""unit"": ""亿元"", ""value"": 16.86, ""year"": 2025}","[""annual_000938_2025""]",auto,
entity_094ee624f4fbfc44,Metric,归母净利润同比增长率,归母净利润同比增长率,"{""metric_name"": ""归属于上市公司股东的净利润同比增长率"", ""unit"": ""%"", ""value"": 7.19, ""year"": 2025}","[""annual_000938_2025""]",auto,
entity_64293e905fdd3503,Metric,待执行亏损合同预计负债,待执行亏损合同预计负债,"{""metric_name"": ""待执行亏损合同预计负债"", ""unit"": ""元"", ""value"": 8792388.42, ""year"": 2025}","[""annual_000938_2025""]",auto,
entity_2ae84806708c14a5,Metric,总资产,总资产,"{""metric_name"": ""总资产"", ""unit"": ""元"", ""value"": ""96,323,416,301.66"", ""year"": ""2025""}","[""annual_000938_2025""]",auto,
entity_0d4749c05d400335,Metric,所得税费用_2024,所得税费用_2024,"{""metric_name"": ""所得税费用"", ""unit"": ""人民币元"", ""value"": 244676363.64, ""year"": 2024}","[""annual_000938_2025""]",auto,
entity_74e647b837df9eef,Metric,所得税费用_2025,所得税费用_2025,"{""metric_name"": ""所得税费用"", ""unit"": ""人民币元"", ""value"": 203462452.14, ""year"": 2025}","[""annual_000938_2025""]",auto,
entity_73fa04930f521795,Metric,扣非归母净利润,扣非归母净利润,"{""metric_name"": ""归属于上市公司股东的扣除非经常性损益的净利润"", ""unit"": ""亿元"", ""value"": 16.35, ""year"": 2025}","[""annual_000938_2025""]",auto,
entity_4475343e466a4c62,Metric,扣非归母净利润同比增长率,扣非归母净利润同比增长率,"{""metric_name"": ""归属于上市公司股东的扣除非经常性损益的净利润同比增长率"", ""unit"": ""%"", ""value"": 12.26, ""year"": 2025}","[""annual_000938_2025""]",auto,
entity_df289351ea74dd6e,Metric,技术人员数量,技术人员数量,"{""metric_name"": ""技术人员数量"", ""unit"": ""人"", ""value"": 9213, ""year"": ""2025""}","[""annual_000938_2025""]",auto,
entity_54e3bcc973825430,Metric,投资活动产生的现金流量净额,投资活动产生的现金流量净额,"{""metric_name"": ""投资活动产生的现金流量净额"", ""unit"": ""元"", ""value"": ""-529,638,577.47"", ""year"": ""2025""}","[""annual_000938_2025""]",auto,
entity_ca4de727f4c61203,Metric,投资活动产生的现金流量净额_2024,投资活动产生的现金流量净额_2024,"{""metric_name"": ""投资活动产生的现金流量净额"", ""unit"": ""元"", ""value"": ""-358,306,841.57"", ""year"": ""2024""}","[""annual_000938_2025""]",auto,
entity_1ed5d91a71a682e7,Metric,投资活动现金流入小计,投资活动现金流入小计,"{""metric_name"": ""投资活动现金流入小计"", ""unit"": ""元"", ""value"": ""2,441,674,396.86"", ""year"": ""2025""}","[""annual_000938_2025""]",auto,
entity_0ef5f39a6b35bb4b,Metric,投资活动现金流入小计_2024,投资活动现金流入小计_2024,"{""metric_name"": ""投资活动现金流入小计"", ""unit"": ""元"", ""value"": ""2,405,544,346.67"", ""year"": ""2024""}","[""annual_000938_2025""]",auto,
entity_63b6f448e1fd1fb5,Metric,投资活动现金流出小计,投资活动现金流出小计,"{""metric_name"": ""投资活动现金流出小计"", ""unit"": ""元"", ""value"": ""2,971,312,974.33"", ""year"": ""2025""}","[""annual_000938_2025""]",auto,
entity_6289700284044f15,Metric,投资活动现金流出小计_2024,投资活动现金流出小计_2024,"{""metric_name"": ""投资活动现金流出小计"", ""unit"": ""元"", ""value"": ""2,763,851,188.24"", ""year"": ""2024""}","[""annual_000938_2025""]",auto,
entity_f1c2bcf1aa57c42a,Metric,提供服务收入,提供服务收入,"{""metric_name"": ""提供服务收入"", ""unit"": ""元"", ""value"": 3487114952.88, ""year"": ""2025""}","[""annual_000938_2025""]",auto,
entity_c262d671b1d6bb16,Metric,提取法定盈余公积_2025,提取法定盈余公积_2025,"{""metric_name"": ""提取法定盈余公积"", ""unit"": ""元"", ""value"": 22232017.09, ""year"": 2025}","[""annual_000938_2025""]",auto,
entity_29f63f7c571cf966,Metric,支付其他与经营活动有关的现金_2024,支付其他与经营活动有关的现金_2024,"{""metric_name"": ""支付其他与经营活动有关的现金"", ""unit"": ""人民币元"", ""value"": 2730695156.02, ""year"": 2024}","[""annual_000938_2025""]",auto,
entity_0c41942a5fd4c970,Metric,支付其他与经营活动有关的现金_2025,支付其他与经营活动有关的现金_2025,"{""metric_name"": ""支付其他与经营活动有关的现金"", ""unit"": ""人民币元"", ""value"": 3052872554.29, ""year"": 2025}","[""annual_000938_2025""]",auto,
entity_2d0e8778a81f11ee,Metric,支付重要的投资活动有关的现金_2024,支付重要的投资活动有关的现金_2024,"{""metric_name"": ""支付重要的投资活动有关的现金"", ""unit"": ""人民币元"", ""value"": 2618739688.24, ""year"": 2024}","[""annual_000938_2025""]",auto,
entity_bbb435faeb42c706,Metric,支付重要的投资活动有关的现金_2025,支付重要的投资活动有关的现金_2025,"{""metric_name"": ""支付重要的投资活动有关的现金"", ""unit"": ""人民币元"", ""value"": 2497187768.01, ""year"": 2025}","[""annual_000938_2025""]",auto,
entity_76e9527dc36941fd,Metric,收到其他与经营活动有关的现金_2024,收到其他与经营活动有关的现金_2024,"{""metric_name"": ""收到其他与经营活动有关的现金"", ""unit"": ""人民币元"", ""value"": 1160050413.36, ""year"": 2024}","[""annual_000938_2025""]",auto,
entity_63fee66af518cd70,Metric,收到其他与经营活动有关的现金_2025,收到其他与经营活动有关的现金_2025,"{""metric_name"": ""收到其他与经营活动有关的现金"", ""unit"": ""人民币元"", ""value"": 1096697822.61, ""year"": 2025}","[""annual_000938_2025""]",auto,
entity_ae79bad93bf00939,Metric,收到重要的投资活动有关的现金_2024,收到重要的投资活动有关的现金_2024,"{""metric_name"": ""收到重要的投资活动有关的现金"", ""unit"": ""人民币元"", ""value"": 2198600000.0, ""year"": 2024}","[""annual_000938_2025""]",auto,
entity_4c10cfb1b27976e0,Metric,收到重要的投资活动有关的现金_2025,收到重要的投资活动有关的现金_2025,"{""metric_name"": ""收到重要的投资活动有关的现金"", ""unit"": ""人民币元"", ""value"": 1947679371.09, ""year"": 2025}","[""annual_000938_2025""]",auto,
entity_716cd6d5bfa73ca7,Metric,新华三净利润,新华三净利润,"{""metric_name"": ""新华三净利润"", ""unit"": ""亿元"", ""value"": 31.51, ""year"": 2025}","[""annual_000938_2025""]",auto,
entity_4c961ee07e5d3ed8,Metric,新华三营业收入,新华三营业收入,"{""metric_name"": ""新华三营业收入"", ""unit"": ""亿元"", ""value"": 759.81, ""year"": 2025}","[""annual_000938_2025""]",auto,
entity_70e60eec5469ab9d,Metric,新建连接性能提升,新建连接性能提升,"{""metric_name"": ""新建连接性能提升"", ""unit"": ""%"", ""value"": ""160%"", ""year"": ""2025""}","[""annual_000938_2025""]",auto,
entity_134ce9450577e223,Metric,无形资产使用寿命,无形资产使用寿命,"{""metric_name"": ""无形资产使用寿命"", ""unit"": ""年"", ""value"": ""2-10年""}","[""annual_000938_2025""]",auto,
entity_628f04c8c7928dbe,Metric,期末投资金额占公司报告期末净资产比例,期末投资金额占公司报告期末净资产比例,"{""metric_name"": ""期末投资金额占公司报告期末净资产比例"", ""unit"": ""%"", ""value"": ""31.65%"", ""year"": ""报告期末""}","[""annual_000938_2025""]",auto,
entity_3c38d4be46488f98,Metric,未决诉讼预计负债,未决诉讼预计负债,"{""metric_name"": ""未决诉讼预计负债"", ""unit"": ""元"", ""value"": 1980413.58, ""year"": 2025}","[""annual_000938_2025""]",auto,
entity_c3fd4e5e93f0dc3d,Metric,本科人数,本科人数,"{""metric_name"": ""本科人数"", ""unit"": ""人"", ""value"": 3302, ""year"": ""2025""}","[""annual_000938_2025""]",auto,
entity_b15bc41940af3df8,Metric,本科学历员工数量,本科学历员工数量,"{""metric_name"": ""本科学历员工数量"", ""unit"": ""人"", ""value"": 10245, ""year"": ""2025""}","[""annual_000938_2025""]",auto,
entity_670721fcb2b82d4c,Metric,杠杆率,杠杆率,"{""metric_name"": ""杠杆率"", ""unit"": ""倍"", ""value"": ""不超过6.5倍"", ""year"": 2025}","[""annual_000938_2025""]",auto,
entity_60d96f3ff5a4823f,Metric,毛利率,毛利率,"{""metric_name"": ""毛利率"", ""unit"": ""%"", ""value"": ""14.59%"", ""year"": ""2025""}","[""annual_000938_2025""]",auto,
entity_601e82c49f6aee2f,Metric,毛利率比上年同期增减,毛利率比上年同期增减,"{""metric_name"": ""毛利率比上年同期增减"", ""unit"": ""%"", ""value"": ""-2.80%"", ""year"": ""2025""}","[""annual_000938_2025""]",auto,
entity_0bff95c97a78c259,Metric,现金及现金等价物净增加额,现金及现金等价物净增加额,"{""metric_name"": ""现金及现金等价物净增加额"", ""unit"": ""元"", ""value"": ""1,257,789,188.27"", ""year"": ""2025""}","[""annual_000938_2025""]",auto,
entity_9111246dc139dd7a,Metric,现金及现金等价物净增加额_2024,现金及现金等价物净增加额_2024,"{""metric_name"": ""现金及现金等价物净增加额"", ""unit"": ""元"", ""value"": ""-7,202,893,196.67"", ""year"": ""2024""}","[""annual_000938_2025""]",auto,
entity_6d6567105d2bed73,Metric,直销营业收入,直销营业收入,"{""metric_name"": ""直销营业收入"", ""unit"": ""元"", ""value"": 48566509801.63, ""year"": 2025}","[""annual_000938_2025""]",auto,
entity_56162b2fc36a698c,Metric,研发人员数量,研发人员数量,"{""metric_name"": ""研发人员数量"", ""unit"": ""人"", ""value"": ""待补充"", ""year"": ""2025""}","[""annual_000938_2025""]",auto,
entity_2e5147226caf170b,Metric,研发人员数量占公司总人数的比例,研发人员数量占公司总人数的比例,"{""metric_name"": ""研发人员数量占公司总人数的比例"", ""unit"": ""%"", ""value"": ""待补充"", ""year"": ""2025""}","[""annual_000938_2025""]",auto,
entity_057e91fdf8b2f6d0,Metric,研发人员数量占比,研发人员数量占比,"{""metric_name"": ""研发人员数量占比"", ""unit"": ""%"", ""value"": ""37.89%"", ""year"": ""2025""}","[""annual_000938_2025""]",auto,
entity_ca69ae1a6dbbf787,Metric,研发人员数量占比变动比例,研发人员数量占比变动比例,"{""metric_name"": ""研发人员数量占比变动比例"", ""unit"": ""%"", ""value"": ""-2.14%"", ""year"": ""2025""}","[""annual_000938_2025""]",auto,
entity_f9890333c8770257,Metric,研发人员数量变动比例,研发人员数量变动比例,"{""metric_name"": ""研发人员数量变动比例"", ""unit"": ""%"", ""value"": ""-10.76%"", ""year"": ""2025""}","[""annual_000938_2025""]",auto,
entity_a4b26f504db334fc,Metric,研发投入,研发投入,"{""metric_name"": ""研发投入"", ""year"": ""2025""}","[""annual_000938_2025""]",auto,
entity_f4e28c6c76e5c405,Metric,研发投入占营业收入比例,研发投入占营业收入比例,"{""metric_name"": ""研发投入占营业收入比例"", ""unit"": ""%"", ""value"": ""待补充"", ""year"": ""2025""}","[""annual_000938_2025""]",auto,
entity_15f05c10593405f9,Metric,研发投入资本化的金额,研发投入资本化的金额,"{""metric_name"": ""研发投入资本化的金额"", ""unit"": ""元"", ""value"": ""--"", ""year"": ""2025""}","[""annual_000938_2025""]",auto,
entity_b0d5629370ce7502,Metric,研发投入金额,研发投入金额,"{""metric_name"": ""研发投入金额"", ""unit"": ""元"", ""value"": ""待补充"", ""year"": ""2025""}","[""annual_000938_2025""]",auto,
entity_3d3528f16d54a180,Metric,研发费用_2024,研发费用_2024,"{""metric_name"": ""研发费用"", ""unit"": ""元"", ""value"": ""5,101,818,089.81"", ""year"": ""2024""}","[""annual_000938_2025""]",auto,
entity_1cc45b6cb27af01c,Metric,研发费用_2025,研发费用_2025,"{""metric_name"": ""研发费用"", ""unit"": ""元"", ""value"": ""4,952,674,806.36"", ""year"": ""2025""}","[""annual_000938_2025""]",auto,
entity_d6804351bf102f03,Metric,研发费用同比增减,研发费用同比增减,"{""metric_name"": ""研发费用同比增减"", ""unit"": ""%"", ""value"": ""-2.92%"", ""year"": ""2025""}","[""annual_000938_2025""]",auto,
entity_e55699a3d2099026,Metric,硕士人数,硕士人数,"{""metric_name"": ""硕士人数"", ""unit"": ""人"", ""value"": 2779, ""year"": ""2025""}","[""annual_000938_2025""]",auto,
entity_af1e20ad3c88ff94,Metric,硕士及以上学历员工数量,硕士及以上学历员工数量,"{""metric_name"": ""硕士及以上学历员工数量"", ""unit"": ""人"", ""value"": 4783, ""year"": ""2025""}","[""annual_000938_2025""]",auto,
entity_e9df11d1f64f3201,Metric,稀释每股收益,稀释每股收益,"{""metric_name"": ""稀释每股收益"", ""unit"": ""元/股"", ""value"": ""0.5893"", ""year"": ""2025""}","[""annual_000938_2025""]",auto,
entity_5638128825287317,Metric,税前折现率,税前折现率,"{""metric_name"": ""税前折现率"", ""unit"": ""%"", ""value"": 12.8, ""year"": 2025}","[""annual_000938_2025""]",auto,
entity_6eeb8492e7e19d38,Metric,稳定期增长率,稳定期增长率,"{""metric_name"": ""稳定期增长率"", ""unit"": ""%"", ""value"": 1, ""year"": 2025}","[""annual_000938_2025""]",auto,
entity_81fcac36e10684ad,Metric,稳定期毛利率,稳定期毛利率,"{""metric_name"": ""稳定期毛利率"", ""unit"": ""%"", ""value"": 14.8, ""year"": 2025}","[""annual_000938_2025""]",auto,
entity_c8518c1f4c128f6e,Metric,筹资活动产生的现金流量净额,筹资活动产生的现金流量净额,"{""metric_name"": ""筹资活动产生的现金流量净额"", ""unit"": ""元"", ""value"": ""-1,648,941,227.82"", ""year"": ""2025""}","[""annual_000938_2025""]",auto,
entity_a9f810f5431b5cc6,Metric,筹资活动产生的现金流量净额_2024,筹资活动产生的现金流量净额_2024,"{""metric_name"": ""筹资活动产生的现金流量净额"", ""unit"": ""元"", ""value"": ""-9,286,205,948.31"", ""year"": ""2024""}","[""annual_000938_2025""]",auto,
entity_4b2987e31543756e,Metric,筹资活动现金流入小计,筹资活动现金流入小计,"{""metric_name"": ""筹资活动现金流入小计"", ""unit"": ""元"", ""value"": ""14,112,370,561.15"", ""year"": ""2025""}","[""annual_000938_2025""]",auto,
entity_25f5527f08ec7c4c,Metric,筹资活动现金流入小计_2024,筹资活动现金流入小计_2024,"{""metric_name"": ""筹资活动现金流入小计"", ""unit"": ""元"", ""value"": ""21,561,923,063.67"", ""year"": ""2024""}","[""annual_000938_2025""]",auto,
entity_e6f61eb7fbd69cf2,Metric,筹资活动现金流出小计,筹资活动现金流出小计,"{""metric_name"": ""筹资活动现金流出小计"", ""unit"": ""元"", ""value"": ""15,761,311,788.97"", ""year"": ""2025""}","[""annual_000938_2025""]",auto,
entity_4b2e10f5c83983af,Metric,筹资活动现金流出小计_2024,筹资活动现金流出小计_2024,"{""metric_name"": ""筹资活动现金流出小计"", ""unit"": ""元"", ""value"": ""30,848,129,011.98"", ""year"": ""2024""}","[""annual_000938_2025""]",auto,
entity_f0ecb4870337d847,Metric,管理及其他人员数量,管理及其他人员数量,"{""metric_name"": ""管理及其他人员数量"", ""unit"": ""人"", ""value"": 1522, ""year"": ""2025""}","[""annual_000938_2025""]",auto,
entity_f6476731720917d2,Metric,管理费用_2024,管理费用_2024,"{""metric_name"": ""管理费用"", ""unit"": ""元"", ""value"": ""1,026,596,617.18"", ""year"": ""2024""}","[""annual_000938_2025""]",auto,
entity_9ea0b3c5cc917cc7,Metric,管理费用_2025,管理费用_2025,"{""metric_name"": ""管理费用"", ""unit"": ""元"", ""value"": ""1,165,580,958.30"", ""year"": ""2025""}","[""annual_000938_2025""]",auto,
entity_4d672055b5d5cea9,Metric,管理费用同比增减,管理费用同比增减,"{""metric_name"": ""管理费用同比增减"", ""unit"": ""%"", ""value"": ""13.54%"", ""year"": ""2025""}","[""annual_000938_2025""]",auto,
entity_9f74a66672d40819,Metric,经营活动产生的现金流量净额,经营活动产生的现金流量净额,"{""metric_name"": ""经营活动产生的现金流量净额"", ""unit"": ""元"", ""value"": ""3,486,751,492.84"", ""year"": ""2025""}","[""annual_000938_2025""]",auto,
entity_16e587949bdeeb5f,Metric,经营活动产生的现金流量净额_2024,经营活动产生的现金流量净额_2024,"{""metric_name"": ""经营活动产生的现金流量净额"", ""unit"": ""元"", ""value"": ""2,440,755,824.85"", ""year"": ""2024""}","[""annual_000938_2025""]",auto,
entity_32388d646c1a5e2f,Metric,经营活动现金流入小计,经营活动现金流入小计,"{""metric_name"": ""经营活动现金流入小计"", ""unit"": ""元"", ""value"": ""150,195,726,649.72"", ""year"": ""2025""}","[""annual_000938_2025""]",auto,
entity_4140c30dccb31f5c,Metric,经营活动现金流入小计_2024,经营活动现金流入小计_2024,"{""metric_name"": ""经营活动现金流入小计"", ""unit"": ""元"", ""value"": ""110,664,401,923.54"", ""year"": ""2024""}","[""annual_000938_2025""]",auto,
entity_466f1411b8adda3a,Metric,经营活动现金流出小计,经营活动现金流出小计,"{""metric_name"": ""经营活动现金流出小计"", ""unit"": ""元"", ""value"": ""146,708,975,156.88"", ""year"": ""2025""}","[""annual_000938_2025""]",auto,
entity_d520837f04721b9e,Metric,经营活动现金流出小计_2024,经营活动现金流出小计_2024,"{""metric_name"": ""经营活动现金流出小计"", ""unit"": ""元"", ""value"": ""108,223,646,098.69"", ""year"": ""2024""}","[""annual_000938_2025""]",auto,
entity_e85318cf01a3d3c5,Metric,经销营业收入,经销营业收入,"{""metric_name"": ""经销营业收入"", ""unit"": ""元"", ""value"": 48181829542.4, ""year"": 2025}","[""annual_000938_2025""]",auto,
entity_599febe1dbf7211b,Metric,维修备件账面余额,维修备件账面余额,"{""metric_name"": ""维修备件账面余额"", ""unit"": ""人民币元"", ""value"": 1762449181.32, ""year"": 2025}","[""annual_000938_2025""]",auto,
entity_77b2443b01e5a551,Metric,维修备件跌价准备计提比例,维修备件跌价准备计提比例,"{""metric_name"": ""维修备件跌价准备计提比例"", ""unit"": ""%"", ""value"": 28.23, ""year"": 2025}","[""annual_000938_2025""]",auto,
entity_f7e211d22747d887,Metric,营业利润,营业利润,"{""metric_name"": ""营业利润"", ""unit"": ""元"", ""value"": ""3,178,392,688.52"", ""year"": ""2025""}","[""annual_000938_2025""]",auto,
entity_867cc51162fa180b,Metric,营业外支出_2024,营业外支出_2024,"{""metric_name"": ""营业外支出"", ""unit"": ""人民币元"", ""value"": 27867300.41, ""year"": 2024}","[""annual_000938_2025""]",auto,
entity_ea44fb9be9a70763,Metric,营业外支出_2025,营业外支出_2025,"{""metric_name"": ""营业外支出"", ""unit"": ""人民币元"", ""value"": 46697496.63, ""year"": 2025}","[""annual_000938_2025""]",auto,
entity_34b8dee73427d4ad,Metric,营业成本,营业成本,"{""metric_name"": ""营业成本"", ""unit"": ""元"", ""value"": 82631846618.39, ""year"": ""2025""}","[""annual_000938_2025""]",auto,
entity_58f1ffdf2c52ba75,Metric,营业成本_2024,营业成本_2024,"{""metric_name"": ""营业成本"", ""unit"": ""人民币元"", ""value"": 65282115477.87, ""year"": 2024}","[""annual_000938_2025""]",auto,
entity_dd7ea3219b2e13d0,Metric,营业成本_2025,营业成本_2025,"{""metric_name"": ""营业成本"", ""unit"": ""人民币元"", ""value"": 82631846618.39, ""year"": 2025}","[""annual_000938_2025""]",auto,
entity_252f6aa0af09f27b,Metric,营业成本_信息技术业_2024,营业成本_信息技术业_2024,"{""basis"": ""信息技术业"", ""metric_name"": ""营业成本"", ""unit"": ""元"", ""value"": ""65,282,115,477.87"", ""year"": ""2024""}","[""annual_000938_2025""]",auto,
entity_2b639824b37ad95c,Metric,营业成本_信息技术业_2025,营业成本_信息技术业_2025,"{""basis"": ""信息技术业"", ""metric_name"": ""营业成本"", ""unit"": ""元"", ""value"": ""82,631,846,618.39"", ""year"": ""2025""}","[""annual_000938_2025""]",auto,
entity_ef75553dc74d6bf6,Metric,营业成本同比增减_信息技术业_2025,营业成本同比增减_信息技术业_2025,"{""basis"": ""信息技术业"", ""metric_name"": ""营业成本同比增减"", ""unit"": ""%"", ""value"": ""26.58%"", ""year"": ""2025""}","[""annual_000938_2025""]",auto,
entity_0cba0339bb57e594,Metric,营业成本比上年同期增减,营业成本比上年同期增减,"{""metric_name"": ""营业成本比上年同期增减"", ""unit"": ""%"", ""value"": ""26.58%"", ""year"": ""2025""}","[""annual_000938_2025""]",auto,
entity_2fae4f4d1445f17e,Metric,营业收入,营业收入,"{""metric_name"": ""营业收入"", ""unit"": ""元"", ""value"": ""96,748,339,344.03"", ""year"": ""2025""}","[""annual_000938_2025""]",auto,
entity_0ca86b1ac8dc4644,Metric,营业收入_2024,营业收入_2024,"{""metric_name"": ""营业收入"", ""unit"": ""人民币元"", ""value"": 79024078451.16, ""year"": 2024}","[""annual_000938_2025""]",auto,
entity_a671c677930ac772,Metric,营业收入_2025,营业收入_2025,"{""metric_name"": ""营业收入"", ""unit"": ""人民币元"", ""value"": 96748339344.03, ""year"": 2025}","[""annual_000938_2025""]",auto,
entity_55c5a5165505fa31,Metric,营业收入同比增减,营业收入同比增减,"{""metric_name"": ""营业收入同比增减"", ""unit"": ""%"", ""value"": ""22.43%"", ""year"": ""2025""}","[""annual_000938_2025""]",auto,
entity_39e9538b10dd2ebd,Metric,营业收入同比增长率,营业收入同比增长率,"{""metric_name"": ""营业收入同比增长率"", ""unit"": ""%"", ""value"": 22.43, ""year"": 2025}","[""annual_000938_2025""]",auto,
entity_2fd6fd8d8ea51ad7,Metric,营业收入比上年同期增减,营业收入比上年同期增减,"{""metric_name"": ""营业收入比上年同期增减"", ""unit"": ""%"", ""value"": ""22.43%"", ""year"": ""2025""}","[""annual_000938_2025""]",auto,
entity_2e36db1bf7c3161a,Metric,行政人员数量,行政人员数量,"{""metric_name"": ""行政人员数量"", ""unit"": ""人"", ""value"": 291, ""year"": ""2025""}","[""annual_000938_2025""]",auto,
entity_5bbecf2d392330b5,Metric,衍生品投资实际损益金额,衍生品投资实际损益金额,"{""metric_name"": ""衍生品投资实际损益金额"", ""unit"": ""人民币万元"", ""value"": ""1,504.07"", ""year"": ""报告期""}","[""annual_000938_2025""]",auto,
entity_eaf25a7bea02d7e2,Metric,财务人员数量,财务人员数量,"{""metric_name"": ""财务人员数量"", ""unit"": ""人"", ""value"": 273, ""year"": ""2025""}","[""annual_000938_2025""]",auto,
entity_08cf0552b63eb0a6,Metric,财务报告重大缺陷数量,财务报告重大缺陷数量,"{""metric_name"": ""财务报告重大缺陷数量"", ""unit"": ""个"", ""value"": ""0"", ""year"": ""2025""}","[""annual_000938_2025""]",auto,
entity_7605dae0b58dd325,Metric,财务报告重要缺陷数量,财务报告重要缺陷数量,"{""metric_name"": ""财务报告重要缺陷数量"", ""unit"": ""个"", ""value"": ""0"", ""year"": ""2025""}","[""annual_000938_2025""]",auto,
entity_07efb4bc4a72ba0d,Metric,财务费用_2024,财务费用_2024,"{""metric_name"": ""财务费用"", ""unit"": ""元"", ""value"": ""954,291,984.62"", ""year"": ""2024""}","[""annual_000938_2025""]",auto,
entity_a19b91a419b70243,Metric,财务费用_2025,财务费用_2025,"{""metric_name"": ""财务费用"", ""unit"": ""元"", ""value"": ""1,053,051,403.83"", ""year"": ""2025""}","[""annual_000938_2025""]",auto,
entity_714416344a51c779,Metric,财务费用同比增减,财务费用同比增减,"{""metric_name"": ""财务费用同比增减"", ""unit"": ""%"", ""value"": ""10.35%"", ""year"": ""2025""}","[""annual_000938_2025""]",auto,
entity_cc415284a48390a7,Metric,资产负债率,资产负债率,"{""metric_name"": ""资产负债率"", ""unit"": ""%"", ""value"": ""不超过80%"", ""year"": 2025}","[""annual_000938_2025""]",auto,
entity_f7c6da8d82855d6a,Metric,迁移效率提升,迁移效率提升,"{""metric_name"": ""迁移效率提升"", ""unit"": ""%"", ""value"": ""100%以上"", ""year"": ""2025""}","[""annual_000938_2025""]",auto,
entity_d44e6fe854bfdb97,Metric,递延收益年初余额,递延收益年初余额,"{""metric_name"": ""递延收益年初余额"", ""unit"": ""元"", ""value"": 441386563.28, ""year"": 2025}","[""annual_000938_2025""]",auto,
entity_e019b5c4e9b5d373,Metric,递延收益年末余额,递延收益年末余额,"{""metric_name"": ""递延收益年末余额"", ""unit"": ""元"", ""value"": 485976224.25, ""year"": 2025}","[""annual_000938_2025""]",auto,
entity_e3c6c6e3b71db3e8,Metric,递延收益本年减少,递延收益本年减少,"{""metric_name"": ""递延收益本年减少"", ""unit"": ""元"", ""value"": 240940488.14, ""year"": 2025}","[""annual_000938_2025""]",auto,
entity_2893217314fabd8c,Metric,递延收益本年增加,递延收益本年增加,"{""metric_name"": ""递延收益本年增加"", ""unit"": ""元"", ""value"": 285530149.11, ""year"": 2025}","[""annual_000938_2025""]",auto,
entity_3cd88aff254072a2,Metric,采购量,采购量,"{""metric_name"": ""采购量"", ""unit"": ""元"", ""value"": ""92,578,852,756.27"", ""year"": ""2025""}","[""annual_000938_2025""]",auto,
entity_d34e409efdff7b98,Metric,采购量_2024,采购量_2024,"{""metric_name"": ""采购量"", ""unit"": ""元"", ""value"": ""83,786,436,276.40"", ""year"": ""2024""}","[""annual_000938_2025""]",auto,
entity_8932bcf710beec3d,Metric,采购量同比增减,采购量同比增减,"{""metric_name"": ""采购量同比增减"", ""unit"": ""%"", ""value"": ""10.49%"", ""year"": ""2025""}","[""annual_000938_2025""]",auto,
entity_33721aa37752d402,Metric,销售商品收入,销售商品收入,"{""metric_name"": ""销售商品收入"", ""unit"": ""元"", ""value"": 62402688849.91, ""year"": ""2025""}","[""annual_000938_2025""]",auto,
entity_c068df623d411eb7,Metric,销售费用_2024,销售费用_2024,"{""metric_name"": ""销售费用"", ""unit"": ""元"", ""value"": ""4,144,253,287.93"", ""year"": ""2024""}","[""annual_000938_2025""]",auto,
entity_67333c24ccc968a2,Metric,销售费用_2025,销售费用_2025,"{""metric_name"": ""销售费用"", ""unit"": ""元"", ""value"": ""4,052,321,421.66"", ""year"": ""2025""}","[""annual_000938_2025""]",auto,
entity_db5e218dffead779,Metric,销售费用同比增减,销售费用同比增减,"{""metric_name"": ""销售费用同比增减"", ""unit"": ""%"", ""value"": ""-2.22%"", ""year"": ""2025""}","[""annual_000938_2025""]",auto,
entity_a0015362c8c2e469,Metric,销售量,销售量,"{""metric_name"": ""销售量"", ""unit"": ""元"", ""value"": ""96,748,339,344.03"", ""year"": ""2025""}","[""annual_000938_2025""]",auto,
entity_bea8a031682f076d,Metric,销售量_2024,销售量_2024,"{""metric_name"": ""销售量"", ""unit"": ""元"", ""value"": ""79,024,078,451.16"", ""year"": ""2024""}","[""annual_000938_2025""]",auto,
entity_6a0d94b271cc7a94,Metric,销售量同比增减,销售量同比增减,"{""metric_name"": ""销售量同比增减"", ""unit"": ""%"", ""value"": ""22.43%"", ""year"": ""2025""}","[""annual_000938_2025""]",auto,
entity_52afdc3d28b9dfa0,Metric,非财务报告重大缺陷数量,非财务报告重大缺陷数量,"{""metric_name"": ""非财务报告重大缺陷数量"", ""unit"": ""个"", ""value"": ""0"", ""year"": ""2025""}","[""annual_000938_2025""]",auto,
entity_97019b0c91dfb9cf,Metric,非财务报告重要缺陷数量,非财务报告重要缺陷数量,"{""metric_name"": ""非财务报告重要缺陷数量"", ""unit"": ""个"", ""value"": ""0"", ""year"": ""2025""}","[""annual_000938_2025""]",auto,
entity_a545fbad44aee332,Metric,预测期后增长率,预测期后增长率,"{""metric_name"": ""预测期后增长率"", ""unit"": ""%"", ""value"": 1, ""year"": 2025}","[""annual_000938_2025""]",auto,
entity_943e9aa2bdb93e37,Metric,预测期增长率,预测期增长率,"{""metric_name"": ""预测期增长率"", ""unit"": ""%"", ""value"": ""15.1%-16.3%"", ""year"": 2025}","[""annual_000938_2025""]",auto,
entity_cf221e17a1d0d148,Metric,预测期毛利率,预测期毛利率,"{""metric_name"": ""预测期毛利率"", ""unit"": ""%"", ""value"": ""14.8%-15.7%"", ""year"": 2025}","[""annual_000938_2025""]",auto,
entity_1ae2e989275e482e,Metric,预计负债合计,预计负债合计,"{""metric_name"": ""预计负债合计"", ""unit"": ""元"", ""value"": 312027064.45, ""year"": 2025}","[""annual_000938_2025""]",auto,
entity_d781d04d4805715a,Policy,上市公司监管指引第10号——市值管理,上市公司监管指引第10号——市值管理,{},"[""annual_000938_2025""]",auto,
entity_7bdedcbd8665fb26,Policy,乡村全面振兴规划（2024—2027年）,乡村全面振兴规划(2024—2027年),{},"[""annual_000938_2025""]",auto,
entity_fed4cf3b9eda73a7,Policy,人工智能+,人工智能+,{},"[""annual_000938_2025""]",auto,
entity_4ecc210d754e7d24,Policy,企业会计准则第22号——金融工具确认和计量,企业会计准则第22号——金融工具确认和计量,{},"[""annual_000938_2025""]",auto,
entity_77454afbf19066ed,Policy,企业会计准则第24号——套期会计,企业会计准则第24号——套期会计,{},"[""annual_000938_2025""]",auto,
entity_df40eab97181470d,Policy,企业会计准则第37号——金融工具列报,企业会计准则第37号——金融工具列报,{},"[""annual_000938_2025""]",auto,
entity_cd7989c12af0c603,Policy,内部研究开发支出会计政策,内部研究开发支出会计政策,{},"[""annual_000938_2025""]",auto,
entity_419f3a60eccb5a55,Policy,十五五规划,十五五规划,{},"[""annual_000938_2025""]",auto,
entity_c82a6a7c77175f79,Policy,国务院《关于深入实施“人工智能+”行动的意见》,国务院《关于深入实施“人工智能+”行动的意见》,{},"[""annual_000938_2025""]",auto,
entity_a8ba8e5f6732a590,Policy,国家数据局《数字中国建设2025年行动方案》,国家数据局《数字中国建设2025年行动方案》,{},"[""annual_000938_2025""]",auto,
entity_7e8043b97df15aff,Policy,国家级商用密码最高认证,国家级商用密码最高认证,{},"[""annual_000938_2025""]",auto,
entity_da39a15171cff858,Policy,工业和信息化部《工业互联网和人工智能融合赋能行动方案》,工业和信息化部《工业互联网和人工智能融合赋能行动方案》,{},"[""annual_000938_2025""]",auto,
entity_ed7205acc3807ef0,Policy,研发费用加计扣除政策,研发费用加计扣除政策,{},"[""annual_000938_2025""]",auto,
entity_3e6da4ceb06a7f62,Policy,财政部 税务总局公告2023年第12号,财政部税务总局公告2023年第12号,{},"[""annual_000938_2025""]",auto,
entity_6331fd6fe8d33e13,Policy,质量回报双提升行动方案,质量回报双提升行动方案,{},"[""annual_000938_2025""]",auto,
entity_dcb82dbed0578705,Product,"2,000公里无中继光路由方案","2,000公里无中继光路由方案",{},"[""annual_000938_2025""]",auto,
entity_70c1d570f5261175,Product,51.2T CPO硅光数据中心交换机,51.2tcpo硅光数据中心交换机,{},"[""annual_000938_2025""]",auto,
entity_2aa8b97479cb3b80,Product,800G国芯智算交换机,800g国芯智算交换机,{},"[""annual_000938_2025""]",auto,
entity_2c2d527838c263d3,Product,AI 安全系列智能体,ai安全系列智能体,{},"[""annual_000938_2025""]",auto,
entity_b36a3cdc0b4665d5,Product,AI工作站,ai工作站,{},"[""annual_000938_2025""]",auto,
entity_ef92e362a0f6746e,Product,AI 数据平台解决方案,ai数据平台解决方案,{},"[""annual_000938_2025""]",auto,
entity_d41ce28e48170c5c,Product,CAS虚拟化产品,cas虚拟化产品,{},"[""annual_000938_2025""]",auto,
entity_26a056fbff28d1f5,Product,Cloudnet云管,cloudnet云管,{},"[""annual_000938_2025""]",auto,
entity_7754d4211b4a12e3,Product,CloudOS 7.0,cloudos7.0,{},"[""annual_000938_2025""]",auto,
entity_d06356bf7638ee89,Product,CloudOS 7.0 云操作系统,cloudos7.0云操作系统,{},"[""annual_000938_2025""]",auto,
entity_1aea9f361b6c8b34,Product,DDC架构新一代无损网络解决方案,ddc架构新一代无损网络解决方案,{},"[""annual_000938_2025""]",auto,
entity_f5e18a1fded19740,Product,G-Flow 油类浸没液冷,g-flow油类浸没液冷,{},"[""annual_000938_2025""]",auto,
entity_a965804258d36235,Product,H3C UniPoD S80000超节点,h3cunipods80000超节点,{},"[""annual_000938_2025""]",auto,
entity_fb24bc683841cf3e,Product,H3C UniPoD S80000 超节点产品,h3cunipods80000超节点产品,{},"[""annual_000938_2025""]",auto,
entity_37798e8566a357cb,Product,H3C UniServer G7系列模块化服务器,h3cuniserverg7系列模块化服务器,{},"[""annual_000938_2025""]",auto,
entity_cdc09f755bc3a00b,Product,H3C UniStor Polaris X20000 系列,h3cunistorpolarisx20000系列,{},"[""annual_000938_2025""]",auto,
entity_5f2772e812fb4a0f,Product,H3C商标,h3c商标,{},"[""annual_000938_2025""]",auto,
entity_efe613e513aa5797,Product,H3C绿洲平台,h3c绿洲平台,{},"[""annual_000938_2025""]",auto,
entity_eedae0b30038d0d1,Product,ICT产品,ict产品,{},"[""annual_000938_2025""]",auto,
entity_0b86d4f0d9bc802a,Product,ICT基础设施,ict基础设施,{},"[""annual_000938_2025""]",auto,
entity_21ec1c4b74cb8437,Product,ICT基础设施与服务,ict基础设施与服务,{},"[""annual_000938_2025""]",auto,
entity_b77822f19a2776cc,Product,IT产品分销与供应链服务,it产品分销与供应链服务,{},"[""annual_000938_2025""]",auto,
entity_50008ea16cf2ea3c,Product,LinSeer Cube 大模型一体机,linseercube大模型一体机,{},"[""annual_000938_2025""]",auto,
entity_3e7b1da69c79902c,Product,LinSeer ICT 智能体,linseerict智能体,{},"[""annual_000938_2025""]",auto,
entity_5e4c76a099084fc1,Product,LinSeer MegaCube AI 一体机,linseermegacubeai一体机,{},"[""annual_000938_2025""]",auto,
entity_a95efdf7672485b7,Product,MegaBook 双系统平板,megabook双系统平板,{},"[""annual_000938_2025""]",auto,
entity_ad0e6c50133c9c70,Product,PON,pon,{},"[""annual_000938_2025""]",auto,
entity_3d34c497d50ad846,Product,SD-WAN 智能路由器,sd-wan智能路由器,{},"[""annual_000938_2025""]",auto,
entity_3725c6b3deb79176,Product,SDN,sdn,{},"[""annual_000938_2025""]",auto,
entity_ba3c585b819c4038,Product,UTM防火墙,utm防火墙,{},"[""annual_000938_2025""]",auto,
entity_0e7553467b935674,Product,Wi-Fi 7 新产品,wi-fi7新产品,{},"[""annual_000938_2025""]",auto,
entity_41c2e738577f6322,Product,WLAN,wlan,{},"[""annual_000938_2025""]",auto,
entity_544ae73f7c62b938,Product,X86服务器,x86服务器,{},"[""annual_000938_2025""]",auto,
entity_3c52f731ca5381d5,Product,一站式数字化解决方案,一站式数字化解决方案,{},"[""annual_000938_2025""]",auto,
entity_15068077d48ebf2e,Product,下一代存储,下一代存储,{},"[""annual_000938_2025""]",auto,
entity_e83e6747ae0fef11,Product,下一代存储升级开发项目,下一代存储升级开发项目,{},"[""annual_000938_2025""]",auto,
entity_c73cacb062cb2f93,Product,业务感知与分析方案,业务感知与分析方案,{},"[""annual_000938_2025""]",auto,
entity_ca92464b0cd8c34e,Product,云与智能平台,云与智能平台,{},"[""annual_000938_2025""]",auto,
entity_3f65321078a017b8,Product,云安全,云安全,{},"[""annual_000938_2025""]",auto,
entity_22b09b3707094f1d,Product,云操作系统,云操作系统,{},"[""annual_000938_2025""]",auto,
entity_0eef9c389590481e,Product,云网安一体化解决方案,云网安一体化解决方案,{},"[""annual_000938_2025""]",auto,
entity_88a31ffcddf76fa3,Product,云计算,云计算,{},"[""annual_000938_2025""]",auto,
entity_02963a024dea04d6,Product,云计算产品,云计算产品,{},"[""annual_000938_2025""]",auto,
entity_baf152b2e7df5358,Product,云集群智算数据中心交换机增强项目,云集群智算数据中心交换机增强项目,{},"[""annual_000938_2025""]",auto,
entity_6a55270505667fea,Product,互联网信息技术产品,互联网信息技术产品,{},"[""annual_000938_2025""]",auto,
entity_bd7684258ab2ee85,Product,交换机,交换机,{},"[""annual_000938_2025""]",auto,
entity_f3683a5436513c50,Product,交通大模型,交通大模型,{},"[""annual_000938_2025""]",auto,
entity_8b1e73305c97e96f,Product,交通智算解决方案,交通智算解决方案,{},"[""annual_000938_2025""]",auto,
entity_b4602ddc7f4807de,Product,人工智能,人工智能,{},"[""annual_000938_2025""]",auto,
entity_8a0e8627e2c94fd7,Product,人工智能服务器,人工智能服务器,{},"[""annual_000938_2025""]",auto,
entity_ad596ee2cf072760,Product,人工智能计算服务器,人工智能计算服务器,{},"[""annual_000938_2025""]",auto,
entity_f028b2936a59fd28,Product,以太网交换机,以太网交换机,{},"[""annual_000938_2025""]",auto,
entity_b4d91f0fe49974a5,Product,企业级WLAN,企业级wlan,{},"[""annual_000938_2025""]",auto,
entity_96e7651ce968c58d,Product,企业级智能全闪存存储,企业级智能全闪存存储,{},"[""annual_000938_2025""]",auto,
entity_47636c221dc1fe36,Product,企业级智能混合闪存存储,企业级智能混合闪存存储,{},"[""annual_000938_2025""]",auto,
entity_6b53787ab90d2919,Product,全光以太网5.0方案,全光以太网5.0方案,{},"[""annual_000938_2025""]",auto,
entity_fc4f032ff29af2dd,Product,全光网络5.0解决方案,全光网络5.0解决方案,{},"[""annual_000938_2025""]",auto,
entity_9512438844c03fff,Product,全冷板液冷服务器,全冷板液冷服务器,{},"[""annual_000938_2025""]",auto,
entity_e9a47e23a9c87dac,Product,全场景Wi-Fi 7组网方案,全场景wi-fi7组网方案,{},"[""annual_000938_2025""]",auto,
entity_25fb8b01b00d1abd,Product,全域冷板式液冷服务器,全域冷板式液冷服务器,{},"[""annual_000938_2025""]",auto,
entity_f1a9ad3431785e92,Product,全栈智能化的信息通信（ICT）基础设施,全栈智能化的信息通信(ict)基础设施,{},"[""annual_000938_2025""]",auto,
entity_d940693cac053a10,Product,关键业务计算服务器,关键业务计算服务器,{},"[""annual_000938_2025""]",auto,
entity_c0b37d1174cd5d7f,Product,冷板式及浸没式交换机,冷板式及浸没式交换机,{},"[""annual_000938_2025""]",auto,
entity_fcb4c72146ea6b89,Product,分布式存储,分布式存储,{},"[""annual_000938_2025""]",auto,
entity_a77db470e290ee6b,Product,可信数据空间解决方案,可信数据空间解决方案,{},"[""annual_000938_2025""]",auto,
entity_e026c583e9b4d029,Product,商用台式机,商用台式机,{},"[""annual_000938_2025""]",auto,
entity_2ac99fa4491fab45,Product,商用笔记本电脑,商用笔记本电脑,{},"[""annual_000938_2025""]",auto,
entity_4f422f862cd7badb,Product,园区交换机,园区交换机,{},"[""annual_000938_2025""]",auto,
entity_de24803786f59068,Product,园区网控制器7.3版本,园区网控制器7.3版本,{},"[""annual_000938_2025""]",auto,
entity_6c0bab0835083a48,Product,国芯超低时延交换机,国芯超低时延交换机,{},"[""annual_000938_2025""]",auto,
entity_e63df32c30a1f295,Product,图灵小镇,图灵小镇,{},"[""annual_000938_2025""]",auto,
entity_b4036ec64ca9af59,Product,城轨行业智能体,城轨行业智能体,{},"[""annual_000938_2025""]",auto,
entity_37f435d1cbb94398,Product,培训服务,培训服务,{},"[""annual_000938_2025""]",auto,
entity_1ef6b739666b7470,Product,大数据平台,大数据平台,{},"[""annual_000938_2025""]",auto,
entity_cabc556f899447c6,Product,大模型一体机产品,大模型一体机产品,{},"[""annual_000938_2025""]",auto,
entity_4ffd782482a4ae46,Product,存储,存储,{},"[""annual_000938_2025""]",auto,
entity_ddf07cc80df6a3cf,Product,存储产品,存储产品,{},"[""annual_000938_2025""]",auto,
entity_8cb758646200c813,Product,存储网络设备,存储网络设备,{},"[""annual_000938_2025""]",auto,
entity_818c19628ea7c446,Product,安全,安全,{},"[""annual_000938_2025""]",auto,
entity_d1a289decf3df966,Product,安全产品,安全产品,{},"[""annual_000938_2025""]",auto,
entity_27772e275a7afe6a,Product,安全大数据中台产品,安全大数据中台产品,{},"[""annual_000938_2025""]",auto,
entity_b476262b85e8a371,Product,安全检测与审计,安全检测与审计,{},"[""annual_000938_2025""]",auto,
entity_d15a7c3352ec7513,Product,安全管理,安全管理,{},"[""annual_000938_2025""]",auto,
entity_55c346e466f53bef,Product,安装服务,安装服务,{},"[""annual_000938_2025""]",auto,
entity_8fce3622ead61137,Product,宽带接入服务器(BRAS),宽带接入服务器(bras),{},"[""annual_000938_2025""]",auto,
entity_233995fc24b6209b,Product,密码安全,密码安全,{},"[""annual_000938_2025""]",auto,
entity_23c9e6d302dba165,Product,工控安全,工控安全,{},"[""annual_000938_2025""]",auto,
entity_4262008ec458b0ad,Product,广域网控制器7.4版本,广域网控制器7.4版本,{},"[""annual_000938_2025""]",auto,
entity_b7712b8906f9d00a,Product,广域网解决方案,广域网解决方案,{},"[""annual_000938_2025""]",auto,
entity_3496d9de7f92dca6,Product,应用安全,应用安全,{},"[""annual_000938_2025""]",auto,
entity_0104613d13c5dd35,Product,政务云,政务云,{},"[""annual_000938_2025""]",auto,
entity_66943f0124e5ccaf,Product,数字乡村解决方案,数字乡村解决方案,{},"[""annual_000938_2025""]",auto,
entity_1253295bfe5a040a,Product,数字化转型及智能化升级解决方案,数字化转型及智能化升级解决方案,{},"[""annual_000938_2025""]",auto,
entity_b84f4afed1501d6f,Product,数据中心交换机,数据中心交换机,{},"[""annual_000938_2025""]",auto,
entity_1e1e3af2a0cd354b,Product,数据中心建造服务,数据中心建造服务,{},"[""annual_000938_2025""]",auto,
entity_b2585b1b92dd9ca8,Product,数据中心控制器7.4版本,数据中心控制器7.4版本,{},"[""annual_000938_2025""]",auto,
entity_77287507fa697a01,Product,数据备份与保护,数据备份与保护,{},"[""annual_000938_2025""]",auto,
entity_0750d20f583c2a4b,Product,数据安全,数据安全,{},"[""annual_000938_2025""]",auto,
entity_a370003b143528e8,Product,数据库,数据库,{},"[""annual_000938_2025""]",auto,
entity_9f9c6b2a1341c368,Product,数智健康云平台,数智健康云平台,{},"[""annual_000938_2025""]",auto,
entity_a9d9491ae3398ea4,Product,新一代ICT产品智能工厂建设项目,新一代ict产品智能工厂建设项目,{},"[""annual_000938_2025""]",auto,
entity_bfbb50d7d5b9d3a7,Product,新一代旗舰级AI服务器,新一代旗舰级ai服务器,{},"[""annual_000938_2025""]",auto,
entity_f2a7bade82a3f8d4,Product,新一代通算服务器,新一代通算服务器,{},"[""annual_000938_2025""]",auto,
entity_c90738a6066223a4,Product,新一代高密汇聚路由器开发项目,新一代高密汇聚路由器开发项目,{},"[""annual_000938_2025""]",auto,
entity_1df7071be9b949d7,Product,智慧云屏,智慧云屏,{},"[""annual_000938_2025""]",auto,
entity_53c2694b71bceb7a,Product,智算中心,智算中心,{},"[""annual_000938_2025""]",auto,
entity_4347d1ab034d05b0,Product,智算云,智算云,{},"[""annual_000938_2025""]",auto,
entity_e2f7cd79b93da1bc,Product,智算安全解决方案,智算安全解决方案,{},"[""annual_000938_2025""]",auto,
entity_b7cca5df5a0b9674,Product,智算解决方案,智算解决方案,{},"[""annual_000938_2025""]",auto,
entity_b2c82b0f9f67118d,Product,智能制造无线网络解决方案,智能制造无线网络解决方案,{},"[""annual_000938_2025""]",auto,
entity_a01fbc2e43769cc6,Product,智能制造解决方案,智能制造解决方案,{},"[""annual_000938_2025""]",auto,
entity_77d4f8a01cced740,Product,智能管理与运维服务,智能管理与运维服务,{},"[""annual_000938_2025""]",auto,
entity_6208ee37448e80b0,Product,智能终端,智能终端,{},"[""annual_000938_2025""]",auto,
entity_34619bf7657e468d,Product,服务器,服务器,{},"[""annual_000938_2025""]",auto,
entity_b0d5689f54ee7e87,Product,海外子品牌Aolynk,海外子品牌aolynk,{},"[""annual_000938_2025""]",auto,
entity_6fca8e1c05375a92,Product,液冷技术创新产品,液冷技术创新产品,{},"[""annual_000938_2025""]",auto,
entity_f1aa755630aea591,Product,灵犀AI助手,灵犀ai助手,{},"[""annual_000938_2025""]",auto,
entity_6700cf0f7b92c3fa,Product,灵犀Cube一体机,灵犀cube一体机,{},"[""annual_000938_2025""]",auto,
entity_48a277073eaf1979,Product,灵犀使能平台,灵犀使能平台,{},"[""annual_000938_2025""]",auto,
entity_58e357827ebd5716,Product,灵犀推理引擎,灵犀推理引擎,{},"[""annual_000938_2025""]",auto,
entity_c509ded2c2e17939,Product,灵犀智算方案V5.0,灵犀智算方案v5.0,{},"[""annual_000938_2025""]",auto,
entity_b69977a7a1556f6e,Product,灵犀智算解决方案,灵犀智算解决方案,{},"[""annual_000938_2025""]",auto,
entity_98ceb9bc60716b6a,Product,特许权,特许权,{},"[""annual_000938_2025""]",auto,
entity_69a156bfa8767365,Product,百业灵犀ICT大模型,百业灵犀ict大模型,{},"[""annual_000938_2025""]",auto,
entity_4affd3568a0cabf4,Product,百业灵犀私域大模型,百业灵犀私域大模型,{},"[""annual_000938_2025""]",auto,
entity_f607c5369d06e1ec,Product,相变浸没式液冷,相变浸没式液冷,{},"[""annual_000938_2025""]",auto,
entity_c997fb1bff742460,Product,知识平台,知识平台,{},"[""annual_000938_2025""]",auto,
entity_515a1001e9cdd452,Product,矿用本安Wi-Fi 7 产品,矿用本安wi-fi7产品,{},"[""annual_000938_2025""]",auto,
entity_2b3683c9781c6061,Product,磐宁操作系统（NingOS）V3.0,磐宁操作系统(ningos)v3.0,{},"[""annual_000938_2025""]",auto,
entity_9d715e07c17bfee1,Product,算力快线解决方案,算力快线解决方案,{},"[""annual_000938_2025""]",auto,
entity_939aa27b3f3527ce,Product,算力调度管理平台,算力调度管理平台,{},"[""annual_000938_2025""]",auto,
entity_e22fdb917a31f2cc,Product,箱式浸没液冷,箱式浸没液冷,{},"[""annual_000938_2025""]",auto,
entity_c28a5e00db75587b,Product,紫光数字经济科技园（一期）总部基地项目,紫光数字经济科技园(一期)总部基地项目,{},"[""annual_000938_2025""]",auto,
entity_866d77aa77ce4828,Product,紫光数字经济科技园（一期）智能工厂项目,紫光数字经济科技园(一期)智能工厂项目,{},"[""annual_000938_2025""]",auto,
entity_c76fcff3d74f2ece,Product,终端安全,终端安全,{},"[""annual_000938_2025""]",auto,
entity_d291cfe6b8694451,Product,维保服务,维保服务,{},"[""annual_000938_2025""]",auto,
entity_052086dd6807b93e,Product,绿洲平台5.0,绿洲平台5.0,{},"[""annual_000938_2025""]",auto,
entity_c46a57685aa55879,Product,网络,网络,{},"[""annual_000938_2025""]",auto,
entity_d4ea3c76535417a3,Product,网络交换机,网络交换机,{},"[""annual_000938_2025""]",auto,
entity_0ae5fa5cd1f75882,Product,网络产品,网络产品,{},"[""annual_000938_2025""]",auto,
entity_4daae214c96d0b0a,Product,网络智能体,网络智能体,{},"[""annual_000938_2025""]",auto,
entity_9e3291c958b4f534,Product,自主可控大容量交换机项目,自主可控大容量交换机项目,{},"[""annual_000938_2025""]",auto,
entity_ab1792468ee86c13,Product,芯模社区,芯模社区,{},"[""annual_000938_2025""]",auto,
entity_94e28c6a5ff2aec9,Product,虚拟化平台,虚拟化平台,{},"[""annual_000938_2025""]",auto,
entity_7fe59bbc88f48f54,Product,计算,计算,{},"[""annual_000938_2025""]",auto,
entity_fa82ca0e7a38b85b,Product,计算产品,计算产品,{},"[""annual_000938_2025""]",auto,
entity_16228baccba40969,Product,超融合产品,超融合产品,{},"[""annual_000938_2025""]",auto,
entity_cea148edb1e4369c,Product,超融合虚拟化融合版本,超融合虚拟化融合版本,{},"[""annual_000938_2025""]",auto,
entity_2e5a44e5faa10bc3,Product,路由器,路由器,{},"[""annual_000938_2025""]",auto,
entity_b2549664792e1398,Product,软件,软件,{},"[""annual_000938_2025""]",auto,
entity_e845512938cb6e60,Product,边界安全,边界安全,{},"[""annual_000938_2025""]",auto,
entity_92c40008437afffb,Product,边缘计算服务器,边缘计算服务器,{},"[""annual_000938_2025""]",auto,
entity_324cc5435eae1ab8,Product,运维服务,运维服务,{},"[""annual_000938_2025""]",auto,
entity_db1dc72e3047ef3c,Product,通用计算服务器,通用计算服务器,{},"[""annual_000938_2025""]",auto,
entity_928e7e267fef8194,Product,金融智算整体解决方案,金融智算整体解决方案,{},"[""annual_000938_2025""]",auto,
entity_57e98916a034806d,Product,金融智算解决方案,金融智算解决方案,{},"[""annual_000938_2025""]",auto,
entity_4320ceea7fbe9363,Product,防火墙AI 运维助手,防火墙ai运维助手,{},"[""annual_000938_2025""]",auto,
entity_c16d2e2dda67d505,Product,高密液冷整机柜,高密液冷整机柜,{},"[""annual_000938_2025""]",auto,
entity_e8e3bac434406a87,Product,高端路由器,高端路由器,{},"[""annual_000938_2025""]",auto,
entity_264808cae73d7882,Product,高端防火墙SecPath M9000,高端防火墙secpathm9000,{},"[""annual_000938_2025""]",auto,
entity_0a825d7343f9c527,Product,高速无损网络,高速无损网络,{},"[""annual_000938_2025""]",auto,
entity_ea190e0a4ebe013f,Report,2025年年度报告,annual_000938_2025,"{""kind"": ""annual"", ""local_path"": ""data/raw_pdfs/annual/紫光股份_2025年报.pdf"", ""pages"": ""251"", ""pdf_url"": ""https://static.cninfo.com.cn/finalpage/2026-04-15/1225101866.PDF"", ""published_at"": ""2026-04-15"", ""report_id"": ""annual_000938_2025"", ""sha256"": ""2ffcd21150d98d8582b3cda68a368e70eaf17625e8ba2881a9ed30d7654aac5a"", ""source_site"": ""巨潮资讯"", ""source_tier"": ""1"", ""source_type"": ""company_annual_report"", ""source_url"": ""https://www.cninfo.com.cn/new/disclosure/detail?stockCode=000938&announcementId=1225101866&orgId=gssz0000938&announcementTime=1776182400000"", ""year"": ""2025""}","[""annual_000938_2025""]",auto,
entity_58c0e3492eeb42f7,Report,2025年年度报告,annual_000977_2025,"{""kind"": ""annual"", ""local_path"": ""data/raw_pdfs/annual/浪潮信息_2025年报.pdf"", ""pages"": ""186"", ""pdf_url"": ""https://static.cninfo.com.cn/finalpage/2026-04-11/1225096638.PDF"", ""published_at"": ""2026-04-11"", ""report_id"": ""annual_000977_2025"", ""sha256"": ""a292147237341c5918930d25497ec4db92af13b3991b71ecddea2740886931b0"", ""source_site"": ""巨潮资讯"", ""source_tier"": ""1"", ""source_type"": ""company_annual_report"", ""source_url"": ""https://www.cninfo.com.cn/new/disclosure/detail?stockCode=000977&announcementId=1225096638&orgId=gssz0000977&announcementTime=1775836800000"", ""year"": ""2025""}","[""annual_000977_2025""]",auto,
entity_74bc68625bad3cfb,Report,2025年年度报告,annual_000988_2025,"{""kind"": ""annual"", ""local_path"": ""data/raw_pdfs/annual/华工科技_2025年报.pdf"", ""pages"": ""180"", ""pdf_url"": ""https://static.cninfo.com.cn/finalpage/2026-03-26/1225031509.PDF"", ""published_at"": ""2026-03-26"", ""report_id"": ""annual_000988_2025"", ""sha256"": ""ae1f7383c1094f66b77a3310c2830763d108193586bddd6869bdfc4f3d6d2f46"", ""source_site"": ""巨潮资讯"", ""source_tier"": ""1"", ""source_type"": ""company_annual_report"", ""source_url"": ""https://www.cninfo.com.cn/new/disclosure/detail?stockCode=000988&announcementId=1225031509&orgId=gssz0000988&announcementTime=1774454400000"", ""year"": ""2025""}","[""annual_000988_2025""]",auto,
entity_175b52a4a2169ea7,Report,2025年年度报告,annual_002281_2025,"{""kind"": ""annual"", ""local_path"": ""data/raw_pdfs/annual/光迅科技_2025年报.pdf"", ""pages"": ""167"", ""pdf_url"": ""https://static.cninfo.com.cn/finalpage/2026-04-23/1225148212.PDF"", ""published_at"": ""2026-04-23"", ""report_id"": ""annual_002281_2025"", ""sha256"": ""8363cd690d29f4d6f913339f9dc7a70b7bc14f260f0140175c5cb45593053869"", ""source_site"": ""巨潮资讯"", ""source_tier"": ""1"", ""source_type"": ""company_annual_report"", ""source_url"": ""https://www.cninfo.com.cn/new/disclosure/detail?stockCode=002281&announcementId=1225148212&orgId=9900007888&announcementTime=1776873600000"", ""year"": ""2025""}","[""annual_002281_2025""]",auto,
entity_c56565e432c8eae4,Report,2025年年度报告,annual_002335_2025,"{""kind"": ""annual"", ""local_path"": ""data/raw_pdfs/annual/科华数据_2025年报.pdf"", ""pages"": ""235"", ""pdf_url"": ""https://static.cninfo.com.cn/finalpage/2026-04-27/1225194937.PDF"", ""published_at"": ""2026-04-27"", ""report_id"": ""annual_002335_2025"", ""sha256"": ""e61c011f94bdfc892d2b4ec7714ec78fdcd18aec7807501dece2d523345a8da4"", ""source_site"": ""巨潮资讯"", ""source_tier"": ""1"", ""source_type"": ""company_annual_report"", ""source_url"": ""https://www.cninfo.com.cn/new/disclosure/detail?stockCode=002335&announcementId=1225194937&orgId=9900010032&announcementTime=1777219200000"", ""year"": ""2025""}","[""annual_002335_2025""]",auto,
entity_3cb8ddf3276fb583,Report,2025年年度报告,annual_002463_2025,"{""kind"": ""annual"", ""local_path"": ""data/raw_pdfs/annual/沪电股份_2025年报.pdf"", ""pages"": ""196"", ""pdf_url"": ""https://static.cninfo.com.cn/finalpage/2026-03-25/1225027832.PDF"", ""published_at"": ""2026-03-25"", ""report_id"": ""annual_002463_2025"", ""sha256"": ""9810736ee50d0fa7f4d8e8370e3965bde8e24c6dbafb86593ae2206b0e2f2f15"", ""source_site"": ""巨潮资讯"", ""source_tier"": ""1"", ""source_type"": ""company_annual_report"", ""source_url"": ""https://www.cninfo.com.cn/new/disclosure/detail?stockCode=002463&announcementId=1225027832&orgId=9900013929&announcementTime=1774368000000"", ""year"": ""2025""}","[""annual_002463_2025""]",auto,
entity_e6124a986bc33104,Report,2025年年度报告,annual_002837_2025,"{""kind"": ""annual"", ""local_path"": ""data/raw_pdfs/annual/英维克_2025年报.pdf"", ""pages"": ""196"", ""pdf_url"": ""https://static.cninfo.com.cn/finalpage/2026-04-21/1225131813.PDF"", ""published_at"": ""2026-04-21"", ""report_id"": ""annual_002837_2025"", ""sha256"": ""2cbfc5dc8a60b01212b68d930fb06d0a25bd74563cd1942bd87161246c3a1472"", ""source_site"": ""巨潮资讯"", ""source_tier"": ""1"", ""source_type"": ""company_annual_report"", ""source_url"": ""https://www.cninfo.com.cn/new/disclosure/detail?stockCode=002837&announcementId=1225131813&orgId=9900029666&announcementTime=1776700800000"", ""year"": ""2025""}","[""annual_002837_2025""]",auto,
entity_af775a7375c18d19,Report,2025年年度报告,annual_002916_2025,"{""kind"": ""annual"", ""local_path"": ""data/raw_pdfs/annual/深南电路_2025年报.pdf"", ""pages"": ""200"", ""pdf_url"": ""https://static.cninfo.com.cn/finalpage/2026-03-13/1225006760.PDF"", ""published_at"": ""2026-03-13"", ""report_id"": ""annual_002916_2025"", ""sha256"": ""80c2d67323e64875eb80d7f13603930bc0a5087631ebbd66f14c109bada627d9"", ""source_site"": ""巨潮资讯"", ""source_tier"": ""1"", ""source_type"": ""company_annual_report"", ""source_url"": ""https://www.cninfo.com.cn/new/disclosure/detail?stockCode=002916&announcementId=1225006760&orgId=9900022488&announcementTime=1773331200000"", ""year"": ""2025""}","[""annual_002916_2025""]",auto,
entity_03470c5deabbefbd,Report,2025年年度报告,annual_300308_2025,"{""kind"": ""annual"", ""local_path"": ""data/raw_pdfs/annual/中际旭创_2025年报.pdf"", ""pages"": ""229"", ""pdf_url"": ""https://static.cninfo.com.cn/finalpage/2026-03-31/1225056459.PDF"", ""published_at"": ""2026-03-31"", ""report_id"": ""annual_300308_2025"", ""sha256"": ""0290f380253dde79613d43a1c6203674ae36cb89f849f063668ccde9a8789b5e"", ""source_site"": ""巨潮资讯"", ""source_tier"": ""1"", ""source_type"": ""company_annual_report"", ""source_url"": ""https://www.cninfo.com.cn/new/disclosure/detail?stockCode=300308&announcementId=1225056459&orgId=9900022016&announcementTime=1774886400000"", ""year"": ""2025""}","[""annual_300308_2025""]",auto,
entity_0853480061a71ac6,Report,2025年年度报告,annual_300383_2025,"{""kind"": ""annual"", ""local_path"": ""data/raw_pdfs/annual/光环新网_2025年报.pdf"", ""pages"": ""245"", ""pdf_url"": ""https://static.cninfo.com.cn/finalpage/2026-04-29/1225233869.PDF"", ""published_at"": ""2026-04-29"", ""report_id"": ""annual_300383_2025"", ""sha256"": ""4a5b035ae1bce0b883a80200512312811a841243582e7b0911cfb92a948b6b62"", ""source_site"": ""巨潮资讯"", ""source_tier"": ""1"", ""source_type"": ""company_annual_report"", ""source_url"": ""https://www.cninfo.com.cn/new/disclosure/detail?stockCode=300383&announcementId=1225233869&orgId=9900022357&announcementTime=1777392000000"", ""year"": ""2025""}","[""annual_300383_2025""]",auto,
entity_021b9caf7bab50ed,Report,2025年年度报告,annual_300394_2025,"{""kind"": ""annual"", ""local_path"": ""data/raw_pdfs/annual/天孚通信_2025年报.pdf"", ""pages"": ""265"", ""pdf_url"": ""https://static.cninfo.com.cn/finalpage/2026-04-08/1225082705.PDF"", ""published_at"": ""2026-04-08"", ""report_id"": ""annual_300394_2025"", ""sha256"": ""969e5142ee753b68e1f01c26e25215310d643dda43e4a25ae72bcc01f1265268"", ""source_site"": ""巨潮资讯"", ""source_tier"": ""1"", ""source_type"": ""company_annual_report"", ""source_url"": ""https://www.cninfo.com.cn/new/disclosure/detail?stockCode=300394&announcementId=1225082705&orgId=9900023911&announcementTime=1775577600000"", ""year"": ""2025""}","[""annual_300394_2025""]",auto,
entity_ea4817881d740606,Report,2025年年度报告,annual_300476_2025,"{""kind"": ""annual"", ""local_path"": ""data/raw_pdfs/annual/胜宏科技_2025年报.pdf"", ""pages"": ""230"", ""pdf_url"": ""https://static.cninfo.com.cn/finalpage/2026-03-13/1225007455.PDF"", ""published_at"": ""2026-03-13"", ""report_id"": ""annual_300476_2025"", ""sha256"": ""2d13d1746e8a6fda8960201f8d5dc759de19f650d2b5db4a5c8082d5df197099"", ""source_site"": ""巨潮资讯"", ""source_tier"": ""1"", ""source_type"": ""company_annual_report"", ""source_url"": ""https://www.cninfo.com.cn/new/disclosure/detail?stockCode=300476&announcementId=1225007455&orgId=9900024582&announcementTime=1773331200000"", ""year"": ""2025""}","[""annual_300476_2025""]",auto,
entity_5e389c49fd85679d,Report,2025年年度报告,annual_300499_2025,"{""kind"": ""annual"", ""local_path"": ""data/raw_pdfs/annual/高澜股份_2025年报.pdf"", ""pages"": ""249"", ""pdf_url"": ""https://static.cninfo.com.cn/finalpage/2026-04-24/1225160679.PDF"", ""published_at"": ""2026-04-24"", ""report_id"": ""annual_300499_2025"", ""sha256"": ""729e7cfee53e0ab849bea80e007eb32892fae42ae7e912e69ca0b9ce3320840d"", ""source_site"": ""巨潮资讯"", ""source_tier"": ""1"", ""source_type"": ""company_annual_report"", ""source_url"": ""https://www.cninfo.com.cn/new/disclosure/detail?stockCode=300499&announcementId=1225160679&orgId=9900023095&announcementTime=1776960000000"", ""year"": ""2025""}","[""annual_300499_2025""]",auto,
entity_b0894fba88ede908,Report,2025年年度报告,annual_300502_2025,"{""kind"": ""annual"", ""local_path"": ""data/raw_pdfs/annual/新易盛_2025年报.pdf"", ""pages"": ""170"", ""pdf_url"": ""https://static.cninfo.com.cn/finalpage/2026-04-24/1225172598.PDF"", ""published_at"": ""2026-04-24"", ""report_id"": ""annual_300502_2025"", ""sha256"": ""3432905a431a8254c2274c2188269e94cfc5a69e92c7d34332a5a3a7da8b15b6"", ""source_site"": ""巨潮资讯"", ""source_tier"": ""1"", ""source_type"": ""company_annual_report"", ""source_url"": ""https://www.cninfo.com.cn/new/disclosure/detail?stockCode=300502&announcementId=1225172598&orgId=9900026455&announcementTime=1776960000000"", ""year"": ""2025""}","[""annual_300502_2025""]",auto,
entity_48a4c364978d0208,Report,2025年年度报告,annual_300570_2025,"{""kind"": ""annual"", ""local_path"": ""data/raw_pdfs/annual/太辰光_2025年报.pdf"", ""pages"": ""225"", ""pdf_url"": ""https://static.cninfo.com.cn/finalpage/2026-03-31/1225061015.PDF"", ""published_at"": ""2026-03-31"", ""report_id"": ""annual_300570_2025"", ""sha256"": ""380dfdf72e08fdfe531a63f856d2f928aba0f3bcef24e432e9894fd2d3438def"", ""source_site"": ""巨潮资讯"", ""source_tier"": ""1"", ""source_type"": ""company_annual_report"", ""source_url"": ""https://www.cninfo.com.cn/new/disclosure/detail?stockCode=300570&announcementId=1225061015&orgId=9900028902&announcementTime=1774886400000"", ""year"": ""2025""}","[""annual_300570_2025""]",auto,
entity_be215b67e6e26cc6,Report,2025年年度报告,annual_300593_2025,"{""kind"": ""annual"", ""local_path"": ""data/raw_pdfs/annual/新雷能_2025年报.pdf"", ""pages"": ""276"", ""pdf_url"": ""https://static.cninfo.com.cn/finalpage/2026-04-21/1225130176.PDF"", ""published_at"": ""2026-04-21"", ""report_id"": ""annual_300593_2025"", ""sha256"": ""7387129c247d5c3850b4f893257ff5d17c0f0f9f18bdc27ea169d413f726bf4d"", ""source_site"": ""巨潮资讯"", ""source_tier"": ""1"", ""source_type"": ""company_annual_report"", ""source_url"": ""https://www.cninfo.com.cn/new/disclosure/detail?stockCode=300593&announcementId=1225130176&orgId=DR0000190&announcementTime=1776700800000"", ""year"": ""2025""}","[""annual_300593_2025""]",auto,
entity_709fe0771be30a0e,Report,2025年年度报告,annual_300602_2025,"{""kind"": ""annual"", ""local_path"": ""data/raw_pdfs/annual/飞荣达_2025年报.pdf"", ""pages"": ""246"", ""pdf_url"": ""https://static.cninfo.com.cn/finalpage/2026-04-28/1225207279.PDF"", ""published_at"": ""2026-04-28"", ""report_id"": ""annual_300602_2025"", ""sha256"": ""6ef0e237e898154eb694edccaa9193c5f5c5a607b8562111ca7671b0bc2e2ace"", ""source_site"": ""巨潮资讯"", ""source_tier"": ""1"", ""source_type"": ""company_annual_report"", ""source_url"": ""https://www.cninfo.com.cn/new/disclosure/detail?stockCode=300602&announcementId=1225207279&orgId=9900030885&announcementTime=1777305600000"", ""year"": ""2025""}","[""annual_300602_2025""]",auto,
entity_07880d4fab9f2e82,Report,2025年年度报告,annual_300738_2025,"{""kind"": ""annual"", ""local_path"": ""data/raw_pdfs/annual/奥飞数据_2025年报.pdf"", ""pages"": ""261"", ""pdf_url"": ""https://static.cninfo.com.cn/finalpage/2026-04-18/1225122206.PDF"", ""published_at"": ""2026-04-18"", ""report_id"": ""annual_300738_2025"", ""sha256"": ""4c62f7ce2b6f626647afbc592205a66dfde889ce2e8099ff561f6b5c6168d7c2"", ""source_site"": ""巨潮资讯"", ""source_tier"": ""1"", ""source_type"": ""company_annual_report"", ""source_url"": ""https://www.cninfo.com.cn/new/disclosure/detail?stockCode=300738&announcementId=1225122206&orgId=gfbj0832745&announcementTime=1776441600000"", ""year"": ""2025""}","[""annual_300738_2025""]",auto,
entity_e942a82b1f3739e7,Report,2025年年度报告,annual_300870_2025,"{""kind"": ""annual"", ""local_path"": ""data/raw_pdfs/annual/欧陆通_2025年报.pdf"", ""pages"": ""229"", ""pdf_url"": ""https://static.cninfo.com.cn/finalpage/2026-04-22/1225135602.PDF"", ""published_at"": ""2026-04-22"", ""report_id"": ""annual_300870_2025"", ""sha256"": ""c0ada7889c66ef7d8ffc679251268d6caa5c19c6cae9da4372b36471865c89e1"", ""source_site"": ""巨潮资讯"", ""source_tier"": ""1"", ""source_type"": ""company_annual_report"", ""source_url"": ""https://www.cninfo.com.cn/new/disclosure/detail?stockCode=300870&announcementId=1225135602&orgId=9900039796&announcementTime=1776787200000"", ""year"": ""2025""}","[""annual_300870_2025""]",auto,
entity_1299fae7d49fc682,Report,2025年年度报告,annual_301018_2025,"{""kind"": ""annual"", ""local_path"": ""data/raw_pdfs/annual/申菱环境_2025年报.pdf"", ""pages"": ""175"", ""pdf_url"": ""https://static.cninfo.com.cn/finalpage/2026-04-27/1225181199.PDF"", ""published_at"": ""2026-04-27"", ""report_id"": ""annual_301018_2025"", ""sha256"": ""9f3e0616759471fab100a768b8cb67c7a6188d0287a5a5ab4c932596ac663e81"", ""source_site"": ""巨潮资讯"", ""source_tier"": ""1"", ""source_type"": ""company_annual_report"", ""source_url"": ""https://www.cninfo.com.cn/new/disclosure/detail?stockCode=301018&announcementId=1225181199&orgId=9900035574&announcementTime=1777219200000"", ""year"": ""2025""}","[""annual_301018_2025""]",auto,
entity_96190c47650748c2,Report,2025年年度报告,annual_301165_2025,"{""kind"": ""annual"", ""local_path"": ""data/raw_pdfs/annual/锐捷网络_2025年报.pdf"", ""pages"": ""195"", ""pdf_url"": ""https://static.cninfo.com.cn/finalpage/2026-03-28/1225040067.PDF"", ""published_at"": ""2026-03-28"", ""report_id"": ""annual_301165_2025"", ""sha256"": ""2758f61c7a467681c620157ec92b4964ad9cf042a7e693f4c2dc3f29735fb1b9"", ""source_site"": ""巨潮资讯"", ""source_tier"": ""1"", ""source_type"": ""company_annual_report"", ""source_url"": ""https://www.cninfo.com.cn/new/disclosure/detail?stockCode=301165&announcementId=1225040067&orgId=nssc1000760&announcementTime=1774627200000"", ""year"": ""2025""}","[""annual_301165_2025""]",auto,
entity_f9cde49c6955ca70,Report,生益科技2025年年度报告,annual_600183_2025,"{""kind"": ""annual"", ""local_path"": ""data/raw_pdfs/annual/生益科技_2025年报.pdf"", ""pages"": ""235"", ""pdf_url"": ""https://static.cninfo.com.cn/finalpage/2026-04-25/1225195409.PDF"", ""published_at"": ""2026-04-25"", ""report_id"": ""annual_600183_2025"", ""sha256"": ""cf39d9c7014358ef47ff0e38d3ae91cb9827c22432309b501165eafa95f00435"", ""source_site"": ""巨潮资讯"", ""source_tier"": ""1"", ""source_type"": ""company_annual_report"", ""source_url"": ""https://www.cninfo.com.cn/new/disclosure/detail?stockCode=600183&announcementId=1225195409&orgId=gssh0600183&announcementTime=1777046400000"", ""year"": ""2025""}","[""annual_600183_2025""]",auto,
entity_80a27e6fb30b4395,Report,2025年度报告全文,annual_600845_2025,"{""kind"": ""annual"", ""local_path"": ""data/raw_pdfs/annual/宝信软件_2025年报.pdf"", ""pages"": ""216"", ""pdf_url"": ""https://static.cninfo.com.cn/finalpage/2026-03-31/1225056199.PDF"", ""published_at"": ""2026-03-31"", ""report_id"": ""annual_600845_2025"", ""sha256"": ""f18037edf92a386bf77c8124abcef89be1d5e6c845415b017ec1852313e4081c"", ""source_site"": ""巨潮资讯"", ""source_tier"": ""1"", ""source_type"": ""company_annual_report"", ""source_url"": ""https://www.cninfo.com.cn/new/disclosure/detail?stockCode=600845&announcementId=1225056199&orgId=gssh0600845&announcementTime=1774886400000"", ""year"": ""2025""}","[""annual_600845_2025""]",auto,
entity_acf9644395da5c57,Report,富士康工业互联网股份有限公司2025年年度报告,annual_601138_2025,"{""kind"": ""annual"", ""local_path"": ""data/raw_pdfs/annual/工业富联_2025年报.pdf"", ""pages"": ""270"", ""pdf_url"": ""https://static.cninfo.com.cn/finalpage/2026-03-11/1225004420.PDF"", ""published_at"": ""2026-03-11"", ""report_id"": ""annual_601138_2025"", ""sha256"": ""21939eda6d98778d2e5bf54cccf82f86d5dd7a127c2a86706bc78d075b19b567"", ""source_site"": ""巨潮资讯"", ""source_tier"": ""1"", ""source_type"": ""company_annual_report"", ""source_url"": ""https://www.cninfo.com.cn/new/disclosure/detail?stockCode=601138&announcementId=1225004420&orgId=9900036731&announcementTime=1773158400000"", ""year"": ""2025""}","[""annual_601138_2025""]",auto,
entity_94991917e9a1c459,Report,中科曙光2025年年度报告,annual_603019_2025,"{""kind"": ""annual"", ""local_path"": ""data/raw_pdfs/annual/中科曙光_2025年报.pdf"", ""pages"": ""227"", ""pdf_url"": ""https://static.cninfo.com.cn/finalpage/2026-04-15/1225104539.PDF"", ""published_at"": ""2026-04-15"", ""report_id"": ""annual_603019_2025"", ""sha256"": ""96e0142fab587c141645fdb1ef411fc13ae3940bbb7c06eb3831f480d5af7241"", ""source_site"": ""巨潮资讯"", ""source_tier"": ""1"", ""source_type"": ""company_annual_report"", ""source_url"": ""https://www.cninfo.com.cn/new/disclosure/detail?stockCode=603019&announcementId=1225104539&orgId=9900023134&announcementTime=1776182400000"", ""year"": ""2025""}","[""annual_603019_2025""]",auto,
entity_4c6d3498b59525c8,Report,上海数据港股份有限公司2025年年度报告,annual_603881_2025,"{""kind"": ""annual"", ""local_path"": ""data/raw_pdfs/annual/数据港_2025年报.pdf"", ""pages"": ""190"", ""pdf_url"": ""https://static.cninfo.com.cn/finalpage/2026-04-18/1225123460.PDF"", ""published_at"": ""2026-04-18"", ""report_id"": ""annual_603881_2025"", ""sha256"": ""4f74a8999b68b7e5c9859461e8b1a291623d402c3b57df5577fd833d2a6b9dd8"", ""source_site"": ""巨潮资讯"", ""source_tier"": ""1"", ""source_type"": ""company_annual_report"", ""source_url"": ""https://www.cninfo.com.cn/new/disclosure/detail?stockCode=603881&announcementId=1225123460&orgId=9900029913&announcementTime=1776441600000"", ""year"": ""2025""}","[""annual_603881_2025""]",auto,
entity_f99c9ec23465b0bc,Report,澜起科技2025年年度报告,annual_688008_2025,"{""kind"": ""annual"", ""local_path"": ""data/raw_pdfs/annual/澜起科技_2025年报.pdf"", ""pages"": ""248"", ""pdf_url"": ""https://static.cninfo.com.cn/finalpage/2026-03-31/1225057736.PDF"", ""published_at"": ""2026-03-31"", ""report_id"": ""annual_688008_2025"", ""sha256"": ""f443d9e6b46c8b9136a59527442c465482404c170d43d697ef0bb12b9ee1535a"", ""source_site"": ""巨潮资讯"", ""source_tier"": ""1"", ""source_type"": ""company_annual_report"", ""source_url"": ""https://www.cninfo.com.cn/new/disclosure/detail?stockCode=688008&announcementId=1225057736&orgId=9900039002&announcementTime=1774886400000"", ""year"": ""2025""}","[""annual_688008_2025""]",auto,
entity_a6635d255a4c4afc,Report,海光信息技术股份有限公司2025年年度报告,annual_688041_2025,"{""kind"": ""annual"", ""local_path"": ""data/raw_pdfs/annual/海光信息_2025年报.pdf"", ""pages"": ""231"", ""pdf_url"": ""https://static.cninfo.com.cn/finalpage/2026-04-08/1225083088.PDF"", ""published_at"": ""2026-04-08"", ""report_id"": ""annual_688041_2025"", ""sha256"": ""abe3c5f80e80e2b6a56d243cfd502cccec715df783b7b9dcf95d3a84b1106c02"", ""source_site"": ""巨潮资讯"", ""source_tier"": ""1"", ""source_type"": ""company_annual_report"", ""source_url"": ""https://www.cninfo.com.cn/new/disclosure/detail?stockCode=688041&announcementId=1225083088&orgId=9900048365&announcementTime=1775577600000"", ""year"": ""2025""}","[""annual_688041_2025""]",auto,
entity_cdf97ff2ec47a362,Report,2025年年度报告,annual_688256_2025,"{""kind"": ""annual"", ""local_path"": ""data/raw_pdfs/annual/寒武纪_2025年报.pdf"", ""pages"": ""219"", ""pdf_url"": ""https://static.cninfo.com.cn/finalpage/2026-03-13/1225007336.PDF"", ""published_at"": ""2026-03-13"", ""report_id"": ""annual_688256_2025"", ""sha256"": ""e9360bfb6ad2d66ce7b65da15f8fa2fcdda9fde526e2a76dba3964327507f4ab"", ""source_site"": ""巨潮资讯"", ""source_tier"": ""1"", ""source_type"": ""company_annual_report"", ""source_url"": ""https://www.cninfo.com.cn/new/disclosure/detail?stockCode=688256&announcementId=1225007336&orgId=nssc1000595&announcementTime=1773331200000"", ""year"": ""2025""}","[""annual_688256_2025""]",auto,
entity_e873e7137dfc3530,Report,陕西源杰半导体科技股份有限公司2025年年度报告,annual_688498_2025,"{""kind"": ""annual"", ""local_path"": ""data/raw_pdfs/annual/源杰科技_2025年报.pdf"", ""pages"": ""239"", ""pdf_url"": ""https://static.cninfo.com.cn/finalpage/2026-03-25/1225028582.PDF"", ""published_at"": ""2026-03-25"", ""report_id"": ""annual_688498_2025"", ""sha256"": ""a513c4e60068e006161e139ed9b5501c809f9015f6b171cedb18cc1580f12630"", ""source_site"": ""巨潮资讯"", ""source_tier"": ""1"", ""source_type"": ""company_annual_report"", ""source_url"": ""https://www.cninfo.com.cn/new/disclosure/detail?stockCode=688498&announcementId=1225028582&orgId=9900052124&announcementTime=1774368000000"", ""year"": ""2025""}","[""annual_688498_2025""]",auto,
entity_8cd7841963fd3ae6,Report,先进计算暨算力发展指数蓝皮书（2024年）,industry_caict_advanced_compute_index_2024,"{""kind"": ""industry"", ""local_path"": ""data/raw_pdfs/industry/AI算力行业知识_2024_先进计算暨算力发展指数蓝皮书（2024年）.pdf"", ""pages"": ""51"", ""pdf_url"": ""https://www.caict.ac.cn/kxyj/qwfb/bps/202501/P020250117503621662777.pdf"", ""published_at"": ""2025-01"", ""report_id"": ""industry_caict_advanced_compute_index_2024"", ""sha256"": ""5e8cc2b2f5907ae2fc7ab6a6a8a188181706f05b5fbfdf86d9992bf2e5a23844"", ""source_site"": ""中国信通院"", ""source_tier"": ""1"", ""source_type"": ""authority_whitepaper"", ""source_url"": ""https://www.caict.ac.cn/kxyj/qwfb/bps/202501/P020250117503621662777.pdf"", ""year"": ""2024""}","[""industry_caict_advanced_compute_index_2024""]",auto,
entity_ade7db28bbbd6027,Report,人工智能核心技术产业白皮书,industry_caict_ai_core_technology_2021,"{""kind"": ""industry"", ""local_path"": ""data/raw_pdfs/industry/AI算力行业知识_2021_人工智能核心技术产业白皮书.pdf"", ""pages"": ""45"", ""pdf_url"": ""https://www.caict.ac.cn/kxyj/qwfb/bps/202104/P020210420614092578238.pdf"", ""published_at"": ""2021-04"", ""report_id"": ""industry_caict_ai_core_technology_2021"", ""sha256"": ""0427871d792b452ef28fd52b13eb1b6b95ca5417cf562d34695d2f6f988b28c4"", ""source_site"": ""中国信通院"", ""source_tier"": ""1"", ""source_type"": ""authority_whitepaper"", ""source_url"": ""https://www.caict.ac.cn/kxyj/qwfb/bps/202104/P020210420614092578238.pdf"", ""year"": ""2021""}","[""industry_caict_ai_core_technology_2021""]",auto,
entity_f3cd2e752f95c36b,Report,算力电力协同发展研究报告（2025年）,industry_caict_compute_power_coordination_2025,"{""kind"": ""industry"", ""local_path"": ""data/raw_pdfs/industry/AI算力行业知识_2025_算力电力协同发展研究报告（2025年）.pdf"", ""pages"": ""36"", ""pdf_url"": ""https://www.caict.ac.cn/kxyj/qwfb/ztbg/202505/P020250509511369626787.pdf"", ""published_at"": ""2025-05"", ""report_id"": ""industry_caict_compute_power_coordination_2025"", ""sha256"": ""4454b911225e042866b50ad66d5327b76e3de03fa1f44fae86c5fbc11eb22b7f"", ""source_site"": ""中国信通院"", ""source_tier"": ""1"", ""source_type"": ""authority_whitepaper"", ""source_url"": ""https://gma.caict.ac.cn/plat/news/full-collection-of-blue-books-and-report-published-by-caict-in-2025"", ""year"": ""2025""}","[""industry_caict_compute_power_coordination_2025""]",auto,
entity_b7bc97e5f2b5a3d6,Report,算力中心服务商分析报告（2025年）,industry_caict_compute_service_provider_2025,"{""kind"": ""industry"", ""local_path"": ""data/raw_pdfs/industry/AI算力行业知识_2025_算力中心服务商分析报告（2025年）.pdf"", ""pages"": ""34"", ""pdf_url"": ""https://www.caict.ac.cn/kxyj/qwfb/ztbg/202507/P020250707617798232823.pdf"", ""published_at"": ""2025-07"", ""report_id"": ""industry_caict_compute_service_provider_2025"", ""sha256"": ""046e6559f07a15e7745678fb869b5c08b60841cc83e05dbf8383481010ba3fc1"", ""source_site"": ""中国信通院"", ""source_tier"": ""1"", ""source_type"": ""authority_whitepaper"", ""source_url"": ""https://gma.caict.ac.cn/plat/news/full-collection-of-blue-books-and-report-published-by-caict-in-2025"", ""year"": ""2025""}","[""industry_caict_compute_service_provider_2025""]",auto,
entity_2cf0900e57a44227,Report,数据中心白皮书（2022年）,industry_caict_data_center_2022,"{""kind"": ""industry"", ""local_path"": ""data/raw_pdfs/industry/AI算力行业知识_2022_数据中心白皮书（2022年）.pdf"", ""pages"": ""46"", ""pdf_url"": ""https://www.caict.ac.cn/kxyj/qwfb/bps/202204/P020220422707354529853.pdf"", ""published_at"": ""2022-04"", ""report_id"": ""industry_caict_data_center_2022"", ""sha256"": ""f8e886706301de0e8e3c3ba71d64201f19af093a7c8c75b345675b269291733e"", ""source_site"": ""中国信通院"", ""source_tier"": ""1"", ""source_type"": ""authority_whitepaper"", ""source_url"": ""https://www.caict.ac.cn/kxyj/qwfb/bps/202204/P020220422707354529853.pdf"", ""year"": ""2022""}","[""industry_caict_data_center_2022""]",auto,
entity_d021243056114465,Report,绿色算力发展研究报告（2025年）,industry_caict_green_compute_2025,"{""kind"": ""industry"", ""local_path"": ""data/raw_pdfs/industry/AI算力行业知识_2025_绿色算力发展研究报告（2025年）.pdf"", ""pages"": ""69"", ""pdf_url"": ""https://www.caict.ac.cn/kxyj/qwfb/ztbg/202507/P020250724397149741659.pdf"", ""published_at"": ""2025-07"", ""report_id"": ""industry_caict_green_compute_2025"", ""sha256"": ""59947f86430a799f8fd7aaab79387bc96aad825fa7a7c9e480bc7954feb20e88"", ""source_site"": ""中国信通院"", ""source_tier"": ""1"", ""source_type"": ""authority_whitepaper"", ""source_url"": ""https://gma.caict.ac.cn/plat/news/full-collection-of-blue-books-and-report-published-by-caict-in-2025"", ""year"": ""2025""}","[""industry_caict_green_compute_2025""]",auto,
entity_9215ec2d908a7048,Report,DeepSeek-V3 Technical Report,industry_tech_deepseek_v3_2025,"{""kind"": ""industry"", ""local_path"": ""data/raw_pdfs/industry/AI算力行业知识_2025_DeepSeek-V3TechnicalReport.pdf"", ""pages"": ""53"", ""pdf_url"": ""https://arxiv.org/pdf/2412.19437.pdf"", ""published_at"": ""2025-02"", ""report_id"": ""industry_tech_deepseek_v3_2025"", ""sha256"": ""812a3fd645c80725354de9d831a6785503007a60681461407f64e97305fa9330"", ""source_site"": ""arXiv"", ""source_tier"": ""2"", ""source_type"": ""model_technical_report"", ""source_url"": ""https://arxiv.org/abs/2412.19437"", ""year"": ""2025""}","[""industry_tech_deepseek_v3_2025""]",auto,
entity_7215241125015f84,Report,Fire-Flyer AI-HPC Cost-Effective Software-Hardware Co-Design for Deep Learning,industry_tech_fire_flyer_ai_hpc_2024,"{""kind"": ""industry"", ""local_path"": ""data/raw_pdfs/industry/AI算力行业知识_2024_Fire-FlyerAI-HPCCost-EffectiveSoftwa.pdf"", ""pages"": ""18"", ""pdf_url"": ""https://arxiv.org/pdf/2408.14158.pdf"", ""published_at"": ""2024-08"", ""report_id"": ""industry_tech_fire_flyer_ai_hpc_2024"", ""sha256"": ""3d16a41f239f03d720d9f1bdca5c0e49935dff91494e77130cf307228914e82a"", ""source_site"": ""arXiv"", ""source_tier"": ""2"", ""source_type"": ""technical_paper"", ""source_url"": ""https://arxiv.org/abs/2408.14158"", ""year"": ""2024""}","[""industry_tech_fire_flyer_ai_hpc_2024""]",auto,
entity_cd0940e23253daf3,Report,FlashAttention Fast and Memory-Efficient Exact Attention with IO-Awareness,industry_tech_flashattention_2022,"{""kind"": ""industry"", ""local_path"": ""data/raw_pdfs/industry/AI算力行业知识_2022_FlashAttentionFastandMemory-Efficien.pdf"", ""pages"": ""34"", ""pdf_url"": ""https://arxiv.org/pdf/2205.14135.pdf"", ""published_at"": ""2022-05"", ""report_id"": ""industry_tech_flashattention_2022"", ""sha256"": ""ca7f9fda10b90fc05dd291a3accc85e9c1a4a860b99b31928dab03ed3fcb14e4"", ""source_site"": ""arXiv"", ""source_tier"": ""2"", ""source_type"": ""technical_paper"", ""source_url"": ""https://arxiv.org/abs/2205.14135"", ""year"": ""2022""}","[""industry_tech_flashattention_2022""]",auto,
entity_8356e87d78d48988,Report,Challenges and Opportunities to Enable Large-Scale Computing via Heterogeneous Chiplets,industry_tech_heterogeneous_chiplets_ai_2024,"{""kind"": ""industry"", ""local_path"": ""data/raw_pdfs/industry/AI算力行业知识_2024_ChallengesandOpportunitiestoEnableLa.pdf"", ""pages"": ""6"", ""pdf_url"": ""https://arxiv.org/pdf/2311.16417.pdf"", ""published_at"": ""2024-03"", ""report_id"": ""industry_tech_heterogeneous_chiplets_ai_2024"", ""sha256"": ""8dc4791fef282f13b87663c85f16952b91676df2b67cef4d296cfb20b90b8c91"", ""source_site"": ""arXiv"", ""source_tier"": ""2"", ""source_type"": ""technical_paper"", ""source_url"": ""https://arxiv.org/abs/2311.16417"", ""year"": ""2024""}","[""industry_tech_heterogeneous_chiplets_ai_2024""]",auto,
entity_4866559074719fcf,Report,HIR 2023 Integrated Photonics,industry_tech_hir_photonics_2023,"{""kind"": ""industry"", ""local_path"": ""data/raw_pdfs/industry/AI算力行业知识_2023_HIR2023IntegratedPhotonics.pdf"", ""pages"": ""28"", ""pdf_url"": ""https://eps.ieee.org/wp-content/uploads/2025/11/ch09_photonics.pdf"", ""published_at"": ""2023-03"", ""report_id"": ""industry_tech_hir_photonics_2023"", ""sha256"": ""ef35bc10bb71196c78602026a119e3c4627274ebdc70c5cfd5c04c0d306ee1f4"", ""source_site"": ""IEEE EPS HIR"", ""source_tier"": ""1"", ""source_type"": ""technical_roadmap"", ""source_url"": ""https://eps.ieee.org/technology/heterogeneous-integration-roadmap/2023-edition.html"", ""year"": ""2023""}","[""industry_tech_hir_photonics_2023""]",auto,
entity_a77f3eb822e0a085,Report,HIR 2023 Thermal,industry_tech_hir_thermal_2023,"{""kind"": ""industry"", ""local_path"": ""data/raw_pdfs/industry/AI算力行业知识_2023_HIR2023Thermal.pdf"", ""pages"": ""39"", ""pdf_url"": ""https://eps.ieee.org/wp-content/uploads/2025/11/ch20_thermalfinal.pdf"", ""published_at"": ""2023-03"", ""report_id"": ""industry_tech_hir_thermal_2023"", ""sha256"": ""5135f88dd52a8756a62025ce742182c47581058b17dfc4cf350677ac5bdf2355"", ""source_site"": ""IEEE EPS HIR"", ""source_tier"": ""1"", ""source_type"": ""technical_roadmap"", ""source_url"": ""https://eps.ieee.org/technology/heterogeneous-integration-roadmap/2023-edition.html"", ""year"": ""2023""}","[""industry_tech_hir_thermal_2023""]",auto,
entity_385e6f33c7e5d95d,Report,IRDS 2024 More Moore,industry_tech_irds_more_moore_2024,"{""kind"": ""industry"", ""local_path"": ""data/raw_pdfs/industry/AI算力行业知识_2024_IRDS2024MoreMoore.pdf"", ""pages"": ""36"", ""pdf_url"": ""https://irds.ieee.org/images/files/pdf/2024/2024IRDS_MM.pdf"", ""published_at"": ""2024"", ""report_id"": ""industry_tech_irds_more_moore_2024"", ""sha256"": ""49a1d3b42e45898555490e602170876e22d1ccf8d7c17711e436d8db36322fa6"", ""source_site"": ""IEEE IRDS"", ""source_tier"": ""1"", ""source_type"": ""technical_roadmap"", ""source_url"": ""https://irds.ieee.org/images/files/pdf/2024/2024IRDS_MM.pdf"", ""year"": ""2024""}","[""industry_tech_irds_more_moore_2024""]",auto,
entity_b917f9ae9ff597f7,Report,IRDS 2024 Outside System Connectivity,industry_tech_irds_outside_system_connectivity_2024,"{""kind"": ""industry"", ""local_path"": ""data/raw_pdfs/industry/AI算力行业知识_2024_IRDS2024OutsideSystemConnectivity.pdf"", ""pages"": ""63"", ""pdf_url"": ""https://irds.ieee.org/images/files/pdf/2024/2024IRDS_OSC.pdf"", ""published_at"": ""2024"", ""report_id"": ""industry_tech_irds_outside_system_connectivity_2024"", ""sha256"": ""eecfb29d71f7359fccc255f854e9efe7262f82f06fad04ee56ecb871cf6defee"", ""source_site"": ""IEEE IRDS"", ""source_tier"": ""1"", ""source_type"": ""technical_roadmap"", ""source_url"": ""https://irds.ieee.org/images/files/pdf/2024/2024IRDS_OSC.pdf"", ""year"": ""2024""}","[""industry_tech_irds_outside_system_connectivity_2024""]",auto,
entity_9950634679876cd2,Report,IRDS 2024 Executive Packaging Tutorial Part 1,industry_tech_irds_packaging_tutorial_2024,"{""kind"": ""industry"", ""local_path"": ""data/raw_pdfs/industry/AI算力行业知识_2024_IRDS2024ExecutivePackagingTutorialPa.pdf"", ""pages"": ""104"", ""pdf_url"": ""https://irds.ieee.org/images/files/pdf/2024/2024IRDS_EPT-Part1.pdf"", ""published_at"": ""2024"", ""report_id"": ""industry_tech_irds_packaging_tutorial_2024"", ""sha256"": ""bba26d972c70fa10992341b131f50e3704e2f4290318b24a71be58f892e31366"", ""source_site"": ""IEEE IRDS"", ""source_tier"": ""1"", ""source_type"": ""technical_roadmap"", ""source_url"": ""https://irds.ieee.org/images/files/pdf/2024/2024IRDS_EPT-Part1.pdf"", ""year"": ""2024""}","[""industry_tech_irds_packaging_tutorial_2024""]",auto,
entity_6908327b3ee2da1f,Report,MLPerf Inference Benchmark,industry_tech_mlperf_inference_2019,"{""kind"": ""industry"", ""local_path"": ""data/raw_pdfs/industry/AI算力行业知识_2019_MLPerfInferenceBenchmark.pdf"", ""pages"": ""15"", ""pdf_url"": ""https://arxiv.org/pdf/1911.02549.pdf"", ""published_at"": ""2019-11"", ""report_id"": ""industry_tech_mlperf_inference_2019"", ""sha256"": ""ab71faac2c06fa5c317f559e3e96c7baa24a7d15bcf757efcee085ee1a3a1efd"", ""source_site"": ""arXiv"", ""source_tier"": ""1"", ""source_type"": ""benchmark_methodology"", ""source_url"": ""https://arxiv.org/abs/1911.02549"", ""year"": ""2019""}","[""industry_tech_mlperf_inference_2019""]",auto,
entity_851ce64ecedd09cd,Report,MLPerf Training Benchmark,industry_tech_mlperf_training_2019,"{""kind"": ""industry"", ""local_path"": ""data/raw_pdfs/industry/AI算力行业知识_2019_MLPerfTrainingBenchmark.pdf"", ""pages"": ""14"", ""pdf_url"": ""https://arxiv.org/pdf/1910.01500.pdf"", ""published_at"": ""2019-10"", ""report_id"": ""industry_tech_mlperf_training_2019"", ""sha256"": ""bf075f993f1a871e7784398e77513605af5d3b72707fbd753a5f249240f15e71"", ""source_site"": ""arXiv"", ""source_tier"": ""1"", ""source_type"": ""benchmark_methodology"", ""source_url"": ""https://arxiv.org/abs/1910.01500"", ""year"": ""2019""}","[""industry_tech_mlperf_training_2019""]",auto,
entity_22d34c3f6077d2a9,Report,Efficient Memory Management for Large Language Model Serving with PagedAttention,industry_tech_pagedattention_vllm_2023,"{""kind"": ""industry"", ""local_path"": ""data/raw_pdfs/industry/AI算力行业知识_2023_EfficientMemoryManagementforLargeLan.pdf"", ""pages"": ""16"", ""pdf_url"": ""https://arxiv.org/pdf/2309.06180.pdf"", ""published_at"": ""2023-09"", ""report_id"": ""industry_tech_pagedattention_vllm_2023"", ""sha256"": ""55b3b324d779a67c59dac2519445e3b07c14e6ff5c656fadb47a3d7b5997469e"", ""source_site"": ""arXiv"", ""source_tier"": ""2"", ""source_type"": ""technical_paper"", ""source_url"": ""https://arxiv.org/abs/2309.06180"", ""year"": ""2023""}","[""industry_tech_pagedattention_vllm_2023""]",auto,
entity_e6a5c69ffe1e8c7b,Report,UALink 200G 1.0 Specification,industry_tech_ualink_200g_2025,"{""kind"": ""industry"", ""local_path"": ""data/raw_pdfs/industry/AI算力行业知识_2025_UALink200G1.0Specification.pdf"", ""pages"": ""253"", ""pdf_url"": ""https://ualinkconsortium.org/wp-content/uploads/2025/04/UALink200_Specification_v1.0_Evaluation_Copy.pdf"", ""published_at"": ""2025-04"", ""report_id"": ""industry_tech_ualink_200g_2025"", ""sha256"": ""f5b04e569e6d67e74fdc4d5dbdeef7361463a429ba43337f67e7ae02a9ddf43c"", ""source_site"": ""UALink Consortium"", ""source_tier"": ""1"", ""source_type"": ""open_specification"", ""source_url"": ""https://ualinkconsortium.org/specification/"", ""year"": ""2025""}","[""industry_tech_ualink_200g_2025""]",auto,
entity_ecdf33ce899ae41d,Report,UCIe 2.0 Specification Continuing Innovation to Drive an Open Chiplet Ecosystem,industry_tech_ucie_2_whitepaper_2024,"{""kind"": ""industry"", ""local_path"": ""data/raw_pdfs/industry/AI算力行业知识_2024_UCIe2.0SpecificationContinuingInnova.pdf"", ""pages"": ""6"", ""pdf_url"": ""https://www.uciexpress.org/_files/ugd/0c1418_b6481ec611e24c6e91f1beb743b0c860.pdf"", ""published_at"": ""2024-08"", ""report_id"": ""industry_tech_ucie_2_whitepaper_2024"", ""sha256"": ""605fbabc533f09252a6eed1a89cceb086c71f15dfb389ff04a2cfe90299e6ffc"", ""source_site"": ""UCIe Consortium"", ""source_tier"": ""1"", ""source_type"": ""open_specification"", ""source_url"": ""https://www.uciexpress.org/2-0-spec-download"", ""year"": ""2024""}","[""industry_tech_ucie_2_whitepaper_2024""]",auto,
entity_dcb1e4739f3fa18c,Report,Ultra Ethernet Specification v1.0.2,industry_tech_ultra_ethernet_1_0_2_2026,"{""kind"": ""industry"", ""local_path"": ""data/raw_pdfs/industry/AI算力行业知识_2026_UltraEthernetSpecificationv1.0.2.pdf"", ""pages"": ""564"", ""pdf_url"": ""https://ultraethernet.org/wp-content/uploads/sites/20/2026/01/UE-Specification-1.0.2-1.pdf"", ""published_at"": ""2026-01"", ""report_id"": ""industry_tech_ultra_ethernet_1_0_2_2026"", ""sha256"": ""7786f2f337198eb7d2dc0dd1e597c543a813ca17c268d5f5209cbaeb26dcc634"", ""source_site"": ""Ultra Ethernet Consortium"", ""source_tier"": ""1"", ""source_type"": ""open_specification"", ""source_url"": ""https://ultraethernet.org/ultra-ethernet-consortium-uec-launches-specification-1-0-transforming-ethernet-for-ai-and-hpc-at-scale/"", ""year"": ""2026""}","[""industry_tech_ultra_ethernet_1_0_2_2026""]",auto,
entity_b13cd1cc637af386,Report,AI服务器与光模块产业链专题,research_AP202403141626724087,"{""kind"": ""research"", ""local_path"": ""data/raw_pdfs/research/AI算力产业链研报_01_公开研报_20240314_AI服务器与光模块产业链专题.pdf"", ""pages"": ""55"", ""pdf_url"": ""https://pdf.dfcfw.com/pdf/H3_AP202403141626724087_1.pdf"", ""published_at"": ""2024-03-14"", ""report_id"": ""research_AP202403141626724087"", ""sha256"": ""ac2643cc1d37b2867f792de5c9d934f39d214bb0709fccd7ce19af46320e9d2c"", ""source_site"": ""东方财富研报"", ""source_tier"": ""2"", ""source_type"": ""broker_research_seed"", ""source_url"": ""https://data.eastmoney.com/report/zw_industry.jshtml?infocode=AP202403141626724087"", ""year"": ""2024""}","[""research_AP202403141626724087""]",auto,
entity_95959d093ed73c3f,Report,算力深度报告一：算力研究框架-产业链全梳理,research_AP202404021629415823,"{""kind"": ""research"", ""local_path"": ""data/raw_pdfs/research/AI算力产业链研报_07_国金证券_20240402_算力深度报告一：算力研究框架-产业链全梳理.pdf"", ""pages"": ""41"", ""pdf_url"": ""https://pdf.dfcfw.com/pdf/H3_AP202404021629415823_1.pdf"", ""published_at"": ""2024-04-02"", ""report_id"": ""research_AP202404021629415823"", ""sha256"": ""d5b5a6de7fc5cbc9bd8109f72e0e654668144e5566d221537f9f9ea41df471ed"", ""source_site"": ""东方财富研报"", ""source_tier"": ""2"", ""source_type"": ""broker_research_seed"", ""source_url"": ""https://data.eastmoney.com/report/zw_industry.jshtml?infocode=AP202404021629415823"", ""year"": ""2024""}","[""research_AP202404021629415823""]",auto,
entity_881cd394c1ef1c5a,Report,计算机行业专题研究：DeepSeek算力告急，利好AI应用+AI算力产业链,research_AP202502091642912986,"{""kind"": ""research"", ""local_path"": ""data/raw_pdfs/research/AI算力产业链研报_04_公开研报_20250209_计算机行业专题研究：DeepSeek算力告急，利好AI应用+AI算力产业.pdf"", ""pages"": ""15"", ""pdf_url"": ""https://pdf.dfcfw.com/pdf/H3_AP202502091642912986_1.pdf"", ""published_at"": ""2025-02-09"", ""report_id"": ""research_AP202502091642912986"", ""sha256"": ""e9186ee4149eae40acf4621b66ca93483d13d5230cd4b5013269f8cac767e7dd"", ""source_site"": ""东方财富研报"", ""source_tier"": ""2"", ""source_type"": ""broker_research_seed"", ""source_url"": ""https://data.eastmoney.com/report/zw_industry.jshtml?infocode=AP202502091642912986"", ""year"": ""2025""}","[""research_AP202502091642912986""]",auto,
entity_4eee3491bb03ead5,Report,AI产业链业绩兑现，算力投资空间广阔,research_AP202507161709977534,"{""kind"": ""research"", ""local_path"": ""data/raw_pdfs/research/AI算力产业链研报_05_公开研报_20250716_AI产业链业绩兑现，算力投资空间广阔.pdf"", ""pages"": ""12"", ""pdf_url"": ""https://pdf.dfcfw.com/pdf/H3_AP202507161709977534_1.pdf"", ""published_at"": ""2025-07-16"", ""report_id"": ""research_AP202507161709977534"", ""sha256"": ""2fac73105c5d674fc9bdd25b18228c5803e976c30c255c99ff4c08640afb11e9"", ""source_site"": ""东方财富研报"", ""source_tier"": ""2"", ""source_type"": ""broker_research_seed"", ""source_url"": ""https://data.eastmoney.com/report/zw_industry.jshtml?infocode=AP202507161709977534"", ""year"": ""2025""}","[""research_AP202507161709977534""]",auto,
entity_af30dc2c7c017989,Report,北交所化工专题报告：AI算力散热革命-关注北交所液冷产业链，三祥科技/利通科技/科隆新材等软管标的,research_AP202605101822123797,"{""kind"": ""research"", ""local_path"": ""data/raw_pdfs/research/AI算力产业链研报_03_开源证券_20260510_北交所化工专题报告：AI算力散热革命-关注北交所液冷产业链，三祥科技_利.pdf"", ""pages"": ""20"", ""pdf_url"": ""https://pdf.dfcfw.com/pdf/H3_AP202605101822123797_1.pdf"", ""published_at"": ""2026-05-10"", ""report_id"": ""research_AP202605101822123797"", ""sha256"": ""7ea5f3c5690041193bf1b46da7c5ad8b25457d3dd9cd1e639170e89b0c32ba35"", ""source_site"": ""东方财富研报"", ""source_tier"": ""2"", ""source_type"": ""broker_research"", ""source_url"": ""https://data.eastmoney.com/report/zw_industry.jshtml?infocode=AP202605101822123797"", ""year"": ""2026""}","[""research_AP202605101822123797""]",auto,
entity_6acf68c2afde39c1,Report,国产算力周跟踪：CPU景气度持续向上，Scale Up Switch产业趋势如火如荼,research_AP202605101822125094,"{""kind"": ""research"", ""local_path"": ""data/raw_pdfs/research/AI算力产业链研报_10_东吴证券_20260510_国产算力周跟踪：CPU景气度持续向上，ScaleUpSwitch产业趋势.pdf"", ""pages"": ""3"", ""pdf_url"": ""https://pdf.dfcfw.com/pdf/H3_AP202605101822125094_1.pdf"", ""published_at"": ""2026-05-10"", ""report_id"": ""research_AP202605101822125094"", ""sha256"": ""88652cf806c1ef9e90657c6c17c33aa9e8554a9065b80ac136e2a46edfc56f4f"", ""source_site"": ""东方财富研报"", ""source_tier"": ""2"", ""source_type"": ""broker_research"", ""source_url"": ""https://data.eastmoney.com/report/zw_industry.jshtml?infocode=AP202605101822125094"", ""year"": ""2026""}","[""research_AP202605101822125094""]",auto,
entity_e03c6dfd945f96a6,Report,电子行业周报：AI驱动产业链持续发展，看好自主可控及算力板块,research_AP202605111822176358,"{""kind"": ""research"", ""local_path"": ""data/raw_pdfs/research/AI算力产业链研报_09_华源证券_20260511_电子行业周报：AI驱动产业链持续发展，看好自主可控及算力板块.pdf"", ""pages"": ""10"", ""pdf_url"": ""https://pdf.dfcfw.com/pdf/H3_AP202605111822176358_1.pdf"", ""published_at"": ""2026-05-11"", ""report_id"": ""research_AP202605111822176358"", ""sha256"": ""de853d2e91bc2d12a70b04fba0adb2de7b23fd5af9772eac36273c2d63551427"", ""source_site"": ""东方财富研报"", ""source_tier"": ""2"", ""source_type"": ""broker_research"", ""source_url"": ""https://data.eastmoney.com/report/zw_industry.jshtml?infocode=AP202605111822176358"", ""year"": ""2026""}","[""research_AP202605111822176358""]",auto,
entity_b0f9a455aa46e1d4,Report,通信行业2025年报及2026年一季报业绩综述：算力红利全面兑现，AI产业链业绩高增,research_AP202605131822271646,"{""kind"": ""research"", ""local_path"": ""data/raw_pdfs/research/AI算力产业链研报_08_东莞证券_20260513_通信行业2025年报及2026年一季报业绩综述：算力红利全面兑现，AI产.pdf"", ""pages"": ""18"", ""pdf_url"": ""https://pdf.dfcfw.com/pdf/H3_AP202605131822271646_1.pdf"", ""published_at"": ""2026-05-13"", ""report_id"": ""research_AP202605131822271646"", ""sha256"": ""c28e84ca0f93a570f44d45ade25683d80f30c148a3c6876bb8dbf1df079291f2"", ""source_site"": ""东方财富研报"", ""source_tier"": ""2"", ""source_type"": ""broker_research"", ""source_url"": ""https://data.eastmoney.com/report/zw_industry.jshtml?infocode=AP202605131822271646"", ""year"": ""2026""}","[""research_AP202605131822271646""]",auto,
entity_848ac1cdbc497d55,Report,电子行业专题报告：DeepSeek V4发布，国产算力乘风起航,research_AP202605141822321825,"{""kind"": ""research"", ""local_path"": ""data/raw_pdfs/research/AI算力产业链研报_06_爱建证券_20260514_电子行业专题报告：DeepSeekV4发布，国产算力乘风起航.pdf"", ""pages"": ""15"", ""pdf_url"": ""https://pdf.dfcfw.com/pdf/H3_AP202605141822321825_1.pdf"", ""published_at"": ""2026-05-14"", ""report_id"": ""research_AP202605141822321825"", ""sha256"": ""e1f57ac123c34c1d5039cea1797dd56ef55541a9103102c483d97884954400a4"", ""source_site"": ""东方财富研报"", ""source_tier"": ""2"", ""source_type"": ""broker_research"", ""source_url"": ""https://data.eastmoney.com/report/zw_industry.jshtml?infocode=AP202605141822321825"", ""year"": ""2026""}","[""research_AP202605141822321825""]",auto,
entity_ccb7f7948f708142,Report,国产算力系列专题报告：国产算力飞跃启新，AI引领产业链发展变革,research_seed_2,"{""kind"": ""research"", ""local_path"": ""data/raw_pdfs/research/AI算力产业链研报_02_长城证券_20240617_国产算力系列专题报告：国产算力飞跃启新，AI引领产业链发展变革.pdf"", ""pages"": ""63"", ""pdf_url"": ""https://www.cgws.com/cczq/ggdt/ccyj/202406/P020240617315123369639.pdf"", ""published_at"": ""2024-06-17"", ""report_id"": ""research_seed_2"", ""sha256"": ""7c2dcbbef824644487eb0539e87dcf820c00e0c94e3dcc1e3894c63345f69c7b"", ""source_site"": ""长城证券"", ""source_tier"": ""2"", ""source_type"": ""broker_research_seed"", ""source_url"": ""https://www.cgws.com/cczq/ggdt/ccyj/202406/t20240617_315123.html"", ""year"": ""2024""}","[""research_seed_2""]",auto,
entity_91007c0b44b66512,Risk,产品质量保证风险,产品质量保证风险,{},"[""annual_000938_2025""]",auto,
entity_103963838c49c668,Risk,人力资源风险,人力资源风险,{},"[""annual_000938_2025""]",auto,
entity_582d1c79ac3d3cc7,Risk,供应链波动,供应链波动,{},"[""annual_000938_2025""]",auto,
entity_61c82611301c82e5,Risk,内部控制风险,内部控制风险,{},"[""annual_000938_2025""]",auto,
entity_43901682580e6aea,Risk,商誉减值风险,商誉减值风险,{},"[""annual_000938_2025""]",auto,
entity_75542cf34836e50a,Risk,委托理财风险,委托理财风险,{},"[""annual_000938_2025""]",auto,
entity_4ac4ad6adb13894c,Risk,宏观经济环境变化风险,宏观经济环境变化风险,{},"[""annual_000938_2025""]",auto,
entity_0f27d4e8e85c923b,Risk,履约风险,履约风险,{},"[""annual_000938_2025""]",auto,
entity_066d2f5b3e3e0ed1,Risk,技术和产品研发风险,技术和产品研发风险,{},"[""annual_000938_2025""]",auto,
entity_60fd860b499db3a3,Risk,技术护城河,技术护城河,{},"[""annual_000938_2025""]",auto,
entity_3ac595970f16f140,Risk,无形资产减值风险,无形资产减值风险,{},"[""annual_000938_2025""]",auto,
entity_af63f8befad208ac,Risk,未决诉讼风险,未决诉讼风险,{},"[""annual_000938_2025""]",auto,
entity_5a3f53078d015080,Risk,汇率波动风险,汇率波动风险,{},"[""annual_000938_2025""]",auto,
entity_0d69eb17fb4039d3,Risk,法律风险,法律风险,{},"[""annual_000938_2025""]",auto,
entity_34b7521f130e5c10,Risk,研发失败风险,研发失败风险,{},"[""annual_000938_2025""]",auto,
entity_67bd76d6cd32ad1f,Risk,竞争加剧,竞争加剧,{},"[""annual_000938_2025""]",auto,
entity_324752f51c88be1b,Risk,经营成本上升风险,经营成本上升风险,{},"[""annual_000938_2025""]",auto,
entity_182242f7f530060a,Risk,经营风险,经营风险,{},"[""annual_000938_2025""]",auto,
entity_933cee29874ff24f,Risk,财务报告内部控制一般缺陷,财务报告内部控制一般缺陷,"{""definition"": ""营业收入潜在错报不超过营业收入总额的0.5%，或利润总额潜在错报不超过利润总额的5%，或资产总额潜在错报不超过资产总额的0.5%，或所有者权益潜在错报不超过所有者权益总额的1.5%""}","[""annual_000938_2025""]",auto,
entity_4217e74513614120,Risk,财务报告内部控制重大缺陷,财务报告内部控制重大缺陷,"{""definition"": ""营业收入潜在错报大于营业收入总额的1%，或利润总额潜在错报大于利润总额的10%，或资产总额潜在错报大于资产总额的1%，或所有者权益潜在错报大于所有者权益总额的3%""}","[""annual_000938_2025""]",auto,
entity_9410f59fdab3b615,Risk,财务报告内部控制重要缺陷,财务报告内部控制重要缺陷,"{""definition"": ""营业收入潜在错报大于营业收入总额的0.5%且不超过1%，或利润总额潜在错报大于利润总额的5%且不超过10%，或资产总额潜在错报大于资产总额的0.5%且不超过1%，或所有者权益潜在错报大于所有者权益总额的1.5%且不超过3%""}","[""annual_000938_2025""]",auto,
entity_aa30ca53a2d04b86,Risk,非财务报告内部控制一般缺陷,非财务报告内部控制一般缺陷,"{""definition"": ""潜在风险事件可能造成的直接财产损失金额在2000万元（含2000万元）以下""}","[""annual_000938_2025""]",auto,
entity_c14b3e5d46812d8e,Risk,非财务报告内部控制重大缺陷,非财务报告内部控制重大缺陷,"{""definition"": ""潜在风险事件可能造成的直接财产损失金额8000万元以上""}","[""annual_000938_2025""]",auto,
entity_a446bebca0449abd,Risk,非财务报告内部控制重要缺陷,非财务报告内部控制重要缺陷,"{""definition"": ""潜在风险事件可能造成的直接财产损失金额在2000万元-8000万元（含8000万元）之间""}","[""annual_000938_2025""]",auto,
entity_d0dbd40660d3f7cc,Standard,中国通信标准化协会（CCSA）,中国通信标准化协会(ccsa),{},"[""annual_000938_2025""]",auto,
entity_8d369d0b54b445ab,Standard,可信AI运维智能体评估,可信ai运维智能体评估,{},"[""annual_000938_2025""]",auto,
entity_b4e8bb6359d0f363,Technology,800G以太网,800g以太网,{},"[""annual_000938_2025""]",auto,
entity_bdc6b322be4a2272,Technology,AD-NET,ad-net,{},"[""annual_000938_2025""]",auto,
entity_acc52b8a1f8ef864,Technology,AIGC,aigc,{},"[""annual_000938_2025""]",auto,
entity_d3ed59ca8d41a500,Technology,AI in ALL,aiinall,{},"[""annual_000938_2025""]",auto,
entity_4176f0b43f3720a5,Technology,AI Infra,aiinfra,{},"[""annual_000938_2025""]",auto,
entity_776785683da1d743,Technology,AI安全大模型,ai安全大模型,{},"[""annual_000938_2025""]",auto,
entity_2fa35a4d918f2a2e,Technology,AI智能体,ai智能体,{},"[""annual_000938_2025""]",auto,
entity_17b1bff1ee18e55a,Technology,BGP EVPN 协议,bgpevpn协议,{},"[""annual_000938_2025""]",auto,
entity_3ad1bda137317d64,Technology,BMC,bmc,{},"[""annual_000938_2025""]",auto,
entity_26774d855354f788,Technology,BRAS大二层,bras大二层,{},"[""annual_000938_2025""]",auto,
entity_1ec78f0c6e780b57,Technology,CAS虚拟化,cas虚拟化,{},"[""annual_000938_2025""]",auto,
entity_8020b835c5ea28c4,Technology,CloudOS,cloudos,{},"[""annual_000938_2025""]",auto,
entity_f4085544a92cf749,Technology,Comware,comware,{},"[""annual_000938_2025""]",auto,
entity_445a730cdb175570,Technology,CPO技术,cpo技术,{},"[""annual_000938_2025""]",auto,
entity_09f78fa70bc6874f,Technology,DDC2,ddc2,{},"[""annual_000938_2025""]",auto,
entity_2c5fdb4955635885,Technology,DDC架构,ddc架构,{},"[""annual_000938_2025""]",auto,
entity_20a2bc48968d2bf9,Technology,DeepSeek大模型,deepseek大模型,{},"[""annual_000938_2025""]",auto,
entity_dcbdfef70958385b,Technology,FPGA加速,fpga加速,{},"[""annual_000938_2025""]",auto,
entity_8de606987fbf6e95,Technology,IPv6,ipv6,{},"[""annual_000938_2025""]",auto,
entity_ead13a017cc51958,Technology,IPv6+,ipv6+,{},"[""annual_000938_2025""]",auto,
entity_22335df03e5bd663,Technology,PON,pon,{},"[""annual_000938_2025""]",auto,
entity_5291fb81d2a3834d,Technology,PTP时钟同步,ptp时钟同步,{},"[""annual_000938_2025""]",auto,
entity_1d3075d257638105,Technology,RISC-V 架构,risc-v架构,{},"[""annual_000938_2025""]",auto,
entity_d89a14d4f430d5f0,Technology,RoCE协议,roce协议,{},"[""annual_000938_2025""]",auto,
entity_2aeb62f3a5eb1155,Technology,RRPP环网,rrpp环网,{},"[""annual_000938_2025""]",auto,
entity_5bde3288daca3d1b,Technology,Scale-up整机柜技术,scale-up整机柜技术,{},"[""annual_000938_2025""]",auto,
entity_85da992959dfe051,Technology,SD-WAN,sd-wan,{},"[""annual_000938_2025""]",auto,
entity_7165b25cdcae58a3,Technology,SDN,sdn,{},"[""annual_000938_2025""]",auto,
entity_d6a00e14764b8562,Technology,SoC,soc,{},"[""annual_000938_2025""]",auto,
entity_b3b59d8c361b785e,Technology,U-Center,u-center,{},"[""annual_000938_2025""]",auto,
entity_70689c9464cc54e1,Technology,UltraStor,ultrastor,{},"[""annual_000938_2025""]",auto,
entity_626407f80aea42ba,Technology,VLAN全光即插即用,vlan全光即插即用,{},"[""annual_000938_2025""]",auto,
entity_2966cef0df4efb90,Technology,Wi-Fi 7,wi-fi7,{},"[""annual_000938_2025""]",auto,
entity_f540a7de4bd3f327,Technology,三算合一,三算合一,{},"[""annual_000938_2025""]",auto,
entity_e42ccdb49396f888,Technology,云原生,云原生,{},"[""annual_000938_2025""]",auto,
entity_75791c0149e4f02b,Technology,云计算,云计算,{},"[""annual_000938_2025""]",auto,
entity_bcc249c02e1f80a6,Technology,人工智能,人工智能,{},"[""annual_000938_2025""]",auto,
entity_48cdd1fb50d1a1cc,Technology,信元交换,信元交换,{},"[""annual_000938_2025""]",auto,
entity_cc3a30e319a928fd,Technology,信息安全,信息安全,{},"[""annual_000938_2025""]",auto,
entity_deb25cb08f5783d7,Technology,傲飞算力平台,傲飞算力平台,{},"[""annual_000938_2025""]",auto,
entity_f9db0751e93b60e8,Technology,全光以太网,全光以太网,{},"[""annual_000938_2025""]",auto,
entity_bb1366b91b54ed0f,Technology,全景运维地图,全景运维地图,{},"[""annual_000938_2025""]",auto,
entity_8d92faac13211b69,Technology,冷板式液冷,冷板式液冷,{},"[""annual_000938_2025""]",auto,
entity_3bef7dde4cbf2178,Technology,分布式存储,分布式存储,{},"[""annual_000938_2025""]",auto,
entity_67e4b198fb1fa69e,Technology,国产化芯片,国产化芯片,{},"[""annual_000938_2025""]",auto,
entity_d9c40398a2b3e918,Technology,大数据,大数据,{},"[""annual_000938_2025""]",auto,
entity_e6131ced12af61b5,Technology,大模型,大模型,{},"[""annual_000938_2025""]",auto,
entity_f0404108b8a70a20,Technology,大模型落地,大模型落地,{},"[""annual_000938_2025""]",auto,
entity_5e64f2eb48c892e8,Technology,工业互联网,工业互联网,{},"[""annual_000938_2025""]",auto,
entity_9211a42150279f9e,Technology,推理优化,推理优化,{},"[""annual_000938_2025""]",auto,
entity_60a21c342eed4c87,Technology,数智技术,数智技术,{},"[""annual_000938_2025""]",auto,
entity_d31fb4d6a6e1553c,Technology,智算技术,智算技术,{},"[""annual_000938_2025""]",auto,
entity_91ad19afc5cc9f80,Technology,智能体,智能体,{},"[""annual_000938_2025""]",auto,
entity_c1013f588e1468ab,Technology,智能联接,智能联接,{},"[""annual_000938_2025""]",auto,
entity_6e81c47f564422ef,Technology,智能运维,智能运维,{},"[""annual_000938_2025""]",auto,
entity_8a4dc5778d35c147,Technology,浸没式液冷,浸没式液冷,{},"[""annual_000938_2025""]",auto,
entity_608058a4ba13aad1,Technology,液冷散热,液冷散热,{},"[""annual_000938_2025""]",auto,
entity_abaf1c88fdc5afea,Technology,灵犀使能平台,灵犀使能平台,{},"[""annual_000938_2025""]",auto,
entity_33b160a13ba4199c,Technology,算力×联接,算力×联接,{},"[""annual_000938_2025""]",auto,
entity_ce1fb6a59759b4cf,Technology,算力调优技术,算力调优技术,{},"[""annual_000938_2025""]",auto,
entity_802baf0437c5dc0d,Technology,算力调度,算力调度,{},"[""annual_000938_2025""]",auto,
entity_2326383b99e33f23,Technology,统一运维,统一运维,{},"[""annual_000938_2025""]",auto,
entity_1a03b772f3a5ba64,Technology,自主技术,自主技术,{},"[""annual_000938_2025""]",auto,
entity_7dcca30cb2f2fe3b,Technology,芯模联动,芯模联动,{},"[""annual_000938_2025""]",auto,
entity_4269592cb059d3b0,Technology,超融合,超融合,{},"[""annual_000938_2025""]",auto,
entity_0b948d86cc882fd5,Technology,超融合虚拟化,超融合虚拟化,{},"[""annual_000938_2025""]",auto,
entity_7cb0985978c3d403,Technology,软件著作权,软件著作权,{},"[""annual_000938_2025""]",auto,
entity_a94656cdc9090f01,Technology,边缘计算,边缘计算,{},"[""annual_000938_2025""]",auto,
entity_59bacbf8c1fea2ab,Technology,静态故障检测+秒级自愈,静态故障检测+秒级自愈,{},"[""annual_000938_2025""]",auto,
entity_6c469efe8dc6abeb,Technology,非专利技术,非专利技术,{},"[""annual_000938_2025""]",auto,
entity_2ea23144618fbad0,Technology,风液冷兼容灵活切换的模块化技术,风液冷兼容灵活切换的模块化技术,{},"[""annual_000938_2025""]",auto,
entity_6da1337f502f944b,Technology,高速全光互联,高速全光互联,{},"[""annual_000938_2025""]",auto,
entity_fb51be6afdba8b6a,ValueChainSegment,AI服务器,ai服务器,{},"[""annual_000938_2025""]",auto,
entity_827a8d9b0f6c1681,ValueChainSegment,AI 算力产品,ai算力产品,{},"[""annual_000938_2025""]",auto,
entity_dcfca49fbf3dda39,ValueChainSegment,ICT基础设施,ict基础设施,{},"[""annual_000938_2025""]",auto,
entity_53a26c4df96aa2b8,ValueChainSegment,ICT基础设施与服务,ict基础设施与服务,{},"[""annual_000938_2025""]",auto,
entity_e3a01e1b8f58a617,ValueChainSegment,IP网络,ip网络,{},"[""annual_000938_2025""]",auto,
entity_dea706409355f631,ValueChainSegment,云与智能平台,云与智能平台,{},"[""annual_000938_2025""]",auto,
entity_bc06f251c68b9da3,ValueChainSegment,云计算,云计算,{},"[""annual_000938_2025""]",auto,
entity_e98b957fce04cb98,ValueChainSegment,云计算服务,云计算服务,{},"[""annual_000938_2025""]",auto,
entity_52fc2338221f0260,ValueChainSegment,交换机,交换机,{},"[""annual_000938_2025""]",auto,
entity_ee7d2d7130d2b81f,ValueChainSegment,全光网络,全光网络,{},"[""annual_000938_2025""]",auto,
entity_3047989bd3708a5b,ValueChainSegment,全栈智算解决方案,全栈智算解决方案,{},"[""annual_000938_2025""]",auto,
entity_5cdb1dcdd03754f2,ValueChainSegment,大模型相关产品,大模型相关产品,{},"[""annual_000938_2025""]",auto,
entity_2b12a85973a24a1b,ValueChainSegment,存储,存储,{},"[""annual_000938_2025""]",auto,
entity_01731b21f6cc6ab4,ValueChainSegment,安全,安全,{},"[""annual_000938_2025""]",auto,
entity_f7202a8cd1134c73,ValueChainSegment,安全设备,安全设备,{},"[""annual_000938_2025""]",auto,
entity_f783c27aa9f85814,ValueChainSegment,开发阶段,开发阶段,{},"[""annual_000938_2025""]",auto,
entity_85fba43564a1ee02,ValueChainSegment,政企DICT市场,政企dict市场,{},"[""annual_000938_2025""]",auto,
entity_601e5ddb0f6f8cbb,ValueChainSegment,数字化转型及智能化升级解决方案,数字化转型及智能化升级解决方案,{},"[""annual_000938_2025""]",auto,
entity_430a4b1a807ab075,ValueChainSegment,数据中心交换机产品,数据中心交换机产品,{},"[""annual_000938_2025""]",auto,
entity_69d4489167a4cb7a,ValueChainSegment,数据中心建造,数据中心建造,{},"[""annual_000938_2025""]",auto,
entity_abe3b4a4eb9ad9f5,ValueChainSegment,智算中心解决方案,智算中心解决方案,{},"[""annual_000938_2025""]",auto,
entity_ca44e6cde1e76936,ValueChainSegment,智算云底座,智算云底座,{},"[""annual_000938_2025""]",auto,
entity_26ec2b646d7799d2,ValueChainSegment,智算市场,智算市场,{},"[""annual_000938_2025""]",auto,
entity_73876d9812c85e79,ValueChainSegment,智能联接,智能联接,{},"[""annual_000938_2025""]",auto,
entity_efe2edf2a8c63541,ValueChainSegment,服务器,服务器,{},"[""annual_000938_2025""]",auto,
entity_0284ef508bc17e1e,ValueChainSegment,研发阶段,研发阶段,{},"[""annual_000938_2025""]",auto,
entity_0e72ef04518cd093,ValueChainSegment,算力基础设施,算力基础设施,{},"[""annual_000938_2025""]",auto,
entity_bf13c1828a851601,ValueChainSegment,终端产品,终端产品,{},"[""annual_000938_2025""]",auto,
entity_947477c65717e2cc,ValueChainSegment,网络,网络,{},"[""annual_000938_2025""]",auto,
entity_c7c03dd56a2e9c8e,ValueChainSegment,网络产品,网络产品,{},"[""annual_000938_2025""]",auto,
entity_7dc19868368cd5ee,ValueChainSegment,网络基础设施,网络基础设施,{},"[""annual_000938_2025""]",auto,
entity_0fed309bd01dab89,ValueChainSegment,网络设备,网络设备,{},"[""annual_000938_2025""]",auto,
entity_f2a79db40e6f877d,ValueChainSegment,路由器,路由器,{},"[""annual_000938_2025""]",auto,
entity_234cc432f8e1371f,ValueChainSegment,高效多元算力,高效多元算力,{},"[""annual_000938_2025""]",auto,
entity_6b7fcc9b4eb4c9bc,Workload,AI推理,ai推理,{},"[""annual_000938_2025""]",auto,
entity_d7e35407354ab599,Workload,AI模型与数据安全,ai模型与数据安全,{},"[""annual_000938_2025""]",auto,
entity_94dd81be30a576b6,Workload,AI训推用,ai训推用,{},"[""annual_000938_2025""]",auto,
entity_ec9665dca7c69ccb,Workload,AI训练,ai训练,{},"[""annual_000938_2025""]",auto,
entity_646a7fdf087b397a,Workload,万亿参数模型训练,万亿参数模型训练,{},"[""annual_000938_2025""]",auto,
entity_cd2c44deb0456c1c,Workload,云服务,云服务,{},"[""annual_000938_2025""]",auto,
entity_9cac381ea791375b,Workload,医疗诊断,医疗诊断,{},"[""annual_000938_2025""]",auto,
entity_0ca865d328d35105,Workload,图像视频处理,图像视频处理,{},"[""annual_000938_2025""]",auto,
entity_ea15c596e5b6d251,Workload,大数据处理,大数据处理,{},"[""annual_000938_2025""]",auto,
entity_6194d39c0df0a828,Workload,大模型行业落地,大模型行业落地,{},"[""annual_000938_2025""]",auto,
entity_b6ea9d061af9edbf,Workload,大规模算力集群,大规模算力集群,{},"[""annual_000938_2025""]",auto,
entity_d75eb4d2d4714691,Workload,安防监控,安防监控,{},"[""annual_000938_2025""]",auto,
entity_231072569963dafa,Workload,工程仿真,工程仿真,{},"[""annual_000938_2025""]",auto,
entity_c23ffa0e9233b83a,Workload,政务云,政务云,{},"[""annual_000938_2025""]",auto,
entity_a6fc94966f4a53b6,Workload,数据中心大流量低时延转发,数据中心大流量低时延转发,{},"[""annual_000938_2025""]",auto,
entity_5fd1e57a60f27d51,Workload,智算业务,智算业务,{},"[""annual_000938_2025""]",auto,
entity_67a8d994afe20f05,Workload,智算中心,智算中心,{},"[""annual_000938_2025""]",auto,
entity_c17996764fc57e24,Workload,智能制造,智能制造,{},"[""annual_000938_2025""]",auto,
entity_0f97b6dafd818d92,Workload,极速交易场景,极速交易场景,{},"[""annual_000938_2025""]",auto,
entity_fcf52acb7f8fa793,Workload,桌面级 AI 算力,桌面级ai算力,{},"[""annual_000938_2025""]",auto,
entity_016956c22e7d1e42,Workload,游戏和VR/AR渲染,游戏和vr/ar渲染,{},"[""annual_000938_2025""]",auto,
entity_2fad535389e61e4d,Workload,研发项目,研发项目,{},"[""annual_000938_2025""]",auto,
entity_7f12f08a67d12395,Workload,科学计算,科学计算,{},"[""annual_000938_2025""]",auto,
entity_9cc50301810b2345,Workload,自动驾驶,自动驾驶,{},"[""annual_000938_2025""]",auto,
entity_9534fbae8e908f87,Workload,训推一体,训推一体,{},"[""annual_000938_2025""]",auto,
entity_6dc990dbc37c6f22,Workload,训推任务,训推任务,{},"[""annual_000938_2025""]",auto,
entity_3b7d1417d007e6b1,Workload,超大规模模型,超大规模模型,{},"[""annual_000938_2025""]",auto,
entity_f51ba0b6d4e2f03e,Workload,超节点系统,超节点系统,{},"[""annual_000938_2025""]",auto,
entity_e4d1e8273630490e,Workload,边缘推理,边缘推理,{},"[""annual_000938_2025""]",auto,
entity_2c4e4bfed24f9eb7,Workload,通用计算,通用计算,{},"[""annual_000938_2025""]",auto,
entity_aec117657b6e1801,Workload,金融智算,金融智算,{},"[""annual_000938_2025""]",auto,
entity_70e820654b8b57a1,Workload,金融风控,金融风控,{},"[""annual_000938_2025""]",auto,
entity_01bcdadd62c70bbc,Workload,集群训练,集群训练,{},"[""annual_000938_2025""]",auto,
