claim_id,claim_type,topic,claim_text,companies,mechanism,direction,horizon,metric,value,unit,source_report_id,source_title,page,section,source_tier,evidence_span,confidence,as_of_date,exposure_level,review_status,reviewer_note,quality_flags,conflict_group_id
claim_718cd680ce91b639,indicator,算力网络,算力网络 的可跟踪指标：紫光股份披露指标扣非归母净利润同比增长率。证据：实现归属于上市公司股东的扣除非经常性损益的净利润16.35亿元，同比增长12.26%,"[""紫光股份""]",紫光股份 在 算力网络 的关系为披露指标扣非归母净利润同比增长率,neutral,,扣非归母净利润同比增长率,16.35,亿元,annual_000938_2025,2025年年度报告,39,市值管理制度和估值提升计划的制定落实情况,1,实现归属于上市公司股东的扣除非经常性损益的净利润16.35亿元，同比增长12.26%,1.00,2025,core,auto,,,
claim_8f7931151f780f89,company_exposure,算力网络,紫光股份 对 算力网络 的公司敞口为 core：属于环节AI算力产业链。证据：公司深化推进“算力×联接”战略，聚焦智算和国产化领域,"[""紫光股份""]",紫光股份 在 算力网络 的关系为属于环节AI算力产业链,neutral,,,,,annual_000938_2025,2025年年度报告,16,主营业务分析,1,公司深化推进“算力×联接”战略，聚焦智算和国产化领域,0.80,2025,core,auto,,,
claim_1ca7b303e456db62,company_exposure,国产算力,紫光股份 对 国产算力 的公司敞口为 mentioned：属于环节AI算力产业链。证据：公司深化推进“算力×联接”战略，聚焦智算和国产化领域,"[""紫光股份""]",紫光股份 在 国产算力 的关系为属于环节AI算力产业链,neutral,,,,,annual_000938_2025,2025年年度报告,16,主营业务分析,1,公司深化推进“算力×联接”战略，聚焦智算和国产化领域,0.80,2025,mentioned,auto,,,
claim_17a9034acac8aa62,company_exposure,算力网络,紫光股份 对 算力网络 的公司敞口为 core：拥有产品H3C UniStor Polaris X20000 系列。证据：公司发布H3C UniStor Polaris X20000 系列多个新款型,"[""紫光股份""]",紫光股份 在 算力网络 的关系为拥有产品H3C UniStor Polaris X20000 系列,neutral,,,3,,annual_000938_2025,2025年年度报告,18,核心竞争力,1,公司发布H3C UniStor Polaris X20000 系列多个新款型,0.90,2025,core,auto,,,
claim_1a76131c6a5e475e,indicator,算力网络,算力网络 的可跟踪指标：紫光股份拥有产品X86服务器。证据：中国X86服务器市场份额12.5%，位列第三,"[""紫光股份""]",紫光股份 在 算力网络 的关系为拥有产品X86服务器,neutral,,,86,,annual_000938_2025,2025年年度报告,14,优质的客户资源和丰富的数字化转型实践经验,1,中国X86服务器市场份额12.5%，位列第三,0.90,2025,core,auto,,,
claim_21601efb6f564694,indicator,算力网络,"算力网络 的可跟踪指标：紫光股份披露指标研发费用_2024。证据：表格：2024年研发费用5,101,818,089.81元","[""紫光股份""]",紫光股份 在 算力网络 的关系为披露指标研发费用_2024,neutral,,研发费用_2024,2024,,annual_000938_2025,2025年年度报告,24,单位：元,1,"表格：2024年研发费用5,101,818,089.81元",1.00,2025,core,auto,,,
claim_7f468d86f99ff665,company_exposure,光模块,紫光股份 对 光模块 的公司敞口为 mentioned：拥有产品800G国芯智算交换机。证据：发布基于国产关键芯片与核心元器件的800G 国芯智算交换机,"[""紫光股份""]",紫光股份 在 光模块 的关系为拥有产品800G国芯智算交换机,neutral,,,800,,annual_000938_2025,2025年年度报告,17,力利用率，关键部件实现液冷散热，为万亿参数模型训练提供强大支持，兼具高效与绿色特性。,1,发布基于国产关键芯片与核心元器件的800G 国芯智算交换机,0.90,2025,mentioned,auto,,,
claim_3ecb647b4264a73b,company_exposure,液冷,紫光股份 对 液冷 的公司敞口为 mentioned：拥有产品800G国芯智算交换机。证据：发布基于国产关键芯片与核心元器件的800G 国芯智算交换机,"[""紫光股份""]",紫光股份 在 液冷 的关系为拥有产品800G国芯智算交换机,neutral,,,800,,annual_000938_2025,2025年年度报告,17,力利用率，关键部件实现液冷散热，为万亿参数模型训练提供强大支持，兼具高效与绿色特性。,1,发布基于国产关键芯片与核心元器件的800G 国芯智算交换机,0.90,2025,mentioned,auto,,,
claim_b516cfe00ba56b44,company_exposure,算力网络,紫光股份 对 算力网络 的公司敞口为 core：拥有产品800G国芯智算交换机。证据：发布基于国产关键芯片与核心元器件的800G 国芯智算交换机,"[""紫光股份""]",紫光股份 在 算力网络 的关系为拥有产品800G国芯智算交换机,neutral,,,800,,annual_000938_2025,2025年年度报告,17,力利用率，关键部件实现液冷散热，为万亿参数模型训练提供强大支持，兼具高效与绿色特性。,1,发布基于国产关键芯片与核心元器件的800G 国芯智算交换机,0.90,2025,core,auto,,,
claim_e58cd7cd0c1bcf14,risk,算力网络,紫光股份 在 算力网络 相关业务中的风险：法律风险。证据：4、法律风险：因相关法律法规发生变化或交易对手违反相关法律法规，可能造成合约无法正常执行而给公司带来损失。,"[""紫光股份""]",紫光股份 在 算力网络 的关系为披露风险法律风险,negative,,,4,,annual_000938_2025,2025年年度报告,32,√适用 □不适用,1,4、法律风险：因相关法律法规发生变化或交易对手违反相关法律法规，可能造成合约无法正常执行而给公司带来损失。,1.00,2025,core,auto,,,
claim_62cbc8c6b7971e12,company_exposure,算力网络,紫光股份 对 算力网络 的公司敞口为 core：涉及技术CloudOS。证据：同上,"[""紫光股份""]",紫光股份 在 算力网络 的关系为涉及技术CloudOS,neutral,,,,,annual_000938_2025,2025年年度报告,15,覆盖全球的销售网络,1,同上,0.90,2025,core,auto,,,
claim_db16bcccac98a8f2,company_exposure,算力网络,紫光股份 对 算力网络 的公司敞口为 core：涉及技术AI in ALL。证据：致力于成为以“AI in ALL”为核心的全球化云网边端解决方案服务商,"[""紫光股份""]",紫光股份 在 算力网络 的关系为涉及技术AI in ALL,neutral,,,,,annual_000938_2025,2025年年度报告,36,资金需求及使用计划,1,致力于成为以“AI in ALL”为核心的全球化云网边端解决方案服务商,0.90,2025,core,auto,,,
claim_bf755ba88fa647bc,company_exposure,算力网络,紫光股份 对 算力网络 的公司敞口为 core：具有敞口数字化及AI解决方案。证据：作为数字化及AI解决方案领导者，公司提供全栈智能化的信息通信（ICT）基础设施、云与智能平台，以及数字化转型及智能化升级解决方案。,"[""紫光股份""]",紫光股份 在 算力网络 的关系为具有敞口数字化及AI解决方案,neutral,,,,,annual_000938_2025,2025年年度报告,8,注册变更情况,1,作为数字化及AI解决方案领导者，公司提供全栈智能化的信息通信（ICT）基础设施、云与智能平台，以及数字化转型及智能化升级解决方案。,1.00,2025,core,auto,,,
claim_369325682d0ee64e,indicator,算力网络,算力网络 的可跟踪指标：紫光股份披露指标归属于上市公司股东的净利润。证据：公司实现归属于上市公司股东的净利润16.86亿元,"[""紫光股份""]",紫光股份 在 算力网络 的关系为披露指标归属于上市公司股东的净利润,neutral,,归属于上市公司股东的净利润,16.86,亿元,annual_000938_2025,2025年年度报告,16,主营业务分析,1,公司实现归属于上市公司股东的净利润16.86亿元,1.00,2025,core,auto,,,
claim_373d8356d6e9917a,company_exposure,算力网络,紫光股份 对 算力网络 的公司敞口为 core：涉及技术智算技术。证据：公司将持续深化智算技术创新，进行产品迭代升级,"[""紫光股份""]",紫光股份 在 算力网络 的关系为涉及技术智算技术,neutral,,,,,annual_000938_2025,2025年年度报告,35,公司未来发展的展望,1,公司将持续深化智算技术创新，进行产品迭代升级,0.80,2025,core,auto,,,
claim_910bc7e4f9d2267f,company_exposure,数据中心,紫光股份 对 数据中心 的公司敞口为 direct：拥有产品数据中心控制器7.4版本。证据：完成数据中心控制器 7.4 版本发布,"[""紫光股份""]",紫光股份 在 数据中心 的关系为拥有产品数据中心控制器7.4版本,neutral,,,7.4,,annual_000938_2025,2025年年度报告,26,费用,1,完成数据中心控制器 7.4 版本发布,1.00,2025,direct,auto,,,
claim_01629214b9a108bc,company_exposure,算力网络,紫光股份 对 算力网络 的公司敞口为 core：拥有产品数据中心控制器7.4版本。证据：完成数据中心控制器 7.4 版本发布,"[""紫光股份""]",紫光股份 在 算力网络 的关系为拥有产品数据中心控制器7.4版本,neutral,,,7.4,,annual_000938_2025,2025年年度报告,26,费用,1,完成数据中心控制器 7.4 版本发布,1.00,2025,core,auto,,,
claim_925ae9cb0136b04c,company_exposure,算力网络,紫光股份 对 算力网络 的公司敞口为 core：具有敞口AI。证据：作为数字化及AI解决方案提供者,"[""紫光股份""]",紫光股份 在 算力网络 的关系为具有敞口AI,neutral,,,,,annual_000938_2025,2025年年度报告,113,基本情况,1,作为数字化及AI解决方案提供者,1.00,2025,core,auto,,,
claim_358e971d2878e5a9,company_exposure,国产算力,紫光股份 对 国产算力 的公司敞口为 direct：拥有产品自主可控大容量交换机项目。证据：完成高密400GE框式和盒式交换机发布,"[""紫光股份""]",紫光股份 在 国产算力 的关系为拥有产品自主可控大容量交换机项目,neutral,,,400,,annual_000938_2025,2025年年度报告,25,费用,1,完成高密400GE框式和盒式交换机发布,1.00,2025,direct,auto,,,
claim_ef10e0987f9a926e,company_exposure,算力网络,紫光股份 对 算力网络 的公司敞口为 core：拥有产品自主可控大容量交换机项目。证据：完成高密400GE框式和盒式交换机发布,"[""紫光股份""]",紫光股份 在 算力网络 的关系为拥有产品自主可控大容量交换机项目,neutral,,,400,,annual_000938_2025,2025年年度报告,25,费用,1,完成高密400GE框式和盒式交换机发布,1.00,2025,core,auto,,,
claim_8af38d7e82dc98d6,indicator,算力网络,"算力网络 的可跟踪指标：紫光股份披露指标营业收入。证据：合计65,889,803,802.79 23,721,239,458.45 87,985,663.22 (7,067,182,306.07) 82,631,846,618.39","[""紫光股份""]",紫光股份 在 算力网络 的关系为披露指标营业收入,neutral,,营业收入,65889803802.79,,annual_000938_2025,2025年年度报告,189,合并财务报表主要项目注释（续）,1,"合计65,889,803,802.79 23,721,239,458.45 87,985,663.22 (7,067,182,306.07) 82,631,846,618.39",1.00,2025,core,auto,,,
claim_8afdf341280b6c2e,company_exposure,算力网络,紫光股份 对 算力网络 的公司敞口为 core：拥有产品Wi-Fi 7 新产品。证据：公司发布多款全场景Wi-Fi 7 新产品,"[""紫光股份""]",紫光股份 在 算力网络 的关系为拥有产品Wi-Fi 7 新产品,neutral,,,7,,annual_000938_2025,2025年年度报告,18,核心竞争力,1,公司发布多款全场景Wi-Fi 7 新产品,0.90,2025,core,auto,,,
claim_629bec7296ecdefd,risk,算力网络,紫光股份 在 算力网络 相关业务中的风险：经营成本上升风险。证据：随着公司经营规模的不断扩大，人员成本、房租、物流等各项经营成本及费用可能随之上涨，进而压缩公司的利润空间，对公司整体利润的提升产生不利影响。,"[""紫光股份""]",紫光股份 在 算力网络 的关系为披露风险经营成本上升风险,negative,near_term,,,,annual_000938_2025,2025年年度报告,37,报告期内接待调研、沟通、采访等活动,1,随着公司经营规模的不断扩大，人员成本、房租、物流等各项经营成本及费用可能随之上涨，进而压缩公司的利润空间，对公司整体利润的提升产生不利影响。,0.90,2025,core,auto,,,
claim_82cf22506d55d3ff,indicator,算力网络,"算力网络 的可跟踪指标：紫光股份披露指标研发费用_2024。证据：研发费用53 5,101,818,089.81","[""紫光股份""]",紫光股份 在 算力网络 的关系为披露指标研发费用_2024,neutral,,研发费用_2024,2024,,annual_000938_2025,2025年年度报告,100,营业收入,1,"研发费用53 5,101,818,089.81",1.00,2025,core,auto,,,
claim_645243006dfa1828,company_exposure,算力网络,紫光股份 对 算力网络 的公司敞口为 core：拥有产品矿用本安Wi-Fi 7 产品。证据：率先发布第一款矿用本安Wi-Fi 7 产品,"[""紫光股份""]",紫光股份 在 算力网络 的关系为拥有产品矿用本安Wi-Fi 7 产品,neutral,,,7,,annual_000938_2025,2025年年度报告,15,覆盖全球的销售网络,1,率先发布第一款矿用本安Wi-Fi 7 产品,0.90,2025,core,auto,,,
claim_748ff1a5a05785bd,indicator,算力网络,"算力网络 的可跟踪指标：紫光股份披露指标经营活动产生的现金流量净额。证据：2025年经营活动产生的现金流量净额3,486,751,492.84元","[""紫光股份""]",紫光股份 在 算力网络 的关系为披露指标经营活动产生的现金流量净额,neutral,near_term,经营活动产生的现金流量净额,2025,,annual_000938_2025,2025年年度报告,199,合并财务报表主要项目注释（续）,1,"2025年经营活动产生的现金流量净额3,486,751,492.84元",1.00,2025,core,auto,,,
claim_d43ac4f93bc1463a,company_exposure,液冷,紫光股份 对 液冷 的公司敞口为 indirect：拥有产品H3C UniPoD S80000超节点。证据：H3C UniPoD S80000 超节点产品，大幅提升通信效率和模型算力利用率，关键部件实现液冷散热，为万亿参数模型训练提供强大支持,"[""紫光股份""]",紫光股份 在 液冷 的关系为拥有产品H3C UniPoD S80000超节点,neutral,,,3,,annual_000938_2025,2025年年度报告,17,力利用率，关键部件实现液冷散热，为万亿参数模型训练提供强大支持，兼具高效与绿色特性。,1,H3C UniPoD S80000 超节点产品，大幅提升通信效率和模型算力利用率，关键部件实现液冷散热，为万亿参数模型训练提供强大支持,0.90,2025,indirect,auto,,,
claim_d6bdfa51efa89be5,company_exposure,算力网络,紫光股份 对 算力网络 的公司敞口为 core：拥有产品H3C UniPoD S80000超节点。证据：H3C UniPoD S80000 超节点产品，大幅提升通信效率和模型算力利用率，关键部件实现液冷散热，为万亿参数模型训练提供强大支持,"[""紫光股份""]",紫光股份 在 算力网络 的关系为拥有产品H3C UniPoD S80000超节点,neutral,,,3,,annual_000938_2025,2025年年度报告,17,力利用率，关键部件实现液冷散热，为万亿参数模型训练提供强大支持，兼具高效与绿色特性。,1,H3C UniPoD S80000 超节点产品，大幅提升通信效率和模型算力利用率，关键部件实现液冷散热，为万亿参数模型训练提供强大支持,0.90,2025,core,auto,,,
claim_f7b4f838c774d2e0,company_exposure,液冷,紫光股份 对 液冷 的公司敞口为 indirect：涉及技术液冷散热。证据：关键部件实现液冷散热,"[""紫光股份""]",紫光股份 在 液冷 的关系为涉及技术液冷散热,neutral,,,,,annual_000938_2025,2025年年度报告,17,力利用率，关键部件实现液冷散热，为万亿参数模型训练提供强大支持，兼具高效与绿色特性。,1,关键部件实现液冷散热,0.90,2025,indirect,auto,,,
claim_3ea85d2531a51867,company_exposure,算力网络,紫光股份 对 算力网络 的公司敞口为 core：涉及技术液冷散热。证据：关键部件实现液冷散热,"[""紫光股份""]",紫光股份 在 算力网络 的关系为涉及技术液冷散热,neutral,,,,,annual_000938_2025,2025年年度报告,17,力利用率，关键部件实现液冷散热，为万亿参数模型训练提供强大支持，兼具高效与绿色特性。,1,关键部件实现液冷散热,0.90,2025,core,auto,,,
claim_f823104dd82e6ab2,indicator,算力网络,"算力网络 的可跟踪指标：紫光股份披露指标营业收入。证据：营业收入（元）2025年96,748,339,344.03","[""紫光股份""]",紫光股份 在 算力网络 的关系为披露指标营业收入,neutral,near_term,营业收入,2025,,annual_000938_2025,2025年年度报告,9,□是 √否,1,"营业收入（元）2025年96,748,339,344.03",1.00,2025,core,auto,,,
claim_c6f3a68f14d8593d,indicator,算力网络,"算力网络 的可跟踪指标：紫光股份披露指标净利润_2024。证据：净利润 1,982,277,033.02","[""紫光股份""]",紫光股份 在 算力网络 的关系为披露指标净利润_2024,neutral,,净利润_2024,2024,,annual_000938_2025,2025年年度报告,100,营业收入,1,"净利润 1,982,277,033.02",1.00,2025,core,auto,,,
claim_b76ac700cace816f,company_exposure,算力网络,紫光股份 对 算力网络 的公司敞口为 core：拥有产品CAS虚拟化产品。证据：完成 CAS 虚拟化产品升级版本发布,"[""紫光股份""]",紫光股份 在 算力网络 的关系为拥有产品CAS虚拟化产品,neutral,,,,,annual_000938_2025,2025年年度报告,26,费用,1,完成 CAS 虚拟化产品升级版本发布,1.00,2025,core,auto,,,
claim_f93c1a1cced68d8d,company_exposure,算力网络,紫光股份 对 算力网络 的公司敞口为 core：拥有产品服务器。证据：公司服务器、交换机、路由器、安全等产品中标包括中国移动、中国电信、中国联通、中国铁塔在内的多个集采项目。,"[""紫光股份""]",紫光股份 在 算力网络 的关系为拥有产品服务器,neutral,,,,,annual_000938_2025,2025年年度报告,19,抢抓产业机遇，助力国内行业客户增强数智化水平,1,公司服务器、交换机、路由器、安全等产品中标包括中国移动、中国电信、中国联通、中国铁塔在内的多个集采项目。,0.90,2025,core,auto,,,
claim_cc11a72dcfa34aaf,indicator,算力网络,算力网络 的可跟踪指标：紫光股份披露指标IT产品分销与供应链服务收入占比。证据：IT产品分销与供应链服务占营业收入比重：26.42%。,"[""紫光股份""]",紫光股份 在 算力网络 的关系为披露指标IT产品分销与供应链服务收入占比,neutral,,IT产品分销与供应链服务收入占比,26.42,%,annual_000938_2025,2025年年度报告,20,单位：元,1,IT产品分销与供应链服务占营业收入比重：26.42%。,1.00,2025,core,auto,,,
claim_356a9efca2db3373,company_exposure,算力网络,紫光股份 对 算力网络 的公司敞口为 core：属于环节AI算力产业链。证据：公司作为数字化及AI解决方案领导者，为人工智能...提供...产品,"[""紫光股份""]",紫光股份 在 算力网络 的关系为属于环节AI算力产业链,neutral,,,,,annual_000938_2025,2025年年度报告,35,公司未来发展的展望,1,公司作为数字化及AI解决方案领导者，为人工智能...提供...产品,0.90,2025,core,auto,,,
claim_6db91fe410e0225c,company_exposure,算力网络,紫光股份 对 算力网络 的公司敞口为 core：拥有产品灵犀使能平台。证据：公司陆续推出百业灵犀私域大模型、灵犀使能平台、灵犀推理引擎、灵犀AI助手、灵犀Cube一体机及多个行业智能体,"[""紫光股份""]",紫光股份 在 算力网络 的关系为拥有产品灵犀使能平台,neutral,,,,,annual_000938_2025,2025年年度报告,13,核心竞争力分析,1,公司陆续推出百业灵犀私域大模型、灵犀使能平台、灵犀推理引擎、灵犀AI助手、灵犀Cube一体机及多个行业智能体,0.90,2025,core,auto,,,
claim_c9649fdc60d4a333,risk,算力网络,紫光股份 在 算力网络 相关业务中的风险：商誉减值风险。证据：本集团对商誉进行减值测试...经测试认定本集团收购新华三产生的商誉资产未发生减值,"[""紫光股份""]",紫光股份 在 算力网络 的关系为披露风险商誉减值风险,negative,,,,,annual_000938_2025,2025年年度报告,172,合并财务报表主要项目注释（续）,1,本集团对商誉进行减值测试...经测试认定本集团收购新华三产生的商誉资产未发生减值,0.80,2025,core,auto,,,
claim_10268372747b4434,risk,算力网络,"紫光股份 在 算力网络 相关业务中的风险：委托理财风险。证据：报告期内委托理财的余额为54,809.27万元，存在逾期未收回风险。","[""紫光股份""]",紫光股份 在 算力网络 的关系为披露风险委托理财风险,negative,near_term,,54809.27,万元,annual_000938_2025,2025年年度报告,80,单位：万元,1,"报告期内委托理财的余额为54,809.27万元，存在逾期未收回风险。",0.90,2025,core,auto,,,
claim_7fe7cd33049a554c,indicator,算力网络,"算力网络 的可跟踪指标：紫光股份披露指标研发费用_2024。证据：研发费用2,415,370.08 8,990,983.65","[""紫光股份""]",紫光股份 在 算力网络 的关系为披露指标研发费用_2024,neutral,,研发费用_2024,2024,,annual_000938_2025,2025年年度报告,108,89 -减：营业外支出,1,"研发费用2,415,370.08 8,990,983.65",1.00,2025,core,auto,,,
claim_dced247484972cce,indicator,算力网络,"算力网络 的可跟踪指标：紫光股份披露指标经营活动产生的现金流量净额。证据：表格中经营活动产生的现金流量净额2025年3,486,751,492.84元","[""紫光股份""]",紫光股份 在 算力网络 的关系为披露指标经营活动产生的现金流量净额,neutral,near_term,经营活动产生的现金流量净额,2025,,annual_000938_2025,2025年年度报告,28,单位：元,1,"表格中经营活动产生的现金流量净额2025年3,486,751,492.84元",1.00,2025,core,auto,,,
claim_f64de6cbd3434dcc,indicator,算力网络,算力网络 的可跟踪指标：紫光股份拥有产品数据中心交换机。证据：中国数据中心交换机市场份额33.1%，排名第二,"[""紫光股份""]",紫光股份 在 算力网络 的关系为拥有产品数据中心交换机,neutral,,,33.1,%,annual_000938_2025,2025年年度报告,14,优质的客户资源和丰富的数字化转型实践经验,1,中国数据中心交换机市场份额33.1%，排名第二,0.90,2025,core,auto,,,
claim_f44beeb8f081cfa9,indicator,数据中心,数据中心 的可跟踪指标：紫光股份拥有产品数据中心交换机。证据：中国数据中心交换机市场份额33.1%，排名第二,"[""紫光股份""]",紫光股份 在 数据中心 的关系为拥有产品数据中心交换机,neutral,,,33.1,%,annual_000938_2025,2025年年度报告,14,优质的客户资源和丰富的数字化转型实践经验,1,中国数据中心交换机市场份额33.1%，排名第二,0.90,2025,direct,auto,,,
claim_ac4d35305cbacf60,company_exposure,算力网络,紫光股份 对 算力网络 的公司敞口为 core：拥有产品MegaBook 双系统平板。证据：完成业内首发MegaBook 双系统平板产品发布,"[""紫光股份""]",紫光股份 在 算力网络 的关系为拥有产品MegaBook 双系统平板,neutral,,,,,annual_000938_2025,2025年年度报告,27,公司研发投入情况,1,完成业内首发MegaBook 双系统平板产品发布,1.00,2025,core,auto,,,
claim_d907fd076658ebc2,company_exposure,算力网络,紫光股份 对 算力网络 的公司敞口为 core：拥有产品数字化转型及智能化升级解决方案。证据：为客户提供网络、计算、存储、云计算、安全和智能终端等全栈智能化信息通信（ICT）基础设施、云与智能平台，以及数字化转型及智能化升级的解决方案。,"[""紫光股份""]",紫光股份 在 算力网络 的关系为拥有产品数字化转型及智能化升级解决方案,neutral,,,,,annual_000938_2025,2025年年度报告,113,基本情况,1,为客户提供网络、计算、存储、云计算、安全和智能终端等全栈智能化信息通信（ICT）基础设施、云与智能平台，以及数字化转型及智能化升级的解决方案。,1.00,2025,core,auto,,,
claim_1e96b2b1d9e273be,policy,算力网络,算力网络 机理/传导：紫光股份政策支撑质量回报双提升行动方案。证据：公司制定了“质量回报双提升”行动方案，具体举措包括夯实主业优势、坚持技术创新等,"[""紫光股份""]",紫光股份 在 算力网络 的关系为政策支撑质量回报双提升行动方案,positive,,,,,annual_000938_2025,2025年年度报告,39,市值管理制度和估值提升计划的制定落实情况,1,公司制定了“质量回报双提升”行动方案，具体举措包括夯实主业优势、坚持技术创新等,1.00,2025,core,auto,,,
claim_a1f0a6584503e682,policy,算力网络,算力网络 机理/传导：紫光股份政策支撑内部研究开发支出会计政策。证据：本集团将内部研究开发项目的支出，区分为研究阶段支出和开发阶段支出,"[""紫光股份""]",紫光股份 在 算力网络 的关系为政策支撑内部研究开发支出会计政策,positive,,,,,annual_000938_2025,2025年年度报告,130,重要会计政策及会计估计（续）,1,本集团将内部研究开发项目的支出，区分为研究阶段支出和开发阶段支出,0.90,2025,core,auto,,,
claim_faf8bbdb9b1a3c82,company_exposure,算力网络,紫光股份 对 算力网络 的公司敞口为 core：拥有产品云计算。证据：持续在网络、安全、计算、存储、云计算、人工智能等重点领域的研发投入，夯实“云—网—安—算—存—端”全栈业务布局,"[""紫光股份""]",紫光股份 在 算力网络 的关系为拥有产品云计算,neutral,,,,,annual_000938_2025,2025年年度报告,24,费用,1,持续在网络、安全、计算、存储、云计算、人工智能等重点领域的研发投入，夯实“云—网—安—算—存—端”全栈业务布局,0.90,2025,core,auto,,,
claim_f83d72017735e5e2,company_exposure,算力网络,紫光股份 对 算力网络 的公司敞口为 core：拥有产品防火墙AI 运维助手。证据：公司防火墙AI 运维助手可提升防火墙在业务部署、故障诊断和知识问答等方面的智能化水平,"[""紫光股份""]",紫光股份 在 算力网络 的关系为拥有产品防火墙AI 运维助手,neutral,,,,,annual_000938_2025,2025年年度报告,18,核心竞争力,1,公司防火墙AI 运维助手可提升防火墙在业务部署、故障诊断和知识问答等方面的智能化水平,0.90,2025,core,auto,,,
claim_eb2a4948c332d836,company_exposure,算力网络,紫光股份 对 算力网络 的公司敞口为 core：拥有产品芯模社区。证据：以芯模社区为平台,"[""紫光股份""]",紫光股份 在 算力网络 的关系为拥有产品芯模社区,neutral,,,,,annual_000938_2025,2025年年度报告,36,资金需求及使用计划,1,以芯模社区为平台,0.90,2025,core,auto,,,
claim_60dab9bde6c5f01d,company_exposure,液冷,紫光股份 对 液冷 的公司敞口为 mentioned：拥有产品国芯超低时延交换机。证据：公司发布了面向极速交易场景的新一代国芯超低时延交换机,"[""紫光股份""]",紫光股份 在 液冷 的关系为拥有产品国芯超低时延交换机,neutral,,,,,annual_000938_2025,2025年年度报告,17,力利用率，关键部件实现液冷散热，为万亿参数模型训练提供强大支持，兼具高效与绿色特性。,1,公司发布了面向极速交易场景的新一代国芯超低时延交换机,0.90,2025,mentioned,auto,,,
claim_19a9afb7adb8d603,company_exposure,算力网络,紫光股份 对 算力网络 的公司敞口为 core：拥有产品国芯超低时延交换机。证据：公司发布了面向极速交易场景的新一代国芯超低时延交换机,"[""紫光股份""]",紫光股份 在 算力网络 的关系为拥有产品国芯超低时延交换机,neutral,,,,,annual_000938_2025,2025年年度报告,17,力利用率，关键部件实现液冷散热，为万亿参数模型训练提供强大支持，兼具高效与绿色特性。,1,公司发布了面向极速交易场景的新一代国芯超低时延交换机,0.90,2025,core,auto,,,
claim_e8e1b19d47399ab3,company_exposure,液冷,紫光股份 对 液冷 的公司敞口为 mentioned：拥有产品DDC架构新一代无损网络解决方案。证据：发布基于DDC（Diversity Dynamic-Connectivity，多元动态联接）架构的新一代无损网络解决方案,"[""紫光股份""]",紫光股份 在 液冷 的关系为拥有产品DDC架构新一代无损网络解决方案,neutral,,,,,annual_000938_2025,2025年年度报告,17,力利用率，关键部件实现液冷散热，为万亿参数模型训练提供强大支持，兼具高效与绿色特性。,1,发布基于DDC（Diversity Dynamic-Connectivity，多元动态联接）架构的新一代无损网络解决方案,0.90,2025,mentioned,auto,,,
claim_00d13e3b37232513,company_exposure,算力网络,紫光股份 对 算力网络 的公司敞口为 core：拥有产品DDC架构新一代无损网络解决方案。证据：发布基于DDC（Diversity Dynamic-Connectivity，多元动态联接）架构的新一代无损网络解决方案,"[""紫光股份""]",紫光股份 在 算力网络 的关系为拥有产品DDC架构新一代无损网络解决方案,neutral,,,,,annual_000938_2025,2025年年度报告,17,力利用率，关键部件实现液冷散热，为万亿参数模型训练提供强大支持，兼具高效与绿色特性。,1,发布基于DDC（Diversity Dynamic-Connectivity，多元动态联接）架构的新一代无损网络解决方案,0.90,2025,core,auto,,,
claim_915d216f03cb4341,company_exposure,算力网络,紫光股份 对 算力网络 的公司敞口为 core：属于环节算力产业链。证据：公司坚持“算力×联接”战略，重视技术创新，构建了包括全栈智能的底层数字基础设施、中层云与智能平台、上层AI“训—推—用”使能平台在内的一体化AI赋能平台,"[""紫光股份""]",紫光股份 在 算力网络 的关系为属于环节算力产业链,neutral,,,,,annual_000938_2025,2025年年度报告,13,核心竞争力分析,1,公司坚持“算力×联接”战略，重视技术创新，构建了包括全栈智能的底层数字基础设施、中层云与智能平台、上层AI“训—推—用”使能平台在内的一体化AI赋能平台,0.90,2025,core,auto,,,
claim_c452213166251cce,mechanism,算力网络,算力网络 机理/传导：紫光股份受益于大规模算力集群。证据：与多家头部互联网客户持续推进大规模算力集群与超节点系统建设。,"[""紫光股份""]",紫光股份 在 算力网络 的关系为受益于大规模算力集群,positive,,,,,annual_000938_2025,2025年年度报告,19,抢抓产业机遇，助力国内行业客户增强数智化水平,1,与多家头部互联网客户持续推进大规模算力集群与超节点系统建设。,0.80,2025,core,auto,,,
claim_a33b1a9dd4409985,bottleneck,算力网络,算力网络 的约束或瓶颈：宏观经济环境变化风险约束紫光股份。证据：若未来全球经济增长持续放缓或我国宏观经济出现短期波动、数字化建设投资放缓，可能对公司经营产生一定的影响,"[""紫光股份""]",宏观经济环境变化风险 约束 紫光股份,negative,near_term,,,,annual_000938_2025,2025年年度报告,36,资金需求及使用计划,1,若未来全球经济增长持续放缓或我国宏观经济出现短期波动、数字化建设投资放缓，可能对公司经营产生一定的影响,0.90,2025,,auto,,,
claim_a3e7461db9b29584,company_exposure,算力网络,紫光股份 对 算力网络 的公司敞口为 core：拥有产品金融智算整体解决方案。证据：以金融智算整体解决方案、广域网解决方案等多方位解决方案为银行及券商客户打造数智化升级引擎。,"[""紫光股份""]",紫光股份 在 算力网络 的关系为拥有产品金融智算整体解决方案,neutral,,,,,annual_000938_2025,2025年年度报告,19,抢抓产业机遇，助力国内行业客户增强数智化水平,1,以金融智算整体解决方案、广域网解决方案等多方位解决方案为银行及券商客户打造数智化升级引擎。,0.90,2025,core,auto,,,
claim_4dcad95b3d50a2c1,indicator,算力网络,"算力网络 的可跟踪指标：紫光股份披露指标研发费用_2025。证据：研发费用53 4,952,674,806.36","[""紫光股份""]",紫光股份 在 算力网络 的关系为披露指标研发费用_2025,neutral,near_term,研发费用_2025,2025,,annual_000938_2025,2025年年度报告,100,营业收入,1,"研发费用53 4,952,674,806.36",1.00,2025,core,auto,,,
claim_58a08d39cb363cde,indicator,算力网络,"算力网络 的可跟踪指标：紫光股份披露指标研发投入金额。证据：表格中2025年研发投入金额为4,952,674,806.36元，2024年为5,101,818,089.81元。","[""紫光股份""]",紫光股份 在 算力网络 的关系为披露指标研发投入金额,neutral,near_term,研发投入金额,2025,,annual_000938_2025,2025年年度报告,27,公司研发投入情况,1,"表格中2025年研发投入金额为4,952,674,806.36元，2024年为5,101,818,089.81元。",1.00,2025,core,auto,,,
claim_c699492f19b8938a,indicator,算力网络,"算力网络 的可跟踪指标：紫光股份拥有产品ICT基础设施与服务。证据：分产品：ICT 基础设施与服务，2025年收入76,846,762,924.64元，占营业收入比重79.43%。","[""紫光股份""]",紫光股份 在 算力网络 的关系为拥有产品ICT基础设施与服务,neutral,near_term,,2025,,annual_000938_2025,2025年年度报告,20,单位：元,1,"分产品：ICT 基础设施与服务，2025年收入76,846,762,924.64元，占营业收入比重79.43%。",1.00,2025,core,auto,,,
claim_f9f8740111fa32d6,indicator,算力网络,算力网络 的可跟踪指标：紫光股份拥有产品以太网交换机。证据：中国以太网交换机市场份额34.5%，排名第二,"[""紫光股份""]",紫光股份 在 算力网络 的关系为拥有产品以太网交换机,neutral,,,34.5,%,annual_000938_2025,2025年年度报告,14,优质的客户资源和丰富的数字化转型实践经验,1,中国以太网交换机市场份额34.5%，排名第二,0.90,2025,core,auto,,,
claim_08cb9a2d03c1811b,indicator,算力网络,算力网络 的可跟踪指标：紫光股份披露指标营业收入同比增长率。证据：2025年度实现营业收入967.48亿元，同比增长22.43%,"[""紫光股份""]",紫光股份 在 算力网络 的关系为披露指标营业收入同比增长率,neutral,near_term,营业收入同比增长率,2025,,annual_000938_2025,2025年年度报告,39,市值管理制度和估值提升计划的制定落实情况,1,2025年度实现营业收入967.48亿元，同比增长22.43%,1.00,2025,core,auto,,,
claim_ccfe8ab25ada85ba,company_exposure,算力网络,紫光股份 对 算力网络 的公司敞口为 core：拥有产品云计算产品。证据：新华三集团主要业务包括网络产品、服务器、存储产品、安全产品、云计算产品、互联网信息技术产品的研发、生产、销售等,"[""紫光股份""]",紫光股份 在 算力网络 的关系为拥有产品云计算产品,neutral,,,,,annual_000938_2025,2025年年度报告,34,公司控制的结构化主体情况,1,新华三集团主要业务包括网络产品、服务器、存储产品、安全产品、云计算产品、互联网信息技术产品的研发、生产、销售等,0.90,2025,core,auto,,,
claim_d4cc9f7e8e60b7c5,company_exposure,算力网络,紫光股份 对 算力网络 的公司敞口为 core：拥有产品智能终端。证据：为客户提供网络、计算、存储、云计算、安全和智能终端等全栈智能化信息通信（ICT）基础设施、云与智能平台，以及数字化转型及智能化升级的解决方案。,"[""紫光股份""]",紫光股份 在 算力网络 的关系为拥有产品智能终端,neutral,,,,,annual_000938_2025,2025年年度报告,113,基本情况,1,为客户提供网络、计算、存储、云计算、安全和智能终端等全栈智能化信息通信（ICT）基础设施、云与智能平台，以及数字化转型及智能化升级的解决方案。,1.00,2025,core,auto,,,
claim_ad7cba9cdd19c2ac,indicator,算力网络,"算力网络 的可跟踪指标：紫光股份披露指标研发费用_2024。证据：2024年度研发费用合计5,101,818,089.81元","[""紫光股份""]",紫光股份 在 算力网络 的关系为披露指标研发费用_2024,neutral,,研发费用_2024,2024,,annual_000938_2025,2025年年度报告,191,合并财务报表主要项目注释（续）,1,"2024年度研发费用合计5,101,818,089.81元",1.00,2025,core,auto,,,
claim_f73c7e6d50667ace,company_exposure,算力网络,紫光股份 对 算力网络 的公司敞口为 core：拥有产品SD-WAN 智能路由器。证据：推出新一代SD-WAN 智能路由器,"[""紫光股份""]",紫光股份 在 算力网络 的关系为拥有产品SD-WAN 智能路由器,neutral,,,,,annual_000938_2025,2025年年度报告,18,核心竞争力,1,推出新一代SD-WAN 智能路由器,0.90,2025,core,auto,,,
claim_c3452206efabb2e3,company_exposure,算力网络,紫光股份 对 算力网络 的公司敞口为 core：拥有产品智算解决方案。证据：不断巩固和增强公司在全栈智算解决方案领域的领先优势,"[""紫光股份""]",紫光股份 在 算力网络 的关系为拥有产品智算解决方案,neutral,,,,,annual_000938_2025,2025年年度报告,35,公司未来发展的展望,1,不断巩固和增强公司在全栈智算解决方案领域的领先优势,0.90,2025,core,auto,,,
claim_6e2edf0f600289ed,company_exposure,算力网络,紫光股份 对 算力网络 的公司敞口为 core：拥有产品数字化转型及智能化升级解决方案。证据：作为数字化及AI解决方案领导者，公司提供全栈智能化的信息通信（ICT）基础设施、云与智能平台，以及数字化转型及智能化升级解决方案。,"[""紫光股份""]",紫光股份 在 算力网络 的关系为拥有产品数字化转型及智能化升级解决方案,neutral,,,,,annual_000938_2025,2025年年度报告,8,注册变更情况,1,作为数字化及AI解决方案领导者，公司提供全栈智能化的信息通信（ICT）基础设施、云与智能平台，以及数字化转型及智能化升级解决方案。,1.00,2025,core,auto,,,
claim_b35b910bf9c64920,indicator,算力网络,"算力网络 的可跟踪指标：紫光股份披露指标营业收入。证据：合计 65,889,803,802.79","[""紫光股份""]",紫光股份 在 算力网络 的关系为披露指标营业收入,neutral,,营业收入,65889803802.79,,annual_000938_2025,2025年年度报告,189,合并财务报表主要项目注释（续）,1,"合计 65,889,803,802.79",1.00,2025,core,auto,,,
claim_1099137886eb4629,company_exposure,算力网络,紫光股份 对 算力网络 的公司敞口为 core：涉及技术全景运维地图。证据：全景运维地图升级，实现多域统一可视、仿真验证,"[""紫光股份""]",紫光股份 在 算力网络 的关系为涉及技术全景运维地图,neutral,,,,,annual_000938_2025,2025年年度报告,27,公司研发投入情况,1,全景运维地图升级，实现多域统一可视、仿真验证,0.90,2025,core,auto,,,
claim_be932bdab7386eba,indicator,算力网络,"算力网络 的可跟踪指标：紫光股份披露指标经营活动产生的现金流量净额_2024。证据：表格中经营活动产生的现金流量净额2024年2,440,755,824.85元","[""紫光股份""]",紫光股份 在 算力网络 的关系为披露指标经营活动产生的现金流量净额_2024,neutral,,经营活动产生的现金流量净额_2024,2024,,annual_000938_2025,2025年年度报告,28,单位：元,1,"表格中经营活动产生的现金流量净额2024年2,440,755,824.85元",1.00,2025,core,auto,,,
claim_2d5ca4048f58a4e3,risk,算力网络,紫光股份 在 算力网络 相关业务中的风险：竞争加剧。证据：也面临着竞争加剧与供应链波动等多重挑战,"[""紫光股份""]",紫光股份 在 算力网络 的关系为披露风险竞争加剧,negative,,,,,annual_000938_2025,2025年年度报告,35,公司未来发展的展望,1,也面临着竞争加剧与供应链波动等多重挑战,0.90,2025,core,auto,,,
claim_f4b91fb8b8c459f4,supply_chain,数据中心,数据中心 机理/传导：数据中心建造服务上游数据中心建造。证据：数据中心建造服务是数据中心建造环节的具体服务形式,[],数据中心建造服务 上游 数据中心建造,neutral,,,,,annual_000938_2025,2025年年度报告,136,重要会计政策及会计估计（续）,1,数据中心建造服务是数据中心建造环节的具体服务形式,0.80,2025,,auto,,,
claim_247007d4db2a87e7,supply_chain,电源,电源 机理/传导：数据中心建造服务上游数据中心建造。证据：数据中心建造服务是数据中心建造环节的具体服务形式,[],数据中心建造服务 上游 数据中心建造,neutral,,,,,annual_000938_2025,2025年年度报告,136,重要会计政策及会计估计（续）,1,数据中心建造服务是数据中心建造环节的具体服务形式,0.80,2025,,auto,,,
claim_b329ed227ba9f45d,company_exposure,算力网络,紫光股份 对 算力网络 的公司敞口为 core：属于环节AI算力产业链。证据：公司将持续探索开辟智算业务新赛道,"[""紫光股份""]",紫光股份 在 算力网络 的关系为属于环节AI算力产业链,neutral,,,,,annual_000938_2025,2025年年度报告,36,资金需求及使用计划,1,公司将持续探索开辟智算业务新赛道,0.80,2025,core,auto,,,
claim_20d2225cc92878ff,indicator,算力网络,"算力网络 的可跟踪指标：紫光股份披露指标研发费用_2025。证据：研发费用2,415,370.08 8,990,983.65","[""紫光股份""]",紫光股份 在 算力网络 的关系为披露指标研发费用_2025,neutral,near_term,研发费用_2025,2025,,annual_000938_2025,2025年年度报告,108,89 -减：营业外支出,1,"研发费用2,415,370.08 8,990,983.65",1.00,2025,core,auto,,,
claim_c5972132c5285396,indicator,算力网络,算力网络 的可跟踪指标：紫光股份具有敞口IP网络。证据：提升IP网络市场份额；以业务感知与分析方案积极助力运营商IP网络流量经营分析能力建设。,"[""紫光股份""]",紫光股份 在 算力网络 的关系为具有敞口IP网络,neutral,,,,,annual_000938_2025,2025年年度报告,19,抢抓产业机遇，助力国内行业客户增强数智化水平,1,提升IP网络市场份额；以业务感知与分析方案积极助力运营商IP网络流量经营分析能力建设。,0.90,2025,core,auto,,,
claim_c23e025e48a554b7,company_exposure,算力网络,紫光股份 对 算力网络 的公司敞口为 core：拥有产品灵犀Cube一体机。证据：公司陆续推出百业灵犀私域大模型、灵犀使能平台、灵犀推理引擎、灵犀AI助手、灵犀Cube一体机及多个行业智能体,"[""紫光股份""]",紫光股份 在 算力网络 的关系为拥有产品灵犀Cube一体机,neutral,,,,,annual_000938_2025,2025年年度报告,13,核心竞争力分析,1,公司陆续推出百业灵犀私域大模型、灵犀使能平台、灵犀推理引擎、灵犀AI助手、灵犀Cube一体机及多个行业智能体,0.90,2025,core,auto,,,
claim_bf15c5ae3da421bc,company_exposure,算力网络,紫光股份 对 算力网络 的公司敞口为 core：涉及技术算力调优技术。证据：公司将重点构建并完善算力调优能力,"[""紫光股份""]",紫光股份 在 算力网络 的关系为涉及技术算力调优技术,neutral,,,,,annual_000938_2025,2025年年度报告,35,公司未来发展的展望,1,公司将重点构建并完善算力调优能力,0.80,2025,core,auto,,,
claim_5cf67c7591dc431b,company_exposure,算力网络,紫光股份 对 算力网络 的公司敞口为 core：涉及技术算力×联接。证据：公司深化推进“算力×联接”战略,"[""紫光股份""]",紫光股份 在 算力网络 的关系为涉及技术算力×联接,neutral,,,,,annual_000938_2025,2025年年度报告,16,主营业务分析,1,公司深化推进“算力×联接”战略,0.90,2025,core,auto,,,
claim_79007aebd67c04e7,company_exposure,算力网络,紫光股份 对 算力网络 的公司敞口为 core：拥有产品灵犀智算解决方案。证据：公司灵犀智算解决方案持续迭代，具备为客户提供算力调度及大模型落地的全栈能力,"[""紫光股份""]",紫光股份 在 算力网络 的关系为拥有产品灵犀智算解决方案,neutral,,,,,annual_000938_2025,2025年年度报告,13,核心竞争力分析,1,公司灵犀智算解决方案持续迭代，具备为客户提供算力调度及大模型落地的全栈能力,0.90,2025,core,auto,,,
claim_c14b9a80d9854123,company_exposure,算力网络,紫光股份 对 算力网络 的公司敞口为 core：拥有产品AI 安全系列智能体。证据：AI 安全系列智能体覆盖安全运营、设备运维、高级威胁检测三大领域,"[""紫光股份""]",紫光股份 在 算力网络 的关系为拥有产品AI 安全系列智能体,neutral,,,,,annual_000938_2025,2025年年度报告,18,核心竞争力,1,AI 安全系列智能体覆盖安全运营、设备运维、高级威胁检测三大领域,0.90,2025,core,auto,,,
claim_039b4e73155c6e71,company_exposure,光模块,紫光股份 对 光模块 的公司敞口为 mentioned：涉及技术800G以太网。证据：与中国移动积极推动算力网络发展，共同完成业界首次800G以太网智算协同训练的现网技术试验。,"[""紫光股份""]",紫光股份 在 光模块 的关系为涉及技术800G以太网,neutral,,,800,,annual_000938_2025,2025年年度报告,19,抢抓产业机遇，助力国内行业客户增强数智化水平,1,与中国移动积极推动算力网络发展，共同完成业界首次800G以太网智算协同训练的现网技术试验。,0.90,2025,mentioned,auto,,,
claim_9864bc202baa0719,company_exposure,算力网络,紫光股份 对 算力网络 的公司敞口为 core：涉及技术800G以太网。证据：与中国移动积极推动算力网络发展，共同完成业界首次800G以太网智算协同训练的现网技术试验。,"[""紫光股份""]",紫光股份 在 算力网络 的关系为涉及技术800G以太网,neutral,,,800,,annual_000938_2025,2025年年度报告,19,抢抓产业机遇，助力国内行业客户增强数智化水平,1,与中国移动积极推动算力网络发展，共同完成业界首次800G以太网智算协同训练的现网技术试验。,0.90,2025,core,auto,,,
claim_90dab156594aa3d9,company_exposure,算力网络,紫光股份 对 算力网络 的公司敞口为 core：拥有产品灵犀AI助手。证据：公司陆续推出百业灵犀私域大模型、灵犀使能平台、灵犀推理引擎、灵犀AI助手、灵犀Cube一体机及多个行业智能体,"[""紫光股份""]",紫光股份 在 算力网络 的关系为拥有产品灵犀AI助手,neutral,,,,,annual_000938_2025,2025年年度报告,13,核心竞争力分析,1,公司陆续推出百业灵犀私域大模型、灵犀使能平台、灵犀推理引擎、灵犀AI助手、灵犀Cube一体机及多个行业智能体,0.90,2025,core,auto,,,
claim_962ef56b9bd56f44,company_exposure,算力网络,紫光股份 对 算力网络 的公司敞口为 core：涉及技术灵犀使能平台。证据：同上,"[""紫光股份""]",紫光股份 在 算力网络 的关系为涉及技术灵犀使能平台,neutral,,,,,annual_000938_2025,2025年年度报告,15,覆盖全球的销售网络,1,同上,0.90,2025,core,auto,,,
claim_984fcfa5df35f10d,company_exposure,光模块,紫光股份 对 光模块 的公司敞口为 indirect：涉及技术Scale-up整机柜技术。证据：公司重点推进CPO 技术与Scale-up 整机柜两大前沿技术方向研究,"[""紫光股份""]",紫光股份 在 光模块 的关系为涉及技术Scale-up整机柜技术,neutral,,,,,annual_000938_2025,2025年年度报告,17,力利用率，关键部件实现液冷散热，为万亿参数模型训练提供强大支持，兼具高效与绿色特性。,1,公司重点推进CPO 技术与Scale-up 整机柜两大前沿技术方向研究,0.90,2025,indirect,auto,,,
claim_6d38ddeb63effea9,company_exposure,液冷,紫光股份 对 液冷 的公司敞口为 mentioned：涉及技术Scale-up整机柜技术。证据：公司重点推进CPO 技术与Scale-up 整机柜两大前沿技术方向研究,"[""紫光股份""]",紫光股份 在 液冷 的关系为涉及技术Scale-up整机柜技术,neutral,,,,,annual_000938_2025,2025年年度报告,17,力利用率，关键部件实现液冷散热，为万亿参数模型训练提供强大支持，兼具高效与绿色特性。,1,公司重点推进CPO 技术与Scale-up 整机柜两大前沿技术方向研究,0.90,2025,mentioned,auto,,,
claim_47b133abe8ede0f3,company_exposure,算力网络,紫光股份 对 算力网络 的公司敞口为 core：涉及技术Scale-up整机柜技术。证据：公司重点推进CPO 技术与Scale-up 整机柜两大前沿技术方向研究,"[""紫光股份""]",紫光股份 在 算力网络 的关系为涉及技术Scale-up整机柜技术,neutral,,,,,annual_000938_2025,2025年年度报告,17,力利用率，关键部件实现液冷散热，为万亿参数模型训练提供强大支持，兼具高效与绿色特性。,1,公司重点推进CPO 技术与Scale-up 整机柜两大前沿技术方向研究,0.90,2025,core,auto,,,
claim_3e6a9d1b4cc665a8,company_exposure,算力网络,紫光股份 对 算力网络 的公司敞口为 core：属于环节AI算力产业链。证据：作为数字化及AI解决方案领导者，公司立足新一代信息通信领域，为客户提供全栈智能化的信息通信（ICT）基础设施、云与智能平台，以及数字化转型及智能化升级解决方案。,"[""紫光股份""]",紫光股份 在 算力网络 的关系为属于环节AI算力产业链,neutral,,,,,annual_000938_2025,2025年年度报告,12,管理层讨论与分析,1,作为数字化及AI解决方案领导者，公司立足新一代信息通信领域，为客户提供全栈智能化的信息通信（ICT）基础设施、云与智能平台，以及数字化转型及智能化升级解决方案。,0.90,2025,core,auto,,,
claim_5cc5afba0dea8d15,indicator,算力网络,算力网络 的可跟踪指标：紫光股份拥有产品路由器。证据：中国企业网路由器市场份额31.5%，排名第二,"[""紫光股份""]",紫光股份 在 算力网络 的关系为拥有产品路由器,neutral,,,31.5,%,annual_000938_2025,2025年年度报告,14,优质的客户资源和丰富的数字化转型实践经验,1,中国企业网路由器市场份额31.5%，排名第二,0.90,2025,core,auto,,,
claim_26b3a0240328a1a7,risk,算力网络,紫光股份 在 算力网络 相关业务中的风险：非财务报告内部控制重大缺陷。证据：定量标准：重大缺陷：潜在风险事件可能造成的直接财产损失金额8000 万元以上,"[""紫光股份""]",紫光股份 在 算力网络 的关系为披露风险非财务报告内部控制重大缺陷,negative,,,8000,万元,annual_000938_2025,2025年年度报告,53,内部控制审计报告,1,定量标准：重大缺陷：潜在风险事件可能造成的直接财产损失金额8000 万元以上,1.00,2025,core,auto,,,
claim_65d890dec3367866,company_exposure,算力网络,紫光股份 对 算力网络 的公司敞口为 core：拥有产品存储。证据：为客户提供网络、计算、存储、云计算、安全和智能终端等全栈智能化信息通信（ICT）基础设施、云与智能平台，以及数字化转型及智能化升级的解决方案。,"[""紫光股份""]",紫光股份 在 算力网络 的关系为拥有产品存储,neutral,,,,,annual_000938_2025,2025年年度报告,113,基本情况,1,为客户提供网络、计算、存储、云计算、安全和智能终端等全栈智能化信息通信（ICT）基础设施、云与智能平台，以及数字化转型及智能化升级的解决方案。,1.00,2025,core,auto,,,
claim_4a013ddeefecbc69,company_exposure,算力网络,紫光股份 对 算力网络 的公司敞口为 core：拥有产品智算安全解决方案。证据：升级智算安全解决方案,"[""紫光股份""]",紫光股份 在 算力网络 的关系为拥有产品智算安全解决方案,neutral,,,,,annual_000938_2025,2025年年度报告,18,核心竞争力,1,升级智算安全解决方案,0.90,2025,core,auto,,,
claim_4d47149dadd09dd1,company_exposure,数据中心,紫光股份 对 数据中心 的公司敞口为 indirect：具有敞口智算市场。证据：深挖智算市场商机；持续落地大中型智算中心建设项目，巩固智算市场优势地位。,"[""紫光股份""]",紫光股份 在 数据中心 的关系为具有敞口智算市场,neutral,,,,,annual_000938_2025,2025年年度报告,19,抢抓产业机遇，助力国内行业客户增强数智化水平,1,深挖智算市场商机；持续落地大中型智算中心建设项目，巩固智算市场优势地位。,0.90,2025,indirect,auto,,,
claim_c466aa14ecb9aa97,company_exposure,算力网络,紫光股份 对 算力网络 的公司敞口为 core：具有敞口智算市场。证据：深挖智算市场商机；持续落地大中型智算中心建设项目，巩固智算市场优势地位。,"[""紫光股份""]",紫光股份 在 算力网络 的关系为具有敞口智算市场,neutral,,,,,annual_000938_2025,2025年年度报告,19,抢抓产业机遇，助力国内行业客户增强数智化水平,1,深挖智算市场商机；持续落地大中型智算中心建设项目，巩固智算市场优势地位。,0.90,2025,core,auto,,,
claim_e233d77d5d4f2083,company_exposure,算力网络,紫光股份 对 算力网络 的公司敞口为 core：拥有产品百业灵犀ICT大模型。证据：公司百业灵犀ICT大模型,"[""紫光股份""]",紫光股份 在 算力网络 的关系为拥有产品百业灵犀ICT大模型,neutral,,,,,annual_000938_2025,2025年年度报告,16,主营业务分析,1,公司百业灵犀ICT大模型,0.90,2025,core,auto,,,
claim_7dab13f58619da41,risk,算力网络,紫光股份 在 算力网络 相关业务中的风险：经营风险。证据：（3）经营风险,"[""紫光股份""]",紫光股份 在 算力网络 的关系为披露风险经营风险,negative,,,3,,annual_000938_2025,2025年年度报告,36,资金需求及使用计划,1,（3）经营风险,0.90,2025,core,auto,,,
claim_9587da5b932c8d3d,company_exposure,算力网络,紫光股份 对 算力网络 的公司敞口为 core：拥有产品H3C UniPoD S80000 超节点产品。证据：推出H3C UniPoD S80000 超节点产品,"[""紫光股份""]",紫光股份 在 算力网络 的关系为拥有产品H3C UniPoD S80000 超节点产品,neutral,,,3,,annual_000938_2025,2025年年度报告,15,覆盖全球的销售网络,1,推出H3C UniPoD S80000 超节点产品,0.90,2025,core,auto,,,
claim_d409bf107fd9b929,indicator,算力网络,算力网络 的可跟踪指标：紫光股份披露指标毛利率。证据：毛利率 14.59%,"[""紫光股份""]",紫光股份 在 算力网络 的关系为披露指标毛利率,neutral,,毛利率,14.59,%,annual_000938_2025,2025年年度报告,20,单位：元,1,毛利率 14.59%,1.00,2025,core,auto,,,
claim_10044f1e69c620a1,company_exposure,算力网络,紫光股份 对 算力网络 的公司敞口为 core：拥有产品H3C绿洲平台。证据：公司“H3C绿洲平台”入选教育部优秀解决方案,"[""紫光股份""]",紫光股份 在 算力网络 的关系为拥有产品H3C绿洲平台,neutral,,,3,,annual_000938_2025,2025年年度报告,14,优质的客户资源和丰富的数字化转型实践经验,1,公司“H3C绿洲平台”入选教育部优秀解决方案,0.80,2025,core,auto,,,
claim_175b941e60423467,risk,算力网络,紫光股份 在 算力网络 相关业务中的风险：汇率波动风险。证据：公司进行外汇套期保值业务会存在一定的风险：1、汇率波动风险：由于外汇市场存在各种影响汇率走势的复杂因素，不确定性较大，如未来汇率走势与公司判断的汇率波动方向发生大幅偏离，实际汇率将与公司外汇套期保值合约锁定汇率出现较大偏差，将给公司带来损失。,"[""紫光股份""]",紫光股份 在 算力网络 的关系为披露风险汇率波动风险,negative,,,1,,annual_000938_2025,2025年年度报告,32,√适用 □不适用,1,公司进行外汇套期保值业务会存在一定的风险：1、汇率波动风险：由于外汇市场存在各种影响汇率走势的复杂因素，不确定性较大，如未来汇率走势与公司判断的汇率波动方向发生大幅偏离，实际汇率将与公司外汇套期保值合约锁定汇率出现较大偏差，将给公司带来损失。,1.00,2025,core,auto,,,
claim_a86d06b3e328aadb,risk,算力网络,紫光股份 在 算力网络 相关业务中的风险：财务报告内部控制一般缺陷。证据：定量标准：营业收入潜在错报：一般缺陷：错报≤营业收入总额的0.5%；利润总额潜在错报：一般缺陷：错报≤利润总额的5%；资产总额潜在错报：一般缺陷：错报≤资产总额的0.5%；所有者权益潜在错报：一般缺陷：错报≤所有者权益总额的1.5%,"[""紫光股份""]",紫光股份 在 算力网络 的关系为披露风险财务报告内部控制一般缺陷,negative,,,0.5,%,annual_000938_2025,2025年年度报告,53,内部控制审计报告,1,定量标准：营业收入潜在错报：一般缺陷：错报≤营业收入总额的0.5%；利润总额潜在错报：一般缺陷：错报≤利润总额的5%；资产总额潜在错报：一般缺陷：错报≤资产总额的0.5%；所有者权益潜在错报：一般缺陷：错报≤所有者权益总额的1.5%,1.00,2025,core,auto,,,
claim_2a6ef71eb305a6b3,company_exposure,算力网络,紫光股份 对 算力网络 的公司敞口为 core：拥有产品云集群智算数据中心交换机增强项目。证据：推出新一代DDC2产品,"[""紫光股份""]",紫光股份 在 算力网络 的关系为拥有产品云集群智算数据中心交换机增强项目,neutral,,,2,,annual_000938_2025,2025年年度报告,25,费用,1,推出新一代DDC2产品,1.00,2025,core,auto,,,
claim_17a82cae48cd84f0,company_exposure,数据中心,紫光股份 对 数据中心 的公司敞口为 direct：拥有产品云集群智算数据中心交换机增强项目。证据：推出新一代DDC2产品,"[""紫光股份""]",紫光股份 在 数据中心 的关系为拥有产品云集群智算数据中心交换机增强项目,neutral,,,2,,annual_000938_2025,2025年年度报告,25,费用,1,推出新一代DDC2产品,1.00,2025,direct,auto,,,
claim_3518b9ec81924325,indicator,算力网络,"算力网络 的可跟踪指标：紫光股份披露指标研发费用_2025。证据：2025年度研发费用合计4,952,674,806.36元","[""紫光股份""]",紫光股份 在 算力网络 的关系为披露指标研发费用_2025,neutral,near_term,研发费用_2025,2025,,annual_000938_2025,2025年年度报告,191,合并财务报表主要项目注释（续）,1,"2025年度研发费用合计4,952,674,806.36元",1.00,2025,core,auto,,,
claim_91c20950faf2903c,company_exposure,算力网络,紫光股份 对 算力网络 的公司敞口为 core：拥有产品互联网信息技术产品。证据：新华三集团主要业务包括网络产品、服务器、存储产品、安全产品、云计算产品、互联网信息技术产品的研发、生产、销售等,"[""紫光股份""]",紫光股份 在 算力网络 的关系为拥有产品互联网信息技术产品,neutral,,,,,annual_000938_2025,2025年年度报告,34,公司控制的结构化主体情况,1,新华三集团主要业务包括网络产品、服务器、存储产品、安全产品、云计算产品、互联网信息技术产品的研发、生产、销售等,0.90,2025,core,auto,,,
claim_606a7d5a8d3ef627,company_exposure,算力网络,紫光股份 对 算力网络 的公司敞口为 core：拥有产品云操作系统。证据：主要产品及服务包括：4、云与智能：云操作系统、虚拟化平台、超融合产品、大数据平台、数据库等；,"[""紫光股份""]",紫光股份 在 算力网络 的关系为拥有产品云操作系统,neutral,,,4,,annual_000938_2025,2025年年度报告,12,管理层讨论与分析,1,主要产品及服务包括：4、云与智能：云操作系统、虚拟化平台、超融合产品、大数据平台、数据库等；,1.00,2025,core,auto,,,
claim_722e2e40ddd53186,company_exposure,算力网络,紫光股份 对 算力网络 的公司敞口为 core：拥有产品安全。证据：为客户提供网络、计算、存储、云计算、安全和智能终端等全栈智能化信息通信（ICT）基础设施、云与智能平台，以及数字化转型及智能化升级的解决方案。,"[""紫光股份""]",紫光股份 在 算力网络 的关系为拥有产品安全,neutral,,,,,annual_000938_2025,2025年年度报告,113,基本情况,1,为客户提供网络、计算、存储、云计算、安全和智能终端等全栈智能化信息通信（ICT）基础设施、云与智能平台，以及数字化转型及智能化升级的解决方案。,1.00,2025,core,auto,,,
claim_8461094d7a07d3db,policy,算力网络,算力网络 机理/传导：紫光股份政策支撑乡村全面振兴规划（2024—2027年）。证据：中共中央、国务院印发了《乡村全面振兴规划（2024—2027 年）》...公司积极响应国家乡村振兴战略号召,"[""紫光股份""]",紫光股份 在 算力网络 的关系为政策支撑乡村全面振兴规划（2024—2027年）,positive,mid_term,,2024,,annual_000938_2025,2025年年度报告,55,巩固拓展脱贫攻坚成果、乡村振兴的情况,1,中共中央、国务院印发了《乡村全面振兴规划（2024—2027 年）》...公司积极响应国家乡村振兴战略号召,0.90,2025,core,auto,,,
claim_13d5d1d404ba4391,company_exposure,算力网络,紫光股份 对 算力网络 的公司敞口为 core：拥有产品海外子品牌Aolynk。证据：报告期内，公司推出海外子品牌Aolynk，专注为全球中小企业提供一站式数字化赋能。,"[""紫光股份""]",紫光股份 在 算力网络 的关系为拥有产品海外子品牌Aolynk,neutral,near_term,,,,annual_000938_2025,2025年年度报告,19,抢抓产业机遇，助力国内行业客户增强数智化水平,1,报告期内，公司推出海外子品牌Aolynk，专注为全球中小企业提供一站式数字化赋能。,0.90,2025,core,auto,,,
claim_eecc7a4d0bb887e2,company_exposure,算力网络,紫光股份 对 算力网络 的公司敞口为 core：涉及技术人工智能。证据：公司将AI技术广泛融入产品和解决方案中，持续推动产品智能化升级,"[""紫光股份""]",紫光股份 在 算力网络 的关系为涉及技术人工智能,neutral,,,,,annual_000938_2025,2025年年度报告,13,核心竞争力分析,1,公司将AI技术广泛融入产品和解决方案中，持续推动产品智能化升级,0.90,2025,core,auto,,,
claim_99542b3d28300d01,company_exposure,算力网络,紫光股份 对 算力网络 的公司敞口为 core：涉及技术芯模联动。证据：重点聚焦“芯模联动”(芯片研发与算法模型深度协同)战略,"[""紫光股份""]",紫光股份 在 算力网络 的关系为涉及技术芯模联动,neutral,,,,,annual_000938_2025,2025年年度报告,36,资金需求及使用计划,1,重点聚焦“芯模联动”(芯片研发与算法模型深度协同)战略,0.90,2025,core,auto,,,
claim_b5a657503bee3645,company_exposure,算力网络,紫光股份 对 算力网络 的公司敞口为 core：涉及技术静态故障检测+秒级自愈。证据：静态故障检测+秒级自愈，保障网络稳定可靠,"[""紫光股份""]",紫光股份 在 算力网络 的关系为涉及技术静态故障检测+秒级自愈,neutral,,,,,annual_000938_2025,2025年年度报告,27,公司研发投入情况,1,静态故障检测+秒级自愈，保障网络稳定可靠,0.90,2025,core,auto,,,
claim_4c411ca88ebc0343,policy,算力网络,算力网络 机理/传导：紫光股份政策支撑上市公司监管指引第10号——市值管理。证据：根据《上市公司监管指引第10号——市值管理》等规定，公司制定了《市值管理制度》,"[""紫光股份""]",紫光股份 在 算力网络 的关系为政策支撑上市公司监管指引第10号——市值管理,positive,,,10,,annual_000938_2025,2025年年度报告,39,市值管理制度和估值提升计划的制定落实情况,1,根据《上市公司监管指引第10号——市值管理》等规定，公司制定了《市值管理制度》,1.00,2025,core,auto,,,
claim_f662d4046e35d96b,company_exposure,算力网络,紫光股份 对 算力网络 的公司敞口为 core：拥有产品服务器。证据：新华三集团主要业务包括网络产品、服务器、存储产品、安全产品、云计算产品、互联网信息技术产品的研发、生产、销售等,"[""紫光股份""]",紫光股份 在 算力网络 的关系为拥有产品服务器,neutral,,,,,annual_000938_2025,2025年年度报告,34,公司控制的结构化主体情况,1,新华三集团主要业务包括网络产品、服务器、存储产品、安全产品、云计算产品、互联网信息技术产品的研发、生产、销售等,0.90,2025,core,auto,,,
claim_36be301be45c74dd,indicator,算力网络,算力网络 的可跟踪指标：紫光股份披露指标研发投入资本化的金额。证据：表格中2025年和2024年研发投入资本化的金额均为--。,"[""紫光股份""]",紫光股份 在 算力网络 的关系为披露指标研发投入资本化的金额,neutral,near_term,研发投入资本化的金额,2025,,annual_000938_2025,2025年年度报告,27,公司研发投入情况,1,表格中2025年和2024年研发投入资本化的金额均为--。,1.00,2025,core,auto,,,
claim_fec12c43404f8bf4,company_exposure,液冷,紫光股份 对 液冷 的公司敞口为 mentioned：拥有产品灵犀智算方案V5.0。证据：公司灵犀智算方案迭代至V5.0 版本，全面支持私域训推、大规模训练、垂直行业类AI 应用开发三类智算中心的建设需求,"[""紫光股份""]",紫光股份 在 液冷 的关系为拥有产品灵犀智算方案V5.0,neutral,,,5.0,,annual_000938_2025,2025年年度报告,17,力利用率，关键部件实现液冷散热，为万亿参数模型训练提供强大支持，兼具高效与绿色特性。,1,公司灵犀智算方案迭代至V5.0 版本，全面支持私域训推、大规模训练、垂直行业类AI 应用开发三类智算中心的建设需求,0.90,2025,mentioned,auto,,,
claim_85f1707c36e3e49e,company_exposure,数据中心,紫光股份 对 数据中心 的公司敞口为 indirect：拥有产品灵犀智算方案V5.0。证据：公司灵犀智算方案迭代至V5.0 版本，全面支持私域训推、大规模训练、垂直行业类AI 应用开发三类智算中心的建设需求,"[""紫光股份""]",紫光股份 在 数据中心 的关系为拥有产品灵犀智算方案V5.0,neutral,,,5.0,,annual_000938_2025,2025年年度报告,17,力利用率，关键部件实现液冷散热，为万亿参数模型训练提供强大支持，兼具高效与绿色特性。,1,公司灵犀智算方案迭代至V5.0 版本，全面支持私域训推、大规模训练、垂直行业类AI 应用开发三类智算中心的建设需求,0.90,2025,indirect,auto,,,
claim_e633e50e671a1090,company_exposure,算力网络,紫光股份 对 算力网络 的公司敞口为 core：拥有产品灵犀智算方案V5.0。证据：公司灵犀智算方案迭代至V5.0 版本，全面支持私域训推、大规模训练、垂直行业类AI 应用开发三类智算中心的建设需求,"[""紫光股份""]",紫光股份 在 算力网络 的关系为拥有产品灵犀智算方案V5.0,neutral,,,5.0,,annual_000938_2025,2025年年度报告,17,力利用率，关键部件实现液冷散热，为万亿参数模型训练提供强大支持，兼具高效与绿色特性。,1,公司灵犀智算方案迭代至V5.0 版本，全面支持私域训推、大规模训练、垂直行业类AI 应用开发三类智算中心的建设需求,0.90,2025,core,auto,,,
claim_f9f3902b04dc5f60,risk,算力网络,紫光股份 在 算力网络 相关业务中的风险：供应链波动。证据：也面临着竞争加剧与供应链波动等多重挑战,"[""紫光股份""]",紫光股份 在 算力网络 的关系为披露风险供应链波动,negative,,,,,annual_000938_2025,2025年年度报告,35,公司未来发展的展望,1,也面临着竞争加剧与供应链波动等多重挑战,0.90,2025,core,auto,,,
claim_82e37c3fe5f63925,indicator,算力网络,"算力网络 的可跟踪指标：紫光股份披露指标国内收入。证据：国内收入：2025年92,037,811,596.19元，占营业收入比重95.13%。","[""紫光股份""]",紫光股份 在 算力网络 的关系为披露指标国内收入,neutral,near_term,国内收入,2025,,annual_000938_2025,2025年年度报告,20,单位：元,1,"国内收入：2025年92,037,811,596.19元，占营业收入比重95.13%。",1.00,2025,core,auto,,,
claim_ae011869e17543ad,indicator,算力网络,"算力网络 的可跟踪指标：紫光股份披露指标营业成本_2025。证据：减：营业成本49 82,631,846,618.39","[""紫光股份""]",紫光股份 在 算力网络 的关系为披露指标营业成本_2025,neutral,near_term,营业成本_2025,2025,,annual_000938_2025,2025年年度报告,100,营业收入,1,"减：营业成本49 82,631,846,618.39",1.00,2025,core,auto,,,
claim_0e917becb12d15d6,company_exposure,算力网络,紫光股份 对 算力网络 的公司敞口为 core：拥有产品人工智能。证据：持续在网络、安全、计算、存储、云计算、人工智能等重点领域的研发投入，夯实“云—网—安—算—存—端”全栈业务布局,"[""紫光股份""]",紫光股份 在 算力网络 的关系为拥有产品人工智能,neutral,,,,,annual_000938_2025,2025年年度报告,24,费用,1,持续在网络、安全、计算、存储、云计算、人工智能等重点领域的研发投入，夯实“云—网—安—算—存—端”全栈业务布局,0.90,2025,core,auto,,,
claim_55160b947ae8148d,company_exposure,AI服务器,紫光股份 对 AI服务器 的公司敞口为 direct：拥有产品新一代旗舰级AI服务器。证据：完成新一代R5500系列服务器发布,"[""紫光股份""]",紫光股份 在 AI服务器 的关系为拥有产品新一代旗舰级AI服务器,neutral,,,5500,,annual_000938_2025,2025年年度报告,25,费用,1,完成新一代R5500系列服务器发布,1.00,2025,direct,auto,,,
claim_0b67c497c44cce1b,company_exposure,算力网络,紫光股份 对 算力网络 的公司敞口为 core：拥有产品新一代旗舰级AI服务器。证据：完成新一代R5500系列服务器发布,"[""紫光股份""]",紫光股份 在 算力网络 的关系为拥有产品新一代旗舰级AI服务器,neutral,,,5500,,annual_000938_2025,2025年年度报告,25,费用,1,完成新一代R5500系列服务器发布,1.00,2025,core,auto,,,
claim_aab1aa66b0c8a375,company_exposure,算力网络,紫光股份 对 算力网络 的公司敞口为 core：拥有产品LinSeer Cube 大模型一体机。证据：推出LinSeer Cube 大模型一体机,"[""紫光股份""]",紫光股份 在 算力网络 的关系为拥有产品LinSeer Cube 大模型一体机,neutral,,,,,annual_000938_2025,2025年年度报告,16,主营业务分析,1,推出LinSeer Cube 大模型一体机,0.90,2025,core,auto,,,
claim_afea90b0f8463594,company_exposure,算力网络,紫光股份 对 算力网络 的公司敞口为 core：拥有产品LinSeer ICT 智能体。证据：发布了新一代数字基础设施智能化方案“LinSeer ICT 智能体”,"[""紫光股份""]",紫光股份 在 算力网络 的关系为拥有产品LinSeer ICT 智能体,neutral,,,,,annual_000938_2025,2025年年度报告,15,覆盖全球的销售网络,1,发布了新一代数字基础设施智能化方案“LinSeer ICT 智能体”,0.90,2025,core,auto,,,
claim_29808f2ad13285a1,company_exposure,算力网络,紫光股份 对 算力网络 的公司敞口为 core：拥有产品AI 数据平台解决方案。证据：推出AI 数据平台解决方案,"[""紫光股份""]",紫光股份 在 算力网络 的关系为拥有产品AI 数据平台解决方案,neutral,,,,,annual_000938_2025,2025年年度报告,18,核心竞争力,1,推出AI 数据平台解决方案,0.90,2025,core,auto,,,
claim_93d33d9a75ad8683,company_exposure,算力网络,紫光股份 对 算力网络 的公司敞口为 core：拥有产品图灵小镇。证据：在“图灵小镇”不断扩大建设数量及运营规模的同时,"[""紫光股份""]",紫光股份 在 算力网络 的关系为拥有产品图灵小镇,neutral,,,,,annual_000938_2025,2025年年度报告,36,资金需求及使用计划,1,在“图灵小镇”不断扩大建设数量及运营规模的同时,0.90,2025,core,auto,,,
claim_2e38894f02b85426,indicator,算力网络,算力网络 的可跟踪指标：紫光股份拥有产品云网安一体化解决方案。证据：公司积极探索与本地伙伴的协同模式，推动云网安一体化能力在海外落地,"[""紫光股份""]",紫光股份 在 算力网络 的关系为拥有产品云网安一体化解决方案,neutral,,,,,annual_000938_2025,2025年年度报告,20,收入与成本,1,公司积极探索与本地伙伴的协同模式，推动云网安一体化能力在海外落地,0.90,2025,core,auto,,,
claim_55a16668112e4ed0,company_exposure,算力网络,紫光股份 对 算力网络 的公司敞口为 core：拥有产品CloudOS 7.0。证据：完成 CloudOS 7.0 软件特性增强版本发布,"[""紫光股份""]",紫光股份 在 算力网络 的关系为拥有产品CloudOS 7.0,neutral,,,7.0,,annual_000938_2025,2025年年度报告,26,费用,1,完成 CloudOS 7.0 软件特性增强版本发布,1.00,2025,core,auto,,,
claim_866134060f4ba5ca,indicator,算力网络,算力网络 的可跟踪指标：紫光股份披露指标研发费用同比增减。证据：表格：研发费用同比增减-2.92%,"[""紫光股份""]",紫光股份 在 算力网络 的关系为披露指标研发费用同比增减,neutral,,研发费用同比增减,-2.92,%,annual_000938_2025,2025年年度报告,24,单位：元,1,表格：研发费用同比增减-2.92%,1.00,2025,core,auto,,,
claim_4a3e790b7fb08e7c,indicator,算力网络,算力网络 的可跟踪指标：紫光股份受益于数字化转型。证据：解决数字化转型'最后一公里'难题,"[""紫光股份""]",紫光股份 在 算力网络 的关系为受益于数字化转型,positive,,,,,annual_000938_2025,2025年年度报告,20,收入与成本,1,解决数字化转型'最后一公里'难题,0.70,2025,core,auto,,,
claim_0895bcb3e93d8a8b,company_exposure,算力网络,紫光股份 对 算力网络 的公司敞口为 core：涉及技术U-Center。证据：同上,"[""紫光股份""]",紫光股份 在 算力网络 的关系为涉及技术U-Center,neutral,,,,,annual_000938_2025,2025年年度报告,15,覆盖全球的销售网络,1,同上,0.90,2025,core,auto,,,
claim_7e8ea51ada11f9bc,company_exposure,算力网络,紫光股份 对 算力网络 的公司敞口为 core：拥有产品网络。证据：为客户提供网络、计算、存储、云计算、安全和智能终端等全栈智能化信息通信（ICT）基础设施、云与智能平台，以及数字化转型及智能化升级的解决方案。,"[""紫光股份""]",紫光股份 在 算力网络 的关系为拥有产品网络,neutral,,,,,annual_000938_2025,2025年年度报告,113,基本情况,1,为客户提供网络、计算、存储、云计算、安全和智能终端等全栈智能化信息通信（ICT）基础设施、云与智能平台，以及数字化转型及智能化升级的解决方案。,1.00,2025,core,auto,,,
claim_b39707573cbe8ce0,company_exposure,算力网络,紫光股份 对 算力网络 的公司敞口为 core：涉及技术BMC。证据：同上,"[""紫光股份""]",紫光股份 在 算力网络 的关系为涉及技术BMC,neutral,,,,,annual_000938_2025,2025年年度报告,15,覆盖全球的销售网络,1,同上,0.90,2025,core,auto,,,
claim_883aba9c423bdfd8,mechanism,算力网络,算力网络 机理/传导：紫光股份受益于国务院《关于深入实施“人工智能+”行动的意见》。证据：国务院《关于深入实施“人工智能+”行动的意见》...为行业高质量发展赋能,"[""紫光股份""]",紫光股份 在 算力网络 的关系为受益于国务院《关于深入实施“人工智能+”行动的意见》,positive,,,,,annual_000938_2025,2025年年度报告,12,管理层讨论与分析,1,国务院《关于深入实施“人工智能+”行动的意见》...为行业高质量发展赋能,0.80,2025,core,auto,,,
claim_066853f229ed78cc,company_exposure,算力网络,紫光股份 对 算力网络 的公司敞口为 core：属于环节AI 算力产业链。证据：丰富 AI 算力产品布局，持续提升 AI 解决方案能力与市场地位,"[""紫光股份""]",紫光股份 在 算力网络 的关系为属于环节AI 算力产业链,neutral,,,,,annual_000938_2025,2025年年度报告,27,公司研发投入情况,1,丰富 AI 算力产品布局，持续提升 AI 解决方案能力与市场地位,0.70,2025,core,auto,,,
claim_8f7c4ef220171053,risk,算力网络,紫光股份 在 算力网络 相关业务中的风险：人力资源风险。证据：公司业务所涉足的领域专业性较强，加之现代企业竞争日益激烈，公司将面临着人力资源成本上升、技术人员和核心业务骨干缺乏的风险。,"[""紫光股份""]",紫光股份 在 算力网络 的关系为披露风险人力资源风险,negative,near_term,,,,annual_000938_2025,2025年年度报告,37,报告期内接待调研、沟通、采访等活动,1,公司业务所涉足的领域专业性较强，加之现代企业竞争日益激烈，公司将面临着人力资源成本上升、技术人员和核心业务骨干缺乏的风险。,0.90,2025,core,auto,,,
claim_f97bb3582e901a18,company_exposure,算力网络,紫光股份 对 算力网络 的公司敞口为 core：拥有产品云与智能平台。证据：为客户提供网络、计算、存储、云计算、安全和智能终端等全栈智能化信息通信（ICT）基础设施、云与智能平台，以及数字化转型及智能化升级的解决方案。,"[""紫光股份""]",紫光股份 在 算力网络 的关系为拥有产品云与智能平台,neutral,,,,,annual_000938_2025,2025年年度报告,113,基本情况,1,为客户提供网络、计算、存储、云计算、安全和智能终端等全栈智能化信息通信（ICT）基础设施、云与智能平台，以及数字化转型及智能化升级的解决方案。,1.00,2025,core,auto,,,
claim_d9fac22ea365e17b,company_exposure,AI服务器,紫光股份 对 AI服务器 的公司敞口为 mentioned：拥有产品下一代存储。证据：公司打造了以高速无损网络、人工智能服务器、下一代存储、算力调度管理平台为核心的全栈智算解决方案,"[""紫光股份""]",紫光股份 在 AI服务器 的关系为拥有产品下一代存储,neutral,,,,,annual_000938_2025,2025年年度报告,16,主营业务分析,1,公司打造了以高速无损网络、人工智能服务器、下一代存储、算力调度管理平台为核心的全栈智算解决方案,0.90,2025,mentioned,auto,,,
claim_9b6ff2e0fff99aa9,company_exposure,算力网络,紫光股份 对 算力网络 的公司敞口为 core：拥有产品下一代存储。证据：公司打造了以高速无损网络、人工智能服务器、下一代存储、算力调度管理平台为核心的全栈智算解决方案,"[""紫光股份""]",紫光股份 在 算力网络 的关系为拥有产品下一代存储,neutral,,,,,annual_000938_2025,2025年年度报告,16,主营业务分析,1,公司打造了以高速无损网络、人工智能服务器、下一代存储、算力调度管理平台为核心的全栈智算解决方案,0.90,2025,core,auto,,,
claim_c86f0da6890d0a6d,company_exposure,算力网络,紫光股份 对 算力网络 的公司敞口为 core：具有敞口数字化。证据：作为数字化及AI解决方案提供者,"[""紫光股份""]",紫光股份 在 算力网络 的关系为具有敞口数字化,neutral,,,,,annual_000938_2025,2025年年度报告,113,基本情况,1,作为数字化及AI解决方案提供者,1.00,2025,core,auto,,,
claim_841e7a088b3d87d5,company_exposure,算力网络,紫光股份 对 算力网络 的公司敞口为 core：拥有产品ICT基础设施与服务。证据：产品分类：ICT基础设施与服务,"[""紫光股份""]",紫光股份 在 算力网络 的关系为拥有产品ICT基础设施与服务,neutral,,,,,annual_000938_2025,2025年年度报告,21,单位：元,1,产品分类：ICT基础设施与服务,1.00,2025,core,auto,,,
claim_879b6991d81d8e27,indicator,算力网络,算力网络 的可跟踪指标：紫光股份披露指标ICT基础设施与服务收入占比。证据：ICT基础设施与服务占营业收入比重：79.43%。,"[""紫光股份""]",紫光股份 在 算力网络 的关系为披露指标ICT基础设施与服务收入占比,neutral,,ICT基础设施与服务收入占比,79.43,%,annual_000938_2025,2025年年度报告,20,单位：元,1,ICT基础设施与服务占营业收入比重：79.43%。,1.00,2025,core,auto,,,
claim_f23ba80a7e7b059b,indicator,算力网络,"算力网络 的可跟踪指标：紫光股份披露指标营业收入_2024。证据：营业收入49 79,024,078,451.16","[""紫光股份""]",紫光股份 在 算力网络 的关系为披露指标营业收入_2024,neutral,,营业收入_2024,2024,,annual_000938_2025,2025年年度报告,100,营业收入,1,"营业收入49 79,024,078,451.16",1.00,2025,core,auto,,,
claim_7f5e7f33f7464c78,company_exposure,算力网络,紫光股份 对 算力网络 的公司敞口为 core：拥有产品安全产品。证据：为人工智能、云计算、大数据、物联网等新兴技术在行业应用提供技术领先的计算、网络、存储和安全等软硬件产品,"[""紫光股份""]",紫光股份 在 算力网络 的关系为拥有产品安全产品,neutral,,,,,annual_000938_2025,2025年年度报告,35,公司未来发展的展望,1,为人工智能、云计算、大数据、物联网等新兴技术在行业应用提供技术领先的计算、网络、存储和安全等软硬件产品,0.90,2025,core,auto,,,
claim_8f98bc41363475ce,company_exposure,液冷,紫光股份 对 液冷 的公司敞口为 mentioned：拥有产品Cloudnet云管。证据：2025 年Cloudnet 云管业务快速增长,"[""紫光股份""]",紫光股份 在 液冷 的关系为拥有产品Cloudnet云管,neutral,near_term,,2025,,annual_000938_2025,2025年年度报告,17,力利用率，关键部件实现液冷散热，为万亿参数模型训练提供强大支持，兼具高效与绿色特性。,1,2025 年Cloudnet 云管业务快速增长,0.90,2025,mentioned,auto,,,
claim_10f684f134d2e5f3,company_exposure,算力网络,紫光股份 对 算力网络 的公司敞口为 core：拥有产品Cloudnet云管。证据：2025 年Cloudnet 云管业务快速增长,"[""紫光股份""]",紫光股份 在 算力网络 的关系为拥有产品Cloudnet云管,neutral,near_term,,2025,,annual_000938_2025,2025年年度报告,17,力利用率，关键部件实现液冷散热，为万亿参数模型训练提供强大支持，兼具高效与绿色特性。,1,2025 年Cloudnet 云管业务快速增长,0.90,2025,core,auto,,,
claim_4175f2c0cbe35c49,company_exposure,算力网络,紫光股份 对 算力网络 的公司敞口为 core：拥有产品AI工作站。证据：主要产品及服务包括：6、智能终端：商用笔记本电脑、商用台式机、智慧云屏、AI工作站等。,"[""紫光股份""]",紫光股份 在 算力网络 的关系为拥有产品AI工作站,neutral,,,6,,annual_000938_2025,2025年年度报告,12,管理层讨论与分析,1,主要产品及服务包括：6、智能终端：商用笔记本电脑、商用台式机、智慧云屏、AI工作站等。,1.00,2025,core,auto,,,
claim_3c67425705ddb124,company_exposure,算力网络,紫光股份 对 算力网络 的公司敞口为 core：拥有产品网络。证据：持续在网络、安全、计算、存储、云计算、人工智能等重点领域的研发投入，夯实“云—网—安—算—存—端”全栈业务布局,"[""紫光股份""]",紫光股份 在 算力网络 的关系为拥有产品网络,neutral,,,,,annual_000938_2025,2025年年度报告,24,费用,1,持续在网络、安全、计算、存储、云计算、人工智能等重点领域的研发投入，夯实“云—网—安—算—存—端”全栈业务布局,0.90,2025,core,auto,,,
claim_b5d64a55cd28f6c5,indicator,算力网络,"算力网络 的可跟踪指标：紫光股份披露指标营业收入_2025。证据：营业收入4 115,158,438.75 258,272,495.85","[""紫光股份""]",紫光股份 在 算力网络 的关系为披露指标营业收入_2025,neutral,near_term,营业收入_2025,2025,,annual_000938_2025,2025年年度报告,108,89 -减：营业外支出,1,"营业收入4 115,158,438.75 258,272,495.85",1.00,2025,core,auto,,,
claim_97a18c82911d38eb,company_exposure,算力网络,紫光股份 对 算力网络 的公司敞口为 core：拥有产品交通大模型。证据：推出交通大模型、交通智算解决方案、城轨行业智能体。,"[""紫光股份""]",紫光股份 在 算力网络 的关系为拥有产品交通大模型,neutral,,,,,annual_000938_2025,2025年年度报告,19,抢抓产业机遇，助力国内行业客户增强数智化水平,1,推出交通大模型、交通智算解决方案、城轨行业智能体。,0.90,2025,core,auto,,,
claim_67098d22c142c855,mechanism,数据中心,数据中心 机理/传导：紫光股份受益于智算中心。证据：基础层聚焦智算中心等核心算力设施,"[""紫光股份""]",紫光股份 在 数据中心 的关系为受益于智算中心,positive,,,,,annual_000938_2025,2025年年度报告,12,管理层讨论与分析,1,基础层聚焦智算中心等核心算力设施,0.70,2025,indirect,auto,,,
claim_db1c3a3524c2cb21,mechanism,算力网络,算力网络 机理/传导：紫光股份受益于智算中心。证据：基础层聚焦智算中心等核心算力设施,"[""紫光股份""]",紫光股份 在 算力网络 的关系为受益于智算中心,positive,,,,,annual_000938_2025,2025年年度报告,12,管理层讨论与分析,1,基础层聚焦智算中心等核心算力设施,0.70,2025,core,auto,,,
claim_c6717830f7bd3403,company_exposure,算力网络,紫光股份 对 算力网络 的公司敞口为 core：拥有产品数字乡村解决方案。证据：聚焦信息基础设施、公共支撑平台、数字应用场景、保障体系建设、建设运营管理等数字乡村建设场景,"[""紫光股份""]",紫光股份 在 算力网络 的关系为拥有产品数字乡村解决方案,neutral,,,,,annual_000938_2025,2025年年度报告,55,巩固拓展脱贫攻坚成果、乡村振兴的情况,1,聚焦信息基础设施、公共支撑平台、数字应用场景、保障体系建设、建设运营管理等数字乡村建设场景,0.80,2025,core,auto,,,
claim_ed229687c6db0742,company_exposure,AI服务器,紫光股份 对 AI服务器 的公司敞口为 mentioned：拥有产品算力调度管理平台。证据：公司打造了以高速无损网络、人工智能服务器、下一代存储、算力调度管理平台为核心的全栈智算解决方案,"[""紫光股份""]",紫光股份 在 AI服务器 的关系为拥有产品算力调度管理平台,neutral,,,,,annual_000938_2025,2025年年度报告,16,主营业务分析,1,公司打造了以高速无损网络、人工智能服务器、下一代存储、算力调度管理平台为核心的全栈智算解决方案,0.90,2025,mentioned,auto,,,
claim_047d1df5a82cca69,company_exposure,算力网络,紫光股份 对 算力网络 的公司敞口为 core：拥有产品算力调度管理平台。证据：公司打造了以高速无损网络、人工智能服务器、下一代存储、算力调度管理平台为核心的全栈智算解决方案,"[""紫光股份""]",紫光股份 在 算力网络 的关系为拥有产品算力调度管理平台,neutral,,,,,annual_000938_2025,2025年年度报告,16,主营业务分析,1,公司打造了以高速无损网络、人工智能服务器、下一代存储、算力调度管理平台为核心的全栈智算解决方案,0.90,2025,core,auto,,,
claim_bf3beea5628c0f86,company_exposure,算力网络,紫光股份 对 算力网络 的公司敞口为 core：涉及技术Comware。证据：公司在网络、服务器、存储、云计算、安全等重点领域掌握核心技术，包括Comware、AD-NET、U-Center、CloudOS、UltraStor、BMC、傲飞算力平台、灵犀使能平台等平台与核心底层软件以及相应的硬件产品IP,"[""紫光股份""]",紫光股份 在 算力网络 的关系为涉及技术Comware,neutral,,,,,annual_000938_2025,2025年年度报告,15,覆盖全球的销售网络,1,公司在网络、服务器、存储、云计算、安全等重点领域掌握核心技术，包括Comware、AD-NET、U-Center、CloudOS、UltraStor、BMC、傲飞算力平台、灵犀使能平台等平台与核心底层软件以及相应的硬件产品IP,0.90,2025,core,auto,,,
claim_996e037bdf4813cb,company_exposure,算力网络,紫光股份 对 算力网络 的公司敞口为 core：涉及技术AD-NET。证据：同上,"[""紫光股份""]",紫光股份 在 算力网络 的关系为涉及技术AD-NET,neutral,,,,,annual_000938_2025,2025年年度报告,15,覆盖全球的销售网络,1,同上,0.90,2025,core,auto,,,
claim_f6eafd01e27c7143,indicator,算力网络,"算力网络 的可跟踪指标：紫光股份披露指标国外营业收入。证据：国外 | 4,710,527,747.84 | 3,601,208,503.46 | 23.55% | 53.59% | 73.58% | -8.81%","[""紫光股份""]",紫光股份 在 算力网络 的关系为披露指标国外营业收入,neutral,,国外营业收入,4710527747.84,,annual_000938_2025,2025年年度报告,21,公司实物销售收入是否大于劳务收入,1,"国外 | 4,710,527,747.84 | 3,601,208,503.46 | 23.55% | 53.59% | 73.58% | -8.81%",1.00,2025,core,auto,,,
claim_9f1022263721f489,company_exposure,算力网络,紫光股份 对 算力网络 的公司敞口为 core：拥有产品全场景Wi-Fi 7组网方案。证据：完成全场景丰富Wi-Fi 7 AP 款型及管理平台增强项目发布,"[""紫光股份""]",紫光股份 在 算力网络 的关系为拥有产品全场景Wi-Fi 7组网方案,neutral,,,7,,annual_000938_2025,2025年年度报告,26,费用,1,完成全场景丰富Wi-Fi 7 AP 款型及管理平台增强项目发布,1.00,2025,core,auto,,,
claim_bd3dffb19971bcd9,indicator,算力网络,"算力网络 的可跟踪指标：紫光股份拥有产品IT产品分销与供应链服务。证据：分产品：IT 产品分销与供应链服务，2025年收入25,561,918,394.39元，占营业收入比重26.42%。","[""紫光股份""]",紫光股份 在 算力网络 的关系为拥有产品IT产品分销与供应链服务,neutral,near_term,,2025,,annual_000938_2025,2025年年度报告,20,单位：元,1,"分产品：IT 产品分销与供应链服务，2025年收入25,561,918,394.39元，占营业收入比重26.42%。",1.00,2025,core,auto,,,
claim_f919f888e8ca5a98,indicator,算力网络,"算力网络 的可跟踪指标：紫光股份披露指标营业收入_2025。证据：营业收入49 96,748,339,344.03","[""紫光股份""]",紫光股份 在 算力网络 的关系为披露指标营业收入_2025,neutral,near_term,营业收入_2025,2025,,annual_000938_2025,2025年年度报告,100,营业收入,1,"营业收入49 96,748,339,344.03",1.00,2025,core,auto,,,
claim_a1f5ad7de8afc6ed,indicator,算力网络,算力网络 的可跟踪指标：紫光股份披露指标毛利率比上年同期增减。证据：毛利率比上年同期增减 -2.80%,"[""紫光股份""]",紫光股份 在 算力网络 的关系为披露指标毛利率比上年同期增减,neutral,,毛利率比上年同期增减,-2.80,%,annual_000938_2025,2025年年度报告,20,单位：元,1,毛利率比上年同期增减 -2.80%,1.00,2025,core,auto,,,
claim_c72804f9f1f2afb1,company_exposure,算力网络,紫光股份 对 算力网络 的公司敞口为 core：涉及技术云计算。证据：公司深度布局“云—网—安—算—存—端”全产业链，提供网络、计算、存储、安全、终端等全栈智能ICT基础设施产品、先进的云与智能平台和数字化解决方案,"[""紫光股份""]",紫光股份 在 算力网络 的关系为涉及技术云计算,neutral,,,,,annual_000938_2025,2025年年度报告,13,核心竞争力分析,1,公司深度布局“云—网—安—算—存—端”全产业链，提供网络、计算、存储、安全、终端等全栈智能ICT基础设施产品、先进的云与智能平台和数字化解决方案,0.90,2025,core,auto,,,
claim_23866a4d0de9d982,company_exposure,算力网络,紫光股份 对 算力网络 的公司敞口为 core：拥有产品数据中心交换机。证据：公司数据中心交换机和高端路由器成功通过欧洲高级网络测试中心（EANTC）2025 互通性测试,"[""紫光股份""]",紫光股份 在 算力网络 的关系为拥有产品数据中心交换机,neutral,near_term,,2025,,annual_000938_2025,2025年年度报告,18,核心竞争力,1,公司数据中心交换机和高端路由器成功通过欧洲高级网络测试中心（EANTC）2025 互通性测试,0.90,2025,core,auto,,,
claim_02affb443dcf6eb5,company_exposure,数据中心,紫光股份 对 数据中心 的公司敞口为 direct：拥有产品数据中心交换机。证据：公司数据中心交换机和高端路由器成功通过欧洲高级网络测试中心（EANTC）2025 互通性测试,"[""紫光股份""]",紫光股份 在 数据中心 的关系为拥有产品数据中心交换机,neutral,near_term,,2025,,annual_000938_2025,2025年年度报告,18,核心竞争力,1,公司数据中心交换机和高端路由器成功通过欧洲高级网络测试中心（EANTC）2025 互通性测试,0.90,2025,direct,auto,,,
claim_d1429b36fe6525be,company_exposure,算力网络,紫光股份 对 算力网络 的公司敞口为 core：拥有产品计算。证据：为客户提供网络、计算、存储、云计算、安全和智能终端等全栈智能化信息通信（ICT）基础设施、云与智能平台，以及数字化转型及智能化升级的解决方案。,"[""紫光股份""]",紫光股份 在 算力网络 的关系为拥有产品计算,neutral,,,,,annual_000938_2025,2025年年度报告,113,基本情况,1,为客户提供网络、计算、存储、云计算、安全和智能终端等全栈智能化信息通信（ICT）基础设施、云与智能平台，以及数字化转型及智能化升级的解决方案。,1.00,2025,core,auto,,,
claim_0de4e7164a09e41a,company_exposure,算力网络,紫光股份 对 算力网络 的公司敞口为 core：拥有产品园区网控制器7.3版本。证据：完成园区网控制器 7.3 版本发布,"[""紫光股份""]",紫光股份 在 算力网络 的关系为拥有产品园区网控制器7.3版本,neutral,,,7.3,,annual_000938_2025,2025年年度报告,26,费用,1,完成园区网控制器 7.3 版本发布,1.00,2025,core,auto,,,
claim_566351b869a39c0a,indicator,算力网络,算力网络 的可跟踪指标：紫光股份披露指标研发投入占营业收入比例。证据：表格中2025年研发投入占营业收入比例为5.12%，2024年为6.46%。,"[""紫光股份""]",紫光股份 在 算力网络 的关系为披露指标研发投入占营业收入比例,neutral,near_term,研发投入占营业收入比例,2025,,annual_000938_2025,2025年年度报告,27,公司研发投入情况,1,表格中2025年研发投入占营业收入比例为5.12%，2024年为6.46%。,1.00,2025,core,auto,,,
claim_81c42aa30a18c4aa,indicator,算力网络,"算力网络 的可跟踪指标：紫光股份披露指标国内营业收入。证据：国内 | 92,037,811,596.19 | 79,030,638,114.93 | 14.13% | 21.17% | 25.03% | -2.66%","[""紫光股份""]",紫光股份 在 算力网络 的关系为披露指标国内营业收入,neutral,,国内营业收入,92037811596.19,,annual_000938_2025,2025年年度报告,21,公司实物销售收入是否大于劳务收入,1,"国内 | 92,037,811,596.19 | 79,030,638,114.93 | 14.13% | 21.17% | 25.03% | -2.66%",1.00,2025,core,auto,,,
claim_07596b1a8a86bbfb,indicator,算力网络,"算力网络 的可跟踪指标：紫光股份披露指标国外收入。证据：国外收入：2025年4,710,527,747.84元，占营业收入比重4.87%。","[""紫光股份""]",紫光股份 在 算力网络 的关系为披露指标国外收入,neutral,near_term,国外收入,2025,,annual_000938_2025,2025年年度报告,20,单位：元,1,"国外收入：2025年4,710,527,747.84元，占营业收入比重4.87%。",1.00,2025,core,auto,,,
claim_59881ca5d4c8eb3b,company_exposure,算力网络,紫光股份 对 算力网络 的公司敞口为 core：拥有产品安全大数据中台产品。证据：完成安全大模型和安全智能体产品发布,"[""紫光股份""]",紫光股份 在 算力网络 的关系为拥有产品安全大数据中台产品,neutral,,,,,annual_000938_2025,2025年年度报告,26,费用,1,完成安全大模型和安全智能体产品发布,1.00,2025,core,auto,,,
claim_04acf9e6bb4c6970,company_exposure,算力网络,紫光股份 对 算力网络 的公司敞口为 core：涉及技术Wi-Fi 7。证据：全场景Wi-Fi 7组网方案增强,"[""紫光股份""]",紫光股份 在 算力网络 的关系为涉及技术Wi-Fi 7,neutral,,,7,,annual_000938_2025,2025年年度报告,26,费用,1,全场景Wi-Fi 7组网方案增强,1.00,2025,core,auto,,,
claim_6e8d2ff980ade96a,company_exposure,算力网络,紫光股份 对 算力网络 的公司敞口为 core：拥有产品百业灵犀私域大模型。证据：公司陆续推出百业灵犀私域大模型、灵犀使能平台、灵犀推理引擎、灵犀AI助手、灵犀Cube一体机及多个行业智能体,"[""紫光股份""]",紫光股份 在 算力网络 的关系为拥有产品百业灵犀私域大模型,neutral,,,,,annual_000938_2025,2025年年度报告,13,核心竞争力分析,1,公司陆续推出百业灵犀私域大模型、灵犀使能平台、灵犀推理引擎、灵犀AI助手、灵犀Cube一体机及多个行业智能体,0.90,2025,core,auto,,,
claim_d65245018bf79cbc,company_exposure,算力网络,紫光股份 对 算力网络 的公司敞口为 core：拥有产品IT产品分销与供应链服务。证据：产品分类：IT产品分销与供应链服务,"[""紫光股份""]",紫光股份 在 算力网络 的关系为拥有产品IT产品分销与供应链服务,neutral,,,,,annual_000938_2025,2025年年度报告,21,单位：元,1,产品分类：IT产品分销与供应链服务,1.00,2025,core,auto,,,
claim_4b0e1b81f1f98dcc,company_exposure,算力网络,紫光股份 对 算力网络 的公司敞口为 core：拥有产品政务云。证据：参与19个国家部委(局)级、26个省级和200多个地市县级地区的政务云开发工作,"[""紫光股份""]",紫光股份 在 算力网络 的关系为拥有产品政务云,neutral,,,19,个,annual_000938_2025,2025年年度报告,14,优质的客户资源和丰富的数字化转型实践经验,1,参与19个国家部委(局)级、26个省级和200多个地市县级地区的政务云开发工作,0.80,2025,core,auto,,,
claim_bb8a1140c4cfa96f,company_exposure,算力网络,紫光股份 对 算力网络 的公司敞口为 core：属于环节AI算力产业链。证据：作为数字化及AI解决方案提供者，为客户提供网络、计算、存储、云计算、安全和智能终端等全栈智能化信息通信（ICT）基础设施、云与智能平台，以及数字化转型及智能化升级的解决方案。,"[""紫光股份""]",紫光股份 在 算力网络 的关系为属于环节AI算力产业链,neutral,,,,,annual_000938_2025,2025年年度报告,113,基本情况,1,作为数字化及AI解决方案提供者，为客户提供网络、计算、存储、云计算、安全和智能终端等全栈智能化信息通信（ICT）基础设施、云与智能平台，以及数字化转型及智能化升级的解决方案。,0.90,2025,core,auto,,,
claim_e25aba65a50bd42b,indicator,算力网络,算力网络 的可跟踪指标：紫光股份披露指标归母净利润同比增长率。证据：实现归属于上市公司股东的净利润16.86亿元，同比增长7.19%,"[""紫光股份""]",紫光股份 在 算力网络 的关系为披露指标归母净利润同比增长率,neutral,,归母净利润同比增长率,16.86,亿元,annual_000938_2025,2025年年度报告,39,市值管理制度和估值提升计划的制定落实情况,1,实现归属于上市公司股东的净利润16.86亿元，同比增长7.19%,1.00,2025,core,auto,,,
claim_fe220ce25ee100eb,company_exposure,算力网络,紫光股份 对 算力网络 的公司敞口为 core：具有敞口政企DICT市场。证据：强化政企DICT市场合作。,"[""紫光股份""]",紫光股份 在 算力网络 的关系为具有敞口政企DICT市场,neutral,,,,,annual_000938_2025,2025年年度报告,19,抢抓产业机遇，助力国内行业客户增强数智化水平,1,强化政企DICT市场合作。,0.80,2025,core,auto,,,
claim_53ad2342f7f9081f,company_exposure,液冷,紫光股份 对 液冷 的公司敞口为 indirect：拥有产品液冷技术创新产品。证据：2025年，公司又陆续推出多款液冷技术创新产品及配套解决方案,"[""紫光股份""]",紫光股份 在 液冷 的关系为拥有产品液冷技术创新产品,neutral,near_term,,2025,,annual_000938_2025,2025年年度报告,15,覆盖全球的销售网络,1,2025年，公司又陆续推出多款液冷技术创新产品及配套解决方案,0.90,2025,indirect,auto,,,
claim_7f02b8c5788b03ce,company_exposure,算力网络,紫光股份 对 算力网络 的公司敞口为 core：拥有产品液冷技术创新产品。证据：2025年，公司又陆续推出多款液冷技术创新产品及配套解决方案,"[""紫光股份""]",紫光股份 在 算力网络 的关系为拥有产品液冷技术创新产品,neutral,near_term,,2025,,annual_000938_2025,2025年年度报告,15,覆盖全球的销售网络,1,2025年，公司又陆续推出多款液冷技术创新产品及配套解决方案,0.90,2025,core,auto,,,
claim_815b2b7e135a6193,indicator,算力网络,算力网络 的可跟踪指标：紫光股份披露指标归母净利润。证据：实现归属于上市公司股东的净利润16.86亿元，同比增长7.19%,"[""紫光股份""]",紫光股份 在 算力网络 的关系为披露指标归母净利润,neutral,,归母净利润,16.86,亿元,annual_000938_2025,2025年年度报告,39,市值管理制度和估值提升计划的制定落实情况,1,实现归属于上市公司股东的净利润16.86亿元，同比增长7.19%,1.00,2025,core,auto,,,
claim_438880ae9685c80e,company_exposure,算力网络,紫光股份 对 算力网络 的公司敞口为 core：拥有产品云计算。证据：为客户提供网络、计算、存储、云计算、安全和智能终端等全栈智能化信息通信（ICT）基础设施、云与智能平台，以及数字化转型及智能化升级的解决方案。,"[""紫光股份""]",紫光股份 在 算力网络 的关系为拥有产品云计算,neutral,,,,,annual_000938_2025,2025年年度报告,113,基本情况,1,为客户提供网络、计算、存储、云计算、安全和智能终端等全栈智能化信息通信（ICT）基础设施、云与智能平台，以及数字化转型及智能化升级的解决方案。,1.00,2025,core,auto,,,
claim_98b0e0a7735cedc6,indicator,算力网络,算力网络 的可跟踪指标：紫光股份拥有产品园区交换机。证据：中国企业网园区交换机市场份额36.2%，排名第二,"[""紫光股份""]",紫光股份 在 算力网络 的关系为拥有产品园区交换机,neutral,,,36.2,%,annual_000938_2025,2025年年度报告,14,优质的客户资源和丰富的数字化转型实践经验,1,中国企业网园区交换机市场份额36.2%，排名第二,0.90,2025,core,auto,,,
claim_535484df684d81c3,company_exposure,液冷,紫光股份 对 液冷 的公司敞口为 mentioned：拥有产品H3C UniServer G7系列模块化服务器。证据：公司H3C UniServer G7 系列模块化服务器以丰富的软硬件生态兼容性，适用于集群训练、训推一体、边缘推理等场景,"[""紫光股份""]",紫光股份 在 液冷 的关系为拥有产品H3C UniServer G7系列模块化服务器,neutral,,,3,,annual_000938_2025,2025年年度报告,17,力利用率，关键部件实现液冷散热，为万亿参数模型训练提供强大支持，兼具高效与绿色特性。,1,公司H3C UniServer G7 系列模块化服务器以丰富的软硬件生态兼容性，适用于集群训练、训推一体、边缘推理等场景,0.90,2025,mentioned,auto,,,
claim_daa69b975cc5c2bf,company_exposure,算力网络,紫光股份 对 算力网络 的公司敞口为 core：拥有产品H3C UniServer G7系列模块化服务器。证据：公司H3C UniServer G7 系列模块化服务器以丰富的软硬件生态兼容性，适用于集群训练、训推一体、边缘推理等场景,"[""紫光股份""]",紫光股份 在 算力网络 的关系为拥有产品H3C UniServer G7系列模块化服务器,neutral,,,3,,annual_000938_2025,2025年年度报告,17,力利用率，关键部件实现液冷散热，为万亿参数模型训练提供强大支持，兼具高效与绿色特性。,1,公司H3C UniServer G7 系列模块化服务器以丰富的软硬件生态兼容性，适用于集群训练、训推一体、边缘推理等场景,0.90,2025,core,auto,,,
claim_1f10d743cab4346b,indicator,算力网络,算力网络 的可跟踪指标：紫光股份披露指标扣非归母净利润。证据：实现归属于上市公司股东的扣除非经常性损益的净利润16.35亿元，同比增长12.26%,"[""紫光股份""]",紫光股份 在 算力网络 的关系为披露指标扣非归母净利润,neutral,,扣非归母净利润,16.35,亿元,annual_000938_2025,2025年年度报告,39,市值管理制度和估值提升计划的制定落实情况,1,实现归属于上市公司股东的扣除非经常性损益的净利润16.35亿元，同比增长12.26%,1.00,2025,core,auto,,,
claim_5848522e78531048,company_exposure,算力网络,紫光股份 对 算力网络 的公司敞口为 core：涉及技术傲飞算力平台。证据：同上,"[""紫光股份""]",紫光股份 在 算力网络 的关系为涉及技术傲飞算力平台,neutral,,,,,annual_000938_2025,2025年年度报告,15,覆盖全球的销售网络,1,同上,0.90,2025,core,auto,,,
claim_45dc1378060d1f5c,indicator,算力网络,"算力网络 的可跟踪指标：紫光股份披露指标归属于上市公司股东的净利润。证据：归属于上市公司股东的净利润（元）2025年1,685,521,754.82","[""紫光股份""]",紫光股份 在 算力网络 的关系为披露指标归属于上市公司股东的净利润,neutral,near_term,归属于上市公司股东的净利润,2025,,annual_000938_2025,2025年年度报告,9,□是 √否,1,"归属于上市公司股东的净利润（元）2025年1,685,521,754.82",1.00,2025,core,auto,,,
claim_6483fea6cc669340,company_exposure,算力网络,紫光股份 对 算力网络 的公司敞口为 core：涉及技术数智技术。证据：公司积极响应国家乡村振兴战略号召，以数智技术赋能乡村振兴,"[""紫光股份""]",紫光股份 在 算力网络 的关系为涉及技术数智技术,neutral,,,,,annual_000938_2025,2025年年度报告,55,巩固拓展脱贫攻坚成果、乡村振兴的情况,1,公司积极响应国家乡村振兴战略号召，以数智技术赋能乡村振兴,0.90,2025,core,auto,,,
claim_431ec1555f4425d8,indicator,算力网络,"算力网络 的可跟踪指标：紫光股份披露指标主营业务收入_2024。证据：2024年主营业务收入78,865,531,368.92元","[""紫光股份""]",紫光股份 在 算力网络 的关系为披露指标主营业务收入_2024,neutral,,主营业务收入_2024,2024,,annual_000938_2025,2025年年度报告,188,合并财务报表主要项目注释（续）,1,"2024年主营业务收入78,865,531,368.92元",1.00,2025,core,auto,,,
claim_59eede2b83719b93,indicator,算力网络,算力网络 的可跟踪指标：紫光股份披露指标稳定期毛利率。证据：毛利率14.8%,"[""紫光股份""]",紫光股份 在 算力网络 的关系为披露指标稳定期毛利率,neutral,,稳定期毛利率,14.8,%,annual_000938_2025,2025年年度报告,174,合并财务报表主要项目注释（续）,1,毛利率14.8%,1.00,2025,core,auto,,,
claim_0ea49ca0075e27c8,company_exposure,算力网络,紫光股份 对 算力网络 的公司敞口为 core：拥有产品广域网控制器7.4版本。证据：完成广域网控制器 7.4 版本发布,"[""紫光股份""]",紫光股份 在 算力网络 的关系为拥有产品广域网控制器7.4版本,neutral,,,7.4,,annual_000938_2025,2025年年度报告,26,费用,1,完成广域网控制器 7.4 版本发布,1.00,2025,core,auto,,,
claim_d43f83855ef020de,company_exposure,算力网络,紫光股份 对 算力网络 的公司敞口为 core：拥有产品灵犀智算解决方案。证据：主要研发项目名称：灵犀智算解决方案,"[""紫光股份""]",紫光股份 在 算力网络 的关系为拥有产品灵犀智算解决方案,neutral,,,,,annual_000938_2025,2025年年度报告,24,况如下：,1,主要研发项目名称：灵犀智算解决方案,0.90,2025,core,auto,,,
claim_4db0ea1182e00d3c,company_exposure,算力网络,紫光股份 对 算力网络 的公司敞口为 core：拥有产品知识平台。证据：针对大模型行业落地中如何有效进行私域数据使用的平台,"[""紫光股份""]",紫光股份 在 算力网络 的关系为拥有产品知识平台,neutral,,,,,annual_000938_2025,2025年年度报告,27,公司研发投入情况,1,针对大模型行业落地中如何有效进行私域数据使用的平台,1.00,2025,core,auto,,,
claim_e8937b19e5626ff8,company_exposure,算力网络,紫光股份 对 算力网络 的公司敞口为 core：拥有产品新一代高密汇聚路由器开发项目。证据：完成新一代SR6616路由器架构升级产品发布,"[""紫光股份""]",紫光股份 在 算力网络 的关系为拥有产品新一代高密汇聚路由器开发项目,neutral,,,6616,,annual_000938_2025,2025年年度报告,25,费用,1,完成新一代SR6616路由器架构升级产品发布,1.00,2025,core,auto,,,
claim_5f45aa8054cc1543,indicator,算力网络,算力网络 的可跟踪指标：紫光股份披露指标营业收入。证据：2025年度实现营业收入967.48亿元，同比增长22.43%,"[""紫光股份""]",紫光股份 在 算力网络 的关系为披露指标营业收入,neutral,near_term,营业收入,2025,,annual_000938_2025,2025年年度报告,39,市值管理制度和估值提升计划的制定落实情况,1,2025年度实现营业收入967.48亿元，同比增长22.43%,1.00,2025,core,auto,,,
claim_a5e88b18734a8240,company_exposure,算力网络,紫光股份 对 算力网络 的公司敞口为 core：涉及技术RISC-V 架构。证据：充分利用开放、灵活和高效的RISC-V 架构,"[""紫光股份""]",紫光股份 在 算力网络 的关系为涉及技术RISC-V 架构,neutral,,,,,annual_000938_2025,2025年年度报告,18,核心竞争力,1,充分利用开放、灵活和高效的RISC-V 架构,0.90,2025,core,auto,,,
claim_55844791b2dc1e96,company_exposure,算力网络,紫光股份 对 算力网络 的公司敞口为 core：拥有产品交换机。证据：主要产品及服务包括：1、网络设备：交换机、路由器、WLAN、SDN、PON、智能管理与运维服务等；,"[""紫光股份""]",紫光股份 在 算力网络 的关系为拥有产品交换机,neutral,,,1,,annual_000938_2025,2025年年度报告,12,管理层讨论与分析,1,主要产品及服务包括：1、网络设备：交换机、路由器、WLAN、SDN、PON、智能管理与运维服务等；,1.00,2025,core,auto,,,
claim_9e57e74d3fa5018d,company_exposure,算力网络,紫光股份 对 算力网络 的公司敞口为 core：拥有产品人工智能计算服务器。证据：主要产品及服务包括：2、服务器：通用计算服务器、人工智能计算服务器、关键业务计算服务器、边缘计算服务器等；,"[""紫光股份""]",紫光股份 在 算力网络 的关系为拥有产品人工智能计算服务器,neutral,,,2,,annual_000938_2025,2025年年度报告,12,管理层讨论与分析,1,主要产品及服务包括：2、服务器：通用计算服务器、人工智能计算服务器、关键业务计算服务器、边缘计算服务器等；,1.00,2025,core,auto,,,
claim_39bb8e1dac235956,company_exposure,算力网络,紫光股份 对 算力网络 的公司敞口为 core：拥有产品LinSeer MegaCube AI 一体机。证据：完成 LinSeer MegaCube AI 一体机发布,"[""紫光股份""]",紫光股份 在 算力网络 的关系为拥有产品LinSeer MegaCube AI 一体机,neutral,,,,,annual_000938_2025,2025年年度报告,27,公司研发投入情况,1,完成 LinSeer MegaCube AI 一体机发布,1.00,2025,core,auto,,,
claim_04bcbea111032a1c,company_exposure,数据中心,紫光股份 对 数据中心 的公司敞口为 direct：拥有产品智算中心。证据：联合运营商累计建设48个中大型智算中心,"[""紫光股份""]",紫光股份 在 数据中心 的关系为拥有产品智算中心,neutral,,,48,个,annual_000938_2025,2025年年度报告,14,优质的客户资源和丰富的数字化转型实践经验,1,联合运营商累计建设48个中大型智算中心,0.80,2025,direct,auto,,,
claim_4febe7b44a4597ba,company_exposure,算力网络,紫光股份 对 算力网络 的公司敞口为 core：拥有产品智算中心。证据：联合运营商累计建设48个中大型智算中心,"[""紫光股份""]",紫光股份 在 算力网络 的关系为拥有产品智算中心,neutral,,,48,个,annual_000938_2025,2025年年度报告,14,优质的客户资源和丰富的数字化转型实践经验,1,联合运营商累计建设48个中大型智算中心,0.80,2025,core,auto,,,
claim_e9c5a87c5e4df248,indicator,算力网络,"算力网络 的可跟踪指标：紫光股份披露指标营业成本_2024。证据：减：营业成本49 65,282,115,477.87","[""紫光股份""]",紫光股份 在 算力网络 的关系为披露指标营业成本_2024,neutral,,营业成本_2024,2024,,annual_000938_2025,2025年年度报告,100,营业收入,1,"减：营业成本49 65,282,115,477.87",1.00,2025,core,auto,,,
claim_eda2af08a97888a1,company_exposure,算力网络,紫光股份 对 算力网络 的公司敞口为 core：拥有产品算力快线解决方案。证据：合作伙伴首推“算力快线解决方案”,"[""紫光股份""]",紫光股份 在 算力网络 的关系为拥有产品算力快线解决方案,neutral,,,,,annual_000938_2025,2025年年度报告,18,核心竞争力,1,合作伙伴首推“算力快线解决方案”,0.90,2025,core,auto,,,
claim_21aa25f4b47e0029,company_exposure,AI芯片,紫光股份 对 AI芯片 的公司敞口为 indirect：涉及技术FPGA加速。证据：通过新一代处理器及FPGA 加速卡升级，新建连接性能同比提升 160%,"[""紫光股份""]",紫光股份 在 AI芯片 的关系为涉及技术FPGA加速,neutral,,,160,%,annual_000938_2025,2025年年度报告,26,费用,1,通过新一代处理器及FPGA 加速卡升级，新建连接性能同比提升 160%,1.00,2025,indirect,auto,,,
claim_ab7fda3215380193,company_exposure,算力网络,紫光股份 对 算力网络 的公司敞口为 core：涉及技术FPGA加速。证据：通过新一代处理器及FPGA 加速卡升级，新建连接性能同比提升 160%,"[""紫光股份""]",紫光股份 在 算力网络 的关系为涉及技术FPGA加速,neutral,,,160,%,annual_000938_2025,2025年年度报告,26,费用,1,通过新一代处理器及FPGA 加速卡升级，新建连接性能同比提升 160%,1.00,2025,core,auto,,,
claim_101ef1aae79c155a,company_exposure,算力网络,紫光股份 对 算力网络 的公司敞口为 core：拥有产品安全。证据：持续在网络、安全、计算、存储、云计算、人工智能等重点领域的研发投入，夯实“云—网—安—算—存—端”全栈业务布局,"[""紫光股份""]",紫光股份 在 算力网络 的关系为拥有产品安全,neutral,,,,,annual_000938_2025,2025年年度报告,24,费用,1,持续在网络、安全、计算、存储、云计算、人工智能等重点领域的研发投入，夯实“云—网—安—算—存—端”全栈业务布局,0.90,2025,core,auto,,,
claim_2379cd97ed1c7ff8,policy,算力网络,算力网络 机理/传导：紫光股份政策支撑企业会计准则第37号——金融工具列报。证据：同上。,"[""紫光股份""]",紫光股份 在 算力网络 的关系为政策支撑企业会计准则第37号——金融工具列报,positive,,,37,,annual_000938_2025,2025年年度报告,32,√适用 □不适用,1,同上。,1.00,2025,core,auto,,,
claim_bd67046e2847e3d7,company_exposure,算力网络,紫光股份 对 算力网络 的公司敞口为 core：拥有产品下一代存储升级开发项目。证据：完成下一代分布式存储X20000升级版本发布,"[""紫光股份""]",紫光股份 在 算力网络 的关系为拥有产品下一代存储升级开发项目,neutral,,,20000,,annual_000938_2025,2025年年度报告,25,费用,1,完成下一代分布式存储X20000升级版本发布,1.00,2025,core,auto,,,
claim_9263f5acadddf08b,company_exposure,算力网络,紫光股份 对 算力网络 的公司敞口为 core：拥有产品存储。证据：持续在网络、安全、计算、存储、云计算、人工智能等重点领域的研发投入，夯实“云—网—安—算—存—端”全栈业务布局,"[""紫光股份""]",紫光股份 在 算力网络 的关系为拥有产品存储,neutral,,,,,annual_000938_2025,2025年年度报告,24,费用,1,持续在网络、安全、计算、存储、云计算、人工智能等重点领域的研发投入，夯实“云—网—安—算—存—端”全栈业务布局,0.90,2025,core,auto,,,
claim_ac3449b0e73c0d6f,company_exposure,算力网络,紫光股份 对 算力网络 的公司敞口为 core：拥有产品新一代通算服务器。证据：完成新一代R4700和4900系列服务器发布,"[""紫光股份""]",紫光股份 在 算力网络 的关系为拥有产品新一代通算服务器,neutral,,,4700,,annual_000938_2025,2025年年度报告,25,费用,1,完成新一代R4700和4900系列服务器发布,1.00,2025,core,auto,,,
claim_70b990dec57cf301,indicator,算力网络,"算力网络 的可跟踪指标：紫光股份披露指标研发费用_2025。证据：表格：2025年研发费用4,952,674,806.36元","[""紫光股份""]",紫光股份 在 算力网络 的关系为披露指标研发费用_2025,neutral,near_term,研发费用_2025,2025,,annual_000938_2025,2025年年度报告,24,单位：元,1,"表格：2025年研发费用4,952,674,806.36元",1.00,2025,core,auto,,,
claim_902f3c4b3b192c67,risk,算力网络,紫光股份 在 算力网络 相关业务中的风险：无形资产减值风险。证据：当存在市价大幅度下跌等表明资产可能发生减值的迹象时，计提无形资产减值准备,"[""紫光股份""]",紫光股份 在 算力网络 的关系为披露风险无形资产减值风险,negative,,,,,annual_000938_2025,2025年年度报告,130,重要会计政策及会计估计（续）,1,当存在市价大幅度下跌等表明资产可能发生减值的迹象时，计提无形资产减值准备,0.80,2025,core,auto,,,
claim_98bda214d41c7127,risk,算力网络,紫光股份 在 算力网络 相关业务中的风险：非财务报告内部控制一般缺陷。证据：定量标准：一般缺陷：潜在风险事件可能造成的直接财产损失金额在2000 万元（含2000 万元）以下,"[""紫光股份""]",紫光股份 在 算力网络 的关系为披露风险非财务报告内部控制一般缺陷,negative,,,2000,万元,annual_000938_2025,2025年年度报告,53,内部控制审计报告,1,定量标准：一般缺陷：潜在风险事件可能造成的直接财产损失金额在2000 万元（含2000 万元）以下,1.00,2025,core,auto,,,
claim_5e1836c589937750,indicator,算力网络,"算力网络 的可跟踪指标：紫光股份披露指标营业收入_2024。证据：2024年营业收入79,024,078,451.16元","[""紫光股份""]",紫光股份 在 算力网络 的关系为披露指标营业收入_2024,neutral,,营业收入_2024,2024,,annual_000938_2025,2025年年度报告,188,合并财务报表主要项目注释（续）,1,"2024年营业收入79,024,078,451.16元",1.00,2025,core,auto,,,
claim_d9aeb10717c57165,indicator,算力网络,"算力网络 的可跟踪指标：紫光股份披露指标营业收入_2025。证据：2025年营业收入96,748,339,344.03元","[""紫光股份""]",紫光股份 在 算力网络 的关系为披露指标营业收入_2025,neutral,near_term,营业收入_2025,2025,,annual_000938_2025,2025年年度报告,188,合并财务报表主要项目注释（续）,1,"2025年营业收入96,748,339,344.03元",1.00,2025,core,auto,,,
claim_4cc764dfb2cdf476,policy,算力网络,算力网络 机理/传导：紫光股份政策支撑研发费用加计扣除政策。证据：根据《财政部 税务总局关于进一步完善研发费用税前加计扣除政策的公告》（财税〔2023〕7 号）规定，企业开展研发活动中实际发生的研发费用，未形成无形资产计入当期损益的，在按规定据实扣除的基础上，自2023 年1 月1 日起，再按照实际发生额的100%在税前加计扣除；形成无形资产的，自2023 年1 月1 日起，按照无形资产成本的200%在税前摊销。,"[""紫光股份""]",紫光股份 在 算力网络 的关系为政策支撑研发费用加计扣除政策,positive,,,2023,,annual_000938_2025,2025年年度报告,147,税项（续）,1,根据《财政部 税务总局关于进一步完善研发费用税前加计扣除政策的公告》（财税〔2023〕7 号）规定，企业开展研发活动中实际发生的研发费用，未形成无形资产计入当期损益的，在按规定据实扣除的基础上，自2023 年1 月1 日起，再按照实际发生额的100%在税前加计扣除；形成无形资产的，自2023 年1 月1 日起，按照无形资产成本的200%在税前摊销。,1.00,2025,core,auto,,,
claim_b1cbda9ed43cd146,company_exposure,算力网络,紫光股份 对 算力网络 的公司敞口为 core：拥有产品存储产品。证据：新华三集团主要业务包括网络产品、服务器、存储产品、安全产品、云计算产品、互联网信息技术产品的研发、生产、销售等,"[""紫光股份""]",紫光股份 在 算力网络 的关系为拥有产品存储产品,neutral,,,,,annual_000938_2025,2025年年度报告,34,公司控制的结构化主体情况,1,新华三集团主要业务包括网络产品、服务器、存储产品、安全产品、云计算产品、互联网信息技术产品的研发、生产、销售等,0.90,2025,core,auto,,,
claim_996a0d9343adf185,mechanism,数据中心,数据中心 机理/传导：国务院《关于深入实施“人工智能+”行动的意见》驱动智算中心。证据：国务院《关于深入实施“人工智能+”行动的意见》...明确算力基础设施建设、行业深度融合等发展方向,[],国务院《关于深入实施“人工智能+”行动的意见》 驱动 智算中心,positive,,,,,annual_000938_2025,2025年年度报告,12,管理层讨论与分析,1,国务院《关于深入实施“人工智能+”行动的意见》...明确算力基础设施建设、行业深度融合等发展方向,0.90,2025,,auto,,,
claim_42d3f6b1ec002186,company_exposure,算力网络,紫光股份 对 算力网络 的公司敞口为 core：涉及技术UltraStor。证据：同上,"[""紫光股份""]",紫光股份 在 算力网络 的关系为涉及技术UltraStor,neutral,,,,,annual_000938_2025,2025年年度报告,15,覆盖全球的销售网络,1,同上,0.90,2025,core,auto,,,
claim_ae38a401e7b332e7,indicator,算力网络,算力网络 的可跟踪指标：紫光股份披露指标归属于上市公司股东的扣除非经常性损益的净利润。证据：表格显示紫光股份2025年各季度归属于上市公司股东的扣除非经常性损益的净利润数据。,"[""紫光股份""]",紫光股份 在 算力网络 的关系为披露指标归属于上市公司股东的扣除非经常性损益的净利润,neutral,near_term,归属于上市公司股东的扣除非经常性损益的净利润,2025,,annual_000938_2025,2025年年度报告,10,非经常性损益项目及金额,1,表格显示紫光股份2025年各季度归属于上市公司股东的扣除非经常性损益的净利润数据。,1.00,2025,core,auto,,,
claim_1d524260a40f0154,company_exposure,算力网络,紫光股份 对 算力网络 的公司敞口为 core：拥有产品云与智能平台。证据：作为数字化及AI解决方案领导者，公司提供全栈智能化的信息通信（ICT）基础设施、云与智能平台，以及数字化转型及智能化升级解决方案。,"[""紫光股份""]",紫光股份 在 算力网络 的关系为拥有产品云与智能平台,neutral,,,,,annual_000938_2025,2025年年度报告,8,注册变更情况,1,作为数字化及AI解决方案领导者，公司提供全栈智能化的信息通信（ICT）基础设施、云与智能平台，以及数字化转型及智能化升级解决方案。,1.00,2025,core,auto,,,
claim_61d72f2f0cf4d0e0,indicator,算力网络,"算力网络 的可跟踪指标：紫光股份披露指标直销营业收入。证据：直销 | 48,566,509,801.63 | 44,985,319,544.58 | 7.37% | 52.28% | 61.53% | -5.31%","[""紫光股份""]",紫光股份 在 算力网络 的关系为披露指标直销营业收入,neutral,,直销营业收入,48566509801.63,,annual_000938_2025,2025年年度报告,21,公司实物销售收入是否大于劳务收入,1,"直销 | 48,566,509,801.63 | 44,985,319,544.58 | 7.37% | 52.28% | 61.53% | -5.31%",1.00,2025,core,auto,,,
claim_3304f2396a1c414f,indicator,算力网络,算力网络 的可跟踪指标：紫光股份披露指标营业收入。证据：公司实现营业收入967.48亿元,"[""紫光股份""]",紫光股份 在 算力网络 的关系为披露指标营业收入,neutral,,营业收入,967.48,亿元,annual_000938_2025,2025年年度报告,16,主营业务分析,1,公司实现营业收入967.48亿元,1.00,2025,core,auto,,,
claim_9c3676fc870c4367,company_exposure,算力网络,紫光股份 对 算力网络 的公司敞口为 core：拥有产品全光以太网5.0方案。证据：完成多通道汇聚主机和系列全光入室影终端产品发布,"[""紫光股份""]",紫光股份 在 算力网络 的关系为拥有产品全光以太网5.0方案,neutral,,,5.0,,annual_000938_2025,2025年年度报告,25,费用,1,完成多通道汇聚主机和系列全光入室影终端产品发布,1.00,2025,core,auto,,,
claim_7cd9488ae19cc56f,risk,算力网络,紫光股份 在 算力网络 相关业务中的风险：研发失败风险。证据：研究阶段的支出，于发生时计入当期损益,"[""紫光股份""]",紫光股份 在 算力网络 的关系为披露风险研发失败风险,negative,,,,,annual_000938_2025,2025年年度报告,130,重要会计政策及会计估计（续）,1,研究阶段的支出，于发生时计入当期损益,0.70,2025,core,auto,,,
claim_de8ffab288c26bdc,risk,算力网络,紫光股份 在 算力网络 相关业务中的风险：财务报告内部控制重大缺陷。证据：定量标准：营业收入潜在错报：重大缺陷：营业收入总额的1%＜错报；利润总额潜在错报：重大缺陷：利润总额的10%＜错报；资产总额潜在错报：重大缺陷：资产总额的1%＜错报；所有者权益潜在错报：重大缺陷：所有者权益总额的3%＜错报,"[""紫光股份""]",紫光股份 在 算力网络 的关系为披露风险财务报告内部控制重大缺陷,negative,,,1,%,annual_000938_2025,2025年年度报告,53,内部控制审计报告,1,定量标准：营业收入潜在错报：重大缺陷：营业收入总额的1%＜错报；利润总额潜在错报：重大缺陷：利润总额的10%＜错报；资产总额潜在错报：重大缺陷：资产总额的1%＜错报；所有者权益潜在错报：重大缺陷：所有者权益总额的3%＜错报,1.00,2025,core,auto,,,
claim_b86a0fbe8d705a2d,company_exposure,AI服务器,紫光股份 对 AI服务器 的公司敞口为 mentioned：拥有产品人工智能服务器。证据：公司打造了以高速无损网络、人工智能服务器、下一代存储、算力调度管理平台为核心的全栈智算解决方案,"[""紫光股份""]",紫光股份 在 AI服务器 的关系为拥有产品人工智能服务器,neutral,,,,,annual_000938_2025,2025年年度报告,16,主营业务分析,1,公司打造了以高速无损网络、人工智能服务器、下一代存储、算力调度管理平台为核心的全栈智算解决方案,0.90,2025,mentioned,auto,,,
claim_f8e5353a1ec6afba,company_exposure,算力网络,紫光股份 对 算力网络 的公司敞口为 core：拥有产品人工智能服务器。证据：公司打造了以高速无损网络、人工智能服务器、下一代存储、算力调度管理平台为核心的全栈智算解决方案,"[""紫光股份""]",紫光股份 在 算力网络 的关系为拥有产品人工智能服务器,neutral,,,,,annual_000938_2025,2025年年度报告,16,主营业务分析,1,公司打造了以高速无损网络、人工智能服务器、下一代存储、算力调度管理平台为核心的全栈智算解决方案,0.90,2025,core,auto,,,
claim_691125969b66daba,indicator,算力网络,"算力网络 的可跟踪指标：紫光股份披露指标营业收入。证据：新华三集团营业收入75,980,744,968.15元","[""紫光股份""]",紫光股份 在 算力网络 的关系为披露指标营业收入,neutral,,营业收入,75980744968.15,元,annual_000938_2025,2025年年度报告,34,公司控制的结构化主体情况,1,"新华三集团营业收入75,980,744,968.15元",0.95,2025,core,auto,,,
claim_c1591980019a323f,company_exposure,算力网络,紫光股份 对 算力网络 的公司敞口为 core：拥有产品高端防火墙SecPath M9000。证据：完成SecPath M9000 防火墙硬件架构升级产品发布,"[""紫光股份""]",紫光股份 在 算力网络 的关系为拥有产品高端防火墙SecPath M9000,neutral,,,9000,,annual_000938_2025,2025年年度报告,26,费用,1,完成SecPath M9000 防火墙硬件架构升级产品发布,1.00,2025,core,auto,,,
claim_78d012c7fb72b6f6,company_exposure,算力网络,紫光股份 对 算力网络 的公司敞口为 core：拥有产品全栈智能化的信息通信（ICT）基础设施。证据：作为数字化及AI解决方案领导者，公司提供全栈智能化的信息通信（ICT）基础设施、云与智能平台，以及数字化转型及智能化升级解决方案。,"[""紫光股份""]",紫光股份 在 算力网络 的关系为拥有产品全栈智能化的信息通信（ICT）基础设施,neutral,,,,,annual_000938_2025,2025年年度报告,8,注册变更情况,1,作为数字化及AI解决方案领导者，公司提供全栈智能化的信息通信（ICT）基础设施、云与智能平台，以及数字化转型及智能化升级解决方案。,1.00,2025,core,auto,,,
claim_7d51d13fadae1a9d,indicator,算力网络,算力网络 的可跟踪指标：紫光股份披露指标经营活动产生的现金流量净额。证据：表格显示紫光股份2025年各季度经营活动产生的现金流量净额数据。,"[""紫光股份""]",紫光股份 在 算力网络 的关系为披露指标经营活动产生的现金流量净额,neutral,near_term,经营活动产生的现金流量净额,2025,,annual_000938_2025,2025年年度报告,10,非经常性损益项目及金额,1,表格显示紫光股份2025年各季度经营活动产生的现金流量净额数据。,1.00,2025,core,auto,,,
claim_1990c964b4d8b64a,company_exposure,算力网络,紫光股份 对 算力网络 的公司敞口为 core：拥有产品ICT基础设施。证据：为客户提供网络、计算、存储、云计算、安全和智能终端等全栈智能化信息通信（ICT）基础设施、云与智能平台，以及数字化转型及智能化升级的解决方案。,"[""紫光股份""]",紫光股份 在 算力网络 的关系为拥有产品ICT基础设施,neutral,,,,,annual_000938_2025,2025年年度报告,113,基本情况,1,为客户提供网络、计算、存储、云计算、安全和智能终端等全栈智能化信息通信（ICT）基础设施、云与智能平台，以及数字化转型及智能化升级的解决方案。,1.00,2025,core,auto,,,
claim_1030ce67c7139c8a,risk,算力网络,紫光股份 在 算力网络 相关业务中的风险：技术和产品研发风险。证据：（2）技术和产品研发风险,"[""紫光股份""]",紫光股份 在 算力网络 的关系为披露风险技术和产品研发风险,negative,,,2,,annual_000938_2025,2025年年度报告,36,资金需求及使用计划,1,（2）技术和产品研发风险,0.90,2025,core,auto,,,
claim_ca697d6a670f1299,policy,算力网络,算力网络 机理/传导：紫光股份政策支撑企业会计准则第24号——套期会计。证据：同上。,"[""紫光股份""]",紫光股份 在 算力网络 的关系为政策支撑企业会计准则第24号——套期会计,positive,,,24,,annual_000938_2025,2025年年度报告,32,√适用 □不适用,1,同上。,1.00,2025,core,auto,,,
claim_eabdfacbde8edd31,risk,算力网络,紫光股份 在 算力网络 相关业务中的风险：履约风险。证据：3、履约风险：外汇套期保值业务存在合约到期无法履约造成违约而带来的风险。,"[""紫光股份""]",紫光股份 在 算力网络 的关系为披露风险履约风险,negative,,,3,,annual_000938_2025,2025年年度报告,32,√适用 □不适用,1,3、履约风险：外汇套期保值业务存在合约到期无法履约造成违约而带来的风险。,1.00,2025,core,auto,,,
claim_69c40c362579353d,indicator,算力网络,"算力网络 的可跟踪指标：紫光股份披露指标营业收入。证据：营业收入合计：2025年96,748,339,344.03元，占营业收入比重100%。","[""紫光股份""]",紫光股份 在 算力网络 的关系为披露指标营业收入,neutral,near_term,营业收入,2025,,annual_000938_2025,2025年年度报告,20,单位：元,1,"营业收入合计：2025年96,748,339,344.03元，占营业收入比重100%。",1.00,2025,core,auto,,,
claim_83d5ef52c432f265,company_exposure,算力网络,紫光股份 对 算力网络 的公司敞口为 core：拥有产品ICT基础设施与服务。证据：分产品：ICT 基础设施与服务,"[""紫光股份""]",紫光股份 在 算力网络 的关系为拥有产品ICT基础设施与服务,neutral,,,,,annual_000938_2025,2025年年度报告,20,单位：元,1,分产品：ICT 基础设施与服务,1.00,2025,core,auto,,,
claim_2d7f1a307c52e938,company_exposure,液冷,紫光股份 对 液冷 的公司敞口为 mentioned：拥有产品全光网络5.0解决方案。证据：发布全光网络5.0 解决方案,"[""紫光股份""]",紫光股份 在 液冷 的关系为拥有产品全光网络5.0解决方案,neutral,,,5.0,,annual_000938_2025,2025年年度报告,17,力利用率，关键部件实现液冷散热，为万亿参数模型训练提供强大支持，兼具高效与绿色特性。,1,发布全光网络5.0 解决方案,0.90,2025,mentioned,auto,,,
claim_76fab2caa2d965ee,company_exposure,算力网络,紫光股份 对 算力网络 的公司敞口为 core：拥有产品全光网络5.0解决方案。证据：发布全光网络5.0 解决方案,"[""紫光股份""]",紫光股份 在 算力网络 的关系为拥有产品全光网络5.0解决方案,neutral,,,5.0,,annual_000938_2025,2025年年度报告,17,力利用率，关键部件实现液冷散热，为万亿参数模型训练提供强大支持，兼具高效与绿色特性。,1,发布全光网络5.0 解决方案,0.90,2025,core,auto,,,
claim_251d8d14183748b6,indicator,算力网络,"算力网络 的可跟踪指标：紫光股份披露指标经营活动产生的现金流量净额。证据：经营活动产生的现金流量净额（元）2025年3,486,751,492.84","[""紫光股份""]",紫光股份 在 算力网络 的关系为披露指标经营活动产生的现金流量净额,neutral,near_term,经营活动产生的现金流量净额,2025,,annual_000938_2025,2025年年度报告,9,□是 √否,1,"经营活动产生的现金流量净额（元）2025年3,486,751,492.84",1.00,2025,core,auto,,,
claim_3a5b1b29b99afa42,indicator,算力网络,"算力网络 的可跟踪指标：紫光股份披露指标营业收入。证据：营业收入 96,748,339,344.03","[""紫光股份""]",紫光股份 在 算力网络 的关系为披露指标营业收入,neutral,,营业收入,96748339344.03,,annual_000938_2025,2025年年度报告,20,单位：元,1,"营业收入 96,748,339,344.03",1.00,2025,core,auto,,,
claim_ddad0bc9ef2e9b28,indicator,算力网络,"算力网络 的可跟踪指标：紫光股份披露指标商品销售收入。证据：其中商品销售收入为人民币90,464百万元","[""紫光股份""]",紫光股份 在 算力网络 的关系为披露指标商品销售收入,neutral,,商品销售收入,90464,,annual_000938_2025,2025年年度报告,91,财务报告,1,"其中商品销售收入为人民币90,464百万元",1.00,2025,core,auto,,,
claim_fe7ad29824fc4bfb,company_exposure,光模块,紫光股份 对 光模块 的公司敞口为 direct：涉及技术CPO技术。证据：公司重点推进CPO 技术与Scale-up 整机柜两大前沿技术方向研究,"[""紫光股份""]",紫光股份 在 光模块 的关系为涉及技术CPO技术,neutral,,,,,annual_000938_2025,2025年年度报告,17,力利用率，关键部件实现液冷散热，为万亿参数模型训练提供强大支持，兼具高效与绿色特性。,1,公司重点推进CPO 技术与Scale-up 整机柜两大前沿技术方向研究,0.90,2025,direct,auto,,,
claim_8d79b795987fbcb5,company_exposure,液冷,紫光股份 对 液冷 的公司敞口为 mentioned：涉及技术CPO技术。证据：公司重点推进CPO 技术与Scale-up 整机柜两大前沿技术方向研究,"[""紫光股份""]",紫光股份 在 液冷 的关系为涉及技术CPO技术,neutral,,,,,annual_000938_2025,2025年年度报告,17,力利用率，关键部件实现液冷散热，为万亿参数模型训练提供强大支持，兼具高效与绿色特性。,1,公司重点推进CPO 技术与Scale-up 整机柜两大前沿技术方向研究,0.90,2025,mentioned,auto,,,
claim_014fc43016ce7d46,company_exposure,算力网络,紫光股份 对 算力网络 的公司敞口为 core：涉及技术CPO技术。证据：公司重点推进CPO 技术与Scale-up 整机柜两大前沿技术方向研究,"[""紫光股份""]",紫光股份 在 算力网络 的关系为涉及技术CPO技术,neutral,,,,,annual_000938_2025,2025年年度报告,17,力利用率，关键部件实现液冷散热，为万亿参数模型训练提供强大支持，兼具高效与绿色特性。,1,公司重点推进CPO 技术与Scale-up 整机柜两大前沿技术方向研究,0.90,2025,core,auto,,,
claim_08f29d554f05a06f,company_exposure,算力网络,紫光股份 对 算力网络 的公司敞口为 core：拥有产品计算产品。证据：为人工智能、云计算、大数据、物联网等新兴技术在行业应用提供技术领先的计算、网络、存储和安全等软硬件产品,"[""紫光股份""]",紫光股份 在 算力网络 的关系为拥有产品计算产品,neutral,,,,,annual_000938_2025,2025年年度报告,35,公司未来发展的展望,1,为人工智能、云计算、大数据、物联网等新兴技术在行业应用提供技术领先的计算、网络、存储和安全等软硬件产品,0.90,2025,core,auto,,,
claim_89d5fc64ba0935d0,risk,算力网络,紫光股份 在 算力网络 相关业务中的风险：内部控制风险。证据：2、内部控制风险：外汇套期保值业务专业性较强，复杂程度较高，可能会由于内部控制机制不完善而造成操作风险。,"[""紫光股份""]",紫光股份 在 算力网络 的关系为披露风险内部控制风险,negative,,,2,,annual_000938_2025,2025年年度报告,32,√适用 □不适用,1,2、内部控制风险：外汇套期保值业务专业性较强，复杂程度较高，可能会由于内部控制机制不完善而造成操作风险。,1.00,2025,core,auto,,,
claim_6ea6c4b4d83035ed,company_exposure,光模块,紫光股份 对 光模块 的公司敞口为 direct：拥有产品51.2T CPO硅光数据中心交换机。证据：51.2T CPO 硅光数据中心交换机产品融合核心技术优势,"[""紫光股份""]",紫光股份 在 光模块 的关系为拥有产品51.2T CPO硅光数据中心交换机,neutral,,,51.2,,annual_000938_2025,2025年年度报告,17,力利用率，关键部件实现液冷散热，为万亿参数模型训练提供强大支持，兼具高效与绿色特性。,1,51.2T CPO 硅光数据中心交换机产品融合核心技术优势,0.90,2025,direct,auto,,,
claim_4b75c92cbc47de78,company_exposure,液冷,紫光股份 对 液冷 的公司敞口为 mentioned：拥有产品51.2T CPO硅光数据中心交换机。证据：51.2T CPO 硅光数据中心交换机产品融合核心技术优势,"[""紫光股份""]",紫光股份 在 液冷 的关系为拥有产品51.2T CPO硅光数据中心交换机,neutral,,,51.2,,annual_000938_2025,2025年年度报告,17,力利用率，关键部件实现液冷散热，为万亿参数模型训练提供强大支持，兼具高效与绿色特性。,1,51.2T CPO 硅光数据中心交换机产品融合核心技术优势,0.90,2025,mentioned,auto,,,
claim_9460529a6272c976,company_exposure,算力网络,紫光股份 对 算力网络 的公司敞口为 core：拥有产品51.2T CPO硅光数据中心交换机。证据：51.2T CPO 硅光数据中心交换机产品融合核心技术优势,"[""紫光股份""]",紫光股份 在 算力网络 的关系为拥有产品51.2T CPO硅光数据中心交换机,neutral,,,51.2,,annual_000938_2025,2025年年度报告,17,力利用率，关键部件实现液冷散热，为万亿参数模型训练提供强大支持，兼具高效与绿色特性。,1,51.2T CPO 硅光数据中心交换机产品融合核心技术优势,0.90,2025,core,auto,,,
claim_edab62f0c1b3531c,indicator,算力网络,"算力网络 的可跟踪指标：紫光股份披露指标营业收入_2024。证据：营业收入4 115,158,438.75 258,272,495.85","[""紫光股份""]",紫光股份 在 算力网络 的关系为披露指标营业收入_2024,neutral,,营业收入_2024,2024,,annual_000938_2025,2025年年度报告,108,89 -减：营业外支出,1,"营业收入4 115,158,438.75 258,272,495.85",1.00,2025,core,auto,,,
claim_fcbc4a38f7e09c17,company_exposure,算力网络,紫光股份 对 算力网络 的公司敞口为 core：属于环节云—网—安—算—存—端。证据：夯实“云—网—安—算—存—端”全栈业务布局,"[""紫光股份""]",紫光股份 在 算力网络 的关系为属于环节云—网—安—算—存—端,neutral,,,,,annual_000938_2025,2025年年度报告,24,费用,1,夯实“云—网—安—算—存—端”全栈业务布局,0.90,2025,core,auto,,,
claim_c86aa5cb2d6503a2,indicator,算力网络,"算力网络 的可跟踪指标：紫光股份披露指标主营业务收入_2025。证据：2025年主营业务收入96,267,600,254.58元","[""紫光股份""]",紫光股份 在 算力网络 的关系为披露指标主营业务收入_2025,neutral,near_term,主营业务收入_2025,2025,,annual_000938_2025,2025年年度报告,188,合并财务报表主要项目注释（续）,1,"2025年主营业务收入96,267,600,254.58元",1.00,2025,core,auto,,,
claim_28dec6dc757c3933,indicator,算力网络,"算力网络 的可跟踪指标：紫光股份披露指标归属于上市公司股东的扣除非经常性损益的净利润。证据：归属于上市公司股东的扣除非经常性损益的净利润（元）2025年1,634,660,607.17","[""紫光股份""]",紫光股份 在 算力网络 的关系为披露指标归属于上市公司股东的扣除非经常性损益的净利润,neutral,near_term,归属于上市公司股东的扣除非经常性损益的净利润,2025,,annual_000938_2025,2025年年度报告,9,□是 √否,1,"归属于上市公司股东的扣除非经常性损益的净利润（元）2025年1,634,660,607.17",1.00,2025,core,auto,,,
claim_54529e51680c45eb,company_exposure,算力网络,紫光股份 对 算力网络 的公司敞口为 core：拥有产品灵犀使能平台。证据：全面升级灵犀使能平台能力,"[""紫光股份""]",紫光股份 在 算力网络 的关系为拥有产品灵犀使能平台,neutral,,,,,annual_000938_2025,2025年年度报告,16,主营业务分析,1,全面升级灵犀使能平台能力,0.90,2025,core,auto,,,
claim_786b543211cb3f90,indicator,算力网络,算力网络 的可跟踪指标：紫光股份披露指标归属于上市公司股东的净利润。证据：表格显示紫光股份2025年各季度归属于上市公司股东的净利润数据。,"[""紫光股份""]",紫光股份 在 算力网络 的关系为披露指标归属于上市公司股东的净利润,neutral,near_term,归属于上市公司股东的净利润,2025,,annual_000938_2025,2025年年度报告,10,非经常性损益项目及金额,1,表格显示紫光股份2025年各季度归属于上市公司股东的净利润数据。,1.00,2025,core,auto,,,
claim_1b8c49c51f0be91f,risk,算力网络,紫光股份 在 算力网络 相关业务中的风险：宏观经济环境变化风险。证据：（1）宏观经济环境变化风险,"[""紫光股份""]",紫光股份 在 算力网络 的关系为披露风险宏观经济环境变化风险,negative,,,1,,annual_000938_2025,2025年年度报告,36,资金需求及使用计划,1,（1）宏观经济环境变化风险,0.90,2025,core,auto,,,
claim_e86577a8938d03aa,company_exposure,算力网络,紫光股份 对 算力网络 的公司敞口为 core：拥有产品网络产品。证据：为人工智能、云计算、大数据、物联网等新兴技术在行业应用提供技术领先的计算、网络、存储和安全等软硬件产品,"[""紫光股份""]",紫光股份 在 算力网络 的关系为拥有产品网络产品,neutral,,,,,annual_000938_2025,2025年年度报告,35,公司未来发展的展望,1,为人工智能、云计算、大数据、物联网等新兴技术在行业应用提供技术领先的计算、网络、存储和安全等软硬件产品,0.90,2025,core,auto,,,
claim_08bc403973413c05,company_exposure,算力网络,紫光股份 对 算力网络 的公司敞口为 core：涉及技术AI智能体。证据：积极探索并实践AI智能体在政务场景的落地应用。,"[""紫光股份""]",紫光股份 在 算力网络 的关系为涉及技术AI智能体,neutral,,,,,annual_000938_2025,2025年年度报告,19,抢抓产业机遇，助力国内行业客户增强数智化水平,1,积极探索并实践AI智能体在政务场景的落地应用。,0.80,2025,core,auto,,,
claim_1844481fc1845cae,risk,算力网络,紫光股份 在 算力网络 相关业务中的风险：财务报告内部控制重要缺陷。证据：定量标准：营业收入潜在错报：重要缺陷：营业收入总额的0.5%＜错报≤营业收入总额的1%；利润总额潜在错报：重要缺陷：利润总额的5%＜错报≤利润总额的10%；资产总额潜在错报：重要缺陷：资产总额的0.5%＜错报≤资产总额的1%；所有者权益潜在错报：重要缺陷：所有者权益总额的1.5%＜错报≤所有者权益总额的3%,"[""紫光股份""]",紫光股份 在 算力网络 的关系为披露风险财务报告内部控制重要缺陷,negative,,,0.5,%,annual_000938_2025,2025年年度报告,53,内部控制审计报告,1,定量标准：营业收入潜在错报：重要缺陷：营业收入总额的0.5%＜错报≤营业收入总额的1%；利润总额潜在错报：重要缺陷：利润总额的5%＜错报≤利润总额的10%；资产总额潜在错报：重要缺陷：资产总额的0.5%＜错报≤资产总额的1%；所有者权益潜在错报：重要缺陷：所有者权益总额的1.5%＜错报≤所有者权益总额的3%,1.00,2025,core,auto,,,
claim_a92a59d1eb7640b7,indicator,算力网络,算力网络 的可跟踪指标：紫光股份拥有产品UTM防火墙。证据：中国UTM防火墙市场份额21.1%，位列第三,"[""紫光股份""]",紫光股份 在 算力网络 的关系为拥有产品UTM防火墙,neutral,,,21.1,%,annual_000938_2025,2025年年度报告,14,优质的客户资源和丰富的数字化转型实践经验,1,中国UTM防火墙市场份额21.1%，位列第三,0.90,2025,core,auto,,,
claim_19f4ab4f459308dd,company_exposure,算力网络,紫光股份 对 算力网络 的公司敞口为 core：拥有产品超融合虚拟化融合版本。证据：完成新一代超融合版本发布,"[""紫光股份""]",紫光股份 在 算力网络 的关系为拥有产品超融合虚拟化融合版本,neutral,,,,,annual_000938_2025,2025年年度报告,26,费用,1,完成新一代超融合版本发布,1.00,2025,core,auto,,,
claim_36409c894358759c,company_exposure,算力网络,紫光股份 对 算力网络 的公司敞口为 core：拥有产品灵犀推理引擎。证据：公司陆续推出百业灵犀私域大模型、灵犀使能平台、灵犀推理引擎、灵犀AI助手、灵犀Cube一体机及多个行业智能体,"[""紫光股份""]",紫光股份 在 算力网络 的关系为拥有产品灵犀推理引擎,neutral,,,,,annual_000938_2025,2025年年度报告,13,核心竞争力分析,1,公司陆续推出百业灵犀私域大模型、灵犀使能平台、灵犀推理引擎、灵犀AI助手、灵犀Cube一体机及多个行业智能体,0.90,2025,core,auto,,,
claim_ef9f1477d89bfe75,indicator,算力网络,算力网络 的可跟踪指标：紫光股份披露指标营业收入同比增减。证据：营业收入同比增减：22.43%。,"[""紫光股份""]",紫光股份 在 算力网络 的关系为披露指标营业收入同比增减,neutral,,营业收入同比增减,22.43,%,annual_000938_2025,2025年年度报告,20,单位：元,1,营业收入同比增减：22.43%。,1.00,2025,core,auto,,,
claim_92a4152f9abe8f11,policy,算力网络,算力网络 机理/传导：紫光股份政策支撑企业会计准则第22号——金融工具确认和计量。证据：公司根据财政部《企业会计准则第22 号——金融工具确认和计量》《企业会计准则第24 号——套期会计》《企业会计准则第 37 号——金融工具列报》相关规定及其指南，对开展的外汇套期保值业务进行相应的核算处理。,"[""紫光股份""]",紫光股份 在 算力网络 的关系为政策支撑企业会计准则第22号——金融工具确认和计量,positive,,,22,,annual_000938_2025,2025年年度报告,32,√适用 □不适用,1,公司根据财政部《企业会计准则第22 号——金融工具确认和计量》《企业会计准则第24 号——套期会计》《企业会计准则第 37 号——金融工具列报》相关规定及其指南，对开展的外汇套期保值业务进行相应的核算处理。,1.00,2025,core,auto,,,
claim_d8e76bd568d9219a,company_exposure,AI芯片,紫光股份 对 AI芯片 的公司敞口为 mentioned：拥有产品大模型一体机产品。证据：发布基于DeepSeek大模型一体机全系列产品,"[""紫光股份""]",紫光股份 在 AI芯片 的关系为拥有产品大模型一体机产品,neutral,,,,,annual_000938_2025,2025年年度报告,25,费用,1,发布基于DeepSeek大模型一体机全系列产品,1.00,2025,mentioned,auto,,,
claim_a00c1f5652607493,company_exposure,算力网络,紫光股份 对 算力网络 的公司敞口为 core：拥有产品大模型一体机产品。证据：发布基于DeepSeek大模型一体机全系列产品,"[""紫光股份""]",紫光股份 在 算力网络 的关系为拥有产品大模型一体机产品,neutral,,,,,annual_000938_2025,2025年年度报告,25,费用,1,发布基于DeepSeek大模型一体机全系列产品,1.00,2025,core,auto,,,
claim_730cad3a82706f98,company_exposure,算力网络,紫光股份 对 算力网络 的公司敞口为 core：涉及技术人工智能。证据：公司深化“AI in ALL”、“AI for ALL”技术战略，持续在网络、安全、计算、存储、云计算、人工智能等重点领域的研发投入,"[""紫光股份""]",紫光股份 在 算力网络 的关系为涉及技术人工智能,neutral,,,,,annual_000938_2025,2025年年度报告,24,费用,1,公司深化“AI in ALL”、“AI for ALL”技术战略，持续在网络、安全、计算、存储、云计算、人工智能等重点领域的研发投入,0.90,2025,core,auto,,,
claim_9b8edd67bb9f212b,indicator,算力网络,算力网络 的可跟踪指标：紫光股份拥有产品网络交换机。证据：公司在中国企业网交换机市场份额36.1%，排名第一,"[""紫光股份""]",紫光股份 在 算力网络 的关系为拥有产品网络交换机,neutral,,,36.1,%,annual_000938_2025,2025年年度报告,14,优质的客户资源和丰富的数字化转型实践经验,1,公司在中国企业网交换机市场份额36.1%，排名第一,0.90,2025,core,auto,,,
claim_ce5212963ef3bf1e,company_exposure,数据中心,紫光股份 对 数据中心 的公司敞口为 indirect：属于环节AI算力产业链。证据：公司深度参与多地智算中心、政务云、政务网项目建设；与多家头部互联网客户持续推进大规模算力集群与超节点系统建设；持续落地大中型智算中心建设项目。,"[""紫光股份""]",紫光股份 在 数据中心 的关系为属于环节AI算力产业链,neutral,,,,,annual_000938_2025,2025年年度报告,19,抢抓产业机遇，助力国内行业客户增强数智化水平,1,公司深度参与多地智算中心、政务云、政务网项目建设；与多家头部互联网客户持续推进大规模算力集群与超节点系统建设；持续落地大中型智算中心建设项目。,0.90,2025,indirect,auto,,,
claim_c4fe5e6998aa7a21,company_exposure,算力网络,紫光股份 对 算力网络 的公司敞口为 core：属于环节AI算力产业链。证据：公司深度参与多地智算中心、政务云、政务网项目建设；与多家头部互联网客户持续推进大规模算力集群与超节点系统建设；持续落地大中型智算中心建设项目。,"[""紫光股份""]",紫光股份 在 算力网络 的关系为属于环节AI算力产业链,neutral,,,,,annual_000938_2025,2025年年度报告,19,抢抓产业机遇，助力国内行业客户增强数智化水平,1,公司深度参与多地智算中心、政务云、政务网项目建设；与多家头部互联网客户持续推进大规模算力集群与超节点系统建设；持续落地大中型智算中心建设项目。,0.90,2025,core,auto,,,
claim_ce83012a40753e17,company_exposure,算力网络,紫光股份 对 算力网络 的公司敞口为 core：拥有产品IT产品分销与供应链服务。证据：分产品：IT 产品分销与供应链服务,"[""紫光股份""]",紫光股份 在 算力网络 的关系为拥有产品IT产品分销与供应链服务,neutral,,,,,annual_000938_2025,2025年年度报告,20,单位：元,1,分产品：IT 产品分销与供应链服务,1.00,2025,core,auto,,,
claim_fa567175dac2db40,company_exposure,算力网络,紫光股份 对 算力网络 的公司敞口为 core：拥有产品高端路由器。证据：公司数据中心交换机和高端路由器成功通过欧洲高级网络测试中心（EANTC）2025 互通性测试,"[""紫光股份""]",紫光股份 在 算力网络 的关系为拥有产品高端路由器,neutral,near_term,,2025,,annual_000938_2025,2025年年度报告,18,核心竞争力,1,公司数据中心交换机和高端路由器成功通过欧洲高级网络测试中心（EANTC）2025 互通性测试,0.90,2025,core,auto,,,
claim_11388c2637d11026,company_exposure,数据中心,紫光股份 对 数据中心 的公司敞口为 indirect：拥有产品高端路由器。证据：公司数据中心交换机和高端路由器成功通过欧洲高级网络测试中心（EANTC）2025 互通性测试,"[""紫光股份""]",紫光股份 在 数据中心 的关系为拥有产品高端路由器,neutral,near_term,,2025,,annual_000938_2025,2025年年度报告,18,核心竞争力,1,公司数据中心交换机和高端路由器成功通过欧洲高级网络测试中心（EANTC）2025 互通性测试,0.90,2025,indirect,auto,,,
claim_94823df37c2ccd40,company_exposure,算力网络,紫光股份 对 算力网络 的公司敞口为 core：拥有产品LinSeer ICT 智能体。证据：公司发布了 “LinSeer ICT 智能体”,"[""紫光股份""]",紫光股份 在 算力网络 的关系为拥有产品LinSeer ICT 智能体,neutral,,,,,annual_000938_2025,2025年年度报告,16,主营业务分析,1,公司发布了 “LinSeer ICT 智能体”,0.90,2025,core,auto,,,
claim_804ba5f07470ee4f,company_exposure,算力网络,紫光股份 对 算力网络 的公司敞口为 core：拥有产品智能制造无线网络解决方案。证据：发布智能制造无线网络解决方案,"[""紫光股份""]",紫光股份 在 算力网络 的关系为拥有产品智能制造无线网络解决方案,neutral,,,,,annual_000938_2025,2025年年度报告,18,核心竞争力,1,发布智能制造无线网络解决方案,0.90,2025,core,auto,,,
claim_569e8a89d3c1e357,indicator,算力网络,算力网络 的可跟踪指标：紫光股份披露指标营业收入比上年同期增减。证据：营业收入比上年同期增减 22.43%,"[""紫光股份""]",紫光股份 在 算力网络 的关系为披露指标营业收入比上年同期增减,neutral,,营业收入比上年同期增减,22.43,%,annual_000938_2025,2025年年度报告,20,单位：元,1,营业收入比上年同期增减 22.43%,1.00,2025,core,auto,,,
claim_3b947bc5a873e53a,indicator,算力网络,"算力网络 的可跟踪指标：紫光股份披露指标经销营业收入。证据：经销 | 48,181,829,542.40 | 37,646,527,073.81 | 21.87% | 2.23% | 0.57% | 1.29%","[""紫光股份""]",紫光股份 在 算力网络 的关系为披露指标经销营业收入,neutral,,经销营业收入,48181829542.40,,annual_000938_2025,2025年年度报告,21,公司实物销售收入是否大于劳务收入,1,"经销 | 48,181,829,542.40 | 37,646,527,073.81 | 21.87% | 2.23% | 0.57% | 1.29%",1.00,2025,core,auto,,,
claim_e5057ea7d16ec227,mechanism,算力网络,算力网络 机理/传导：紫光股份受益于超大规模模型。证据：参与新一代AI Infra体系建设，从计算、存储、网络等多维度共同打造面向超大规模模型的基础架构。,"[""紫光股份""]",紫光股份 在 算力网络 的关系为受益于超大规模模型,positive,,,,,annual_000938_2025,2025年年度报告,19,抢抓产业机遇，助力国内行业客户增强数智化水平,1,参与新一代AI Infra体系建设，从计算、存储、网络等多维度共同打造面向超大规模模型的基础架构。,0.80,2025,core,auto,,,
claim_0e13c71a7edc8021,indicator,算力网络,算力网络 的可跟踪指标：紫光股份披露指标营业收入。证据：表格显示紫光股份2025年各季度营业收入数据。,"[""紫光股份""]",紫光股份 在 算力网络 的关系为披露指标营业收入,neutral,near_term,营业收入,2025,,annual_000938_2025,2025年年度报告,10,非经常性损益项目及金额,1,表格显示紫光股份2025年各季度营业收入数据。,1.00,2025,core,auto,,,
claim_9891ff7f29da8c99,indicator,算力网络,"算力网络 的可跟踪指标：紫光股份披露指标净利润_2025。证据：净利润 2,171,084,501.45","[""紫光股份""]",紫光股份 在 算力网络 的关系为披露指标净利润_2025,neutral,near_term,净利润_2025,2025,,annual_000938_2025,2025年年度报告,100,营业收入,1,"净利润 2,171,084,501.45",1.00,2025,core,auto,,,
claim_17f68a8a170aa61f,company_exposure,算力网络,紫光股份 对 算力网络 的公司敞口为 core：拥有产品金融智算解决方案。证据：公司金融智算解决方案服务多家头部银行及券商等客户,"[""紫光股份""]",紫光股份 在 算力网络 的关系为拥有产品金融智算解决方案,neutral,,,,,annual_000938_2025,2025年年度报告,14,优质的客户资源和丰富的数字化转型实践经验,1,公司金融智算解决方案服务多家头部银行及券商等客户,0.80,2025,core,auto,,,
claim_425075d72afcfd73,supply_chain,数据中心,数据中心 机理/传导：智算中心上游人工智能。证据：基础层聚焦智算中心等核心算力设施,[],智算中心 上游 人工智能,neutral,,,,,annual_000938_2025,2025年年度报告,12,管理层讨论与分析,1,基础层聚焦智算中心等核心算力设施,0.80,2025,,auto,,,
claim_2bc5ac5b49ca328f,supply_chain,电源,电源 机理/传导：智算中心上游人工智能。证据：基础层聚焦智算中心等核心算力设施,[],智算中心 上游 人工智能,neutral,,,,,annual_000938_2025,2025年年度报告,12,管理层讨论与分析,1,基础层聚焦智算中心等核心算力设施,0.80,2025,,auto,,,
claim_c78f8fb28a7346ba,indicator,算力网络,算力网络 的可跟踪指标：紫光股份拥有产品企业级WLAN。证据：中国企业级WLAN市场份额27.9%，持续位列第一,"[""紫光股份""]",紫光股份 在 算力网络 的关系为拥有产品企业级WLAN,neutral,,,27.9,%,annual_000938_2025,2025年年度报告,14,优质的客户资源和丰富的数字化转型实践经验,1,中国企业级WLAN市场份额27.9%，持续位列第一,0.90,2025,core,auto,,,
claim_8d1a539a6ed49139,company_exposure,算力网络,紫光股份 对 算力网络 的公司敞口为 core：拥有产品安全产品。证据：新华三集团主要业务包括网络产品、服务器、存储产品、安全产品、云计算产品、互联网信息技术产品的研发、生产、销售等,"[""紫光股份""]",紫光股份 在 算力网络 的关系为拥有产品安全产品,neutral,,,,,annual_000938_2025,2025年年度报告,34,公司控制的结构化主体情况,1,新华三集团主要业务包括网络产品、服务器、存储产品、安全产品、云计算产品、互联网信息技术产品的研发、生产、销售等,0.90,2025,core,auto,,,
claim_5ffefbbe58855410,company_exposure,算力网络,紫光股份 对 算力网络 的公司敞口为 core：涉及技术云计算。证据：公司深化“AI in ALL”、“AI for ALL”技术战略，持续在网络、安全、计算、存储、云计算、人工智能等重点领域的研发投入,"[""紫光股份""]",紫光股份 在 算力网络 的关系为涉及技术云计算,neutral,,,,,annual_000938_2025,2025年年度报告,24,费用,1,公司深化“AI in ALL”、“AI for ALL”技术战略，持续在网络、安全、计算、存储、云计算、人工智能等重点领域的研发投入,0.90,2025,core,auto,,,
claim_78e94b24edeb6fa3,company_exposure,算力网络,紫光股份 对 算力网络 的公司敞口为 core：拥有产品存储产品。证据：为人工智能、云计算、大数据、物联网等新兴技术在行业应用提供技术领先的计算、网络、存储和安全等软硬件产品,"[""紫光股份""]",紫光股份 在 算力网络 的关系为拥有产品存储产品,neutral,,,,,annual_000938_2025,2025年年度报告,35,公司未来发展的展望,1,为人工智能、云计算、大数据、物联网等新兴技术在行业应用提供技术领先的计算、网络、存储和安全等软硬件产品,0.90,2025,core,auto,,,
claim_c3345d9dbfc7d1bd,company_exposure,算力网络,紫光股份 对 算力网络 的公司敞口为 core：拥有产品智算云。证据：构建满足智算需求的专属云,"[""紫光股份""]",紫光股份 在 算力网络 的关系为拥有产品智算云,neutral,,,,,annual_000938_2025,2025年年度报告,27,公司研发投入情况,1,构建满足智算需求的专属云,1.00,2025,core,auto,,,
claim_a6242d0a29e26d8e,risk,算力网络,紫光股份 在 算力网络 相关业务中的风险：非财务报告内部控制重要缺陷。证据：定量标准：重要缺陷：潜在风险事件可能造成的直接财产损失金额在2000 万元-8000万元（含8000 万元）之间,"[""紫光股份""]",紫光股份 在 算力网络 的关系为披露风险非财务报告内部控制重要缺陷,negative,,,2000,万元,annual_000938_2025,2025年年度报告,53,内部控制审计报告,1,定量标准：重要缺陷：潜在风险事件可能造成的直接财产损失金额在2000 万元-8000万元（含8000 万元）之间,1.00,2025,core,auto,,,
claim_0717765d4c6dda9a,company_exposure,AI服务器,紫光股份 对 AI服务器 的公司敞口为 mentioned：拥有产品高速无损网络。证据：公司打造了以高速无损网络、人工智能服务器、下一代存储、算力调度管理平台为核心的全栈智算解决方案,"[""紫光股份""]",紫光股份 在 AI服务器 的关系为拥有产品高速无损网络,neutral,,,,,annual_000938_2025,2025年年度报告,16,主营业务分析,1,公司打造了以高速无损网络、人工智能服务器、下一代存储、算力调度管理平台为核心的全栈智算解决方案,0.90,2025,mentioned,auto,,,
claim_e8470b923bd1c733,company_exposure,算力网络,紫光股份 对 算力网络 的公司敞口为 core：拥有产品高速无损网络。证据：公司打造了以高速无损网络、人工智能服务器、下一代存储、算力调度管理平台为核心的全栈智算解决方案,"[""紫光股份""]",紫光股份 在 算力网络 的关系为拥有产品高速无损网络,neutral,,,,,annual_000938_2025,2025年年度报告,16,主营业务分析,1,公司打造了以高速无损网络、人工智能服务器、下一代存储、算力调度管理平台为核心的全栈智算解决方案,0.90,2025,core,auto,,,
claim_d68cafdacaeb7266,company_exposure,算力网络,紫光股份 对 算力网络 的公司敞口为 core：涉及技术AI安全大模型。证据：发布 AI 安全系列智能体,"[""紫光股份""]",紫光股份 在 算力网络 的关系为涉及技术AI安全大模型,neutral,,,,,annual_000938_2025,2025年年度报告,26,费用,1,发布 AI 安全系列智能体,1.00,2025,core,auto,,,
claim_a4e6f32a9970a435,indicator,算力网络,"算力网络 的可跟踪指标：紫光股份披露指标营业收入。证据：2025年紫光股份有限公司合并财务报表中营业收入为人民币96,748百万元","[""紫光股份""]",紫光股份 在 算力网络 的关系为披露指标营业收入,neutral,near_term,营业收入,2025,,annual_000938_2025,2025年年度报告,91,财务报告,1,"2025年紫光股份有限公司合并财务报表中营业收入为人民币96,748百万元",1.00,2025,core,auto,,,
claim_b8a678776ca10ec0,indicator,算力网络,算力网络 的可跟踪指标：紫光股份披露指标预测期毛利率。证据：毛利率14.8%-15.7%,"[""紫光股份""]",紫光股份 在 算力网络 的关系为披露指标预测期毛利率,neutral,,预测期毛利率,14.8,%,annual_000938_2025,2025年年度报告,174,合并财务报表主要项目注释（续）,1,毛利率14.8%-15.7%,1.00,2025,core,auto,,,
claim_d7c1c31dd913d9eb,company_exposure,算力网络,紫光股份 对 算力网络 的公司敞口为 core：拥有产品计算。证据：持续在网络、安全、计算、存储、云计算、人工智能等重点领域的研发投入，夯实“云—网—安—算—存—端”全栈业务布局,"[""紫光股份""]",紫光股份 在 算力网络 的关系为拥有产品计算,neutral,,,,,annual_000938_2025,2025年年度报告,24,费用,1,持续在网络、安全、计算、存储、云计算、人工智能等重点领域的研发投入，夯实“云—网—安—算—存—端”全栈业务布局,0.90,2025,core,auto,,,
claim_4dc0f107b3d8f728,company_exposure,算力网络,紫光股份 对 算力网络 的公司敞口为 core：涉及技术大数据。证据：面对以人工智能、云计算、大数据等为代表的新一代数字技术融合趋势,"[""紫光股份""]",紫光股份 在 算力网络 的关系为涉及技术大数据,neutral,,,,,annual_000938_2025,2025年年度报告,24,费用,1,面对以人工智能、云计算、大数据等为代表的新一代数字技术融合趋势,0.90,2025,core,auto,,,
claim_4cae4f6bd0d7c0b0,company_exposure,算力网络,紫光股份 对 算力网络 的公司敞口为 core：拥有产品网络产品。证据：新华三集团主要业务包括网络产品、服务器、存储产品、安全产品、云计算产品、互联网信息技术产品的研发、生产、销售等,"[""紫光股份""]",紫光股份 在 算力网络 的关系为拥有产品网络产品,neutral,,,,,annual_000938_2025,2025年年度报告,34,公司控制的结构化主体情况,1,新华三集团主要业务包括网络产品、服务器、存储产品、安全产品、云计算产品、互联网信息技术产品的研发、生产、销售等,0.90,2025,core,auto,,,
claim_d508cf1c450c0825,mechanism,AI芯片,"AI芯片 的技术机理：DeepSeek-V3 Technical Report：To achieve efficient inference and cost-effective training, DeepSeek-V3 adopts Multi-head Latent Attention (MLA) and DeepSeekMoE architectures, which were thoroughly validated in DeepSeek-V2.",[],"AI芯片 由 To achieve efficient inference and cost-effective training, DeepSeek-V3 adopt... 驱动",positive,,,,,industry_tech_deepseek_v3_2025,DeepSeek-V3 Technical Report,1,DeepSeek-AI,2,"To achieve efficient inference and cost-effective training, DeepSeek-V3 adopts Multi-head Latent Attention (MLA) and DeepSeekMoE architectures, which were thoroughly validated in DeepSeek-V2.",0.70,2025,,auto,,,
claim_ec0a33210f9e9ff0,indicator,AI芯片,"AI芯片 的可跟踪指标：DeepSeek-V3 Technical Report：To further push the boundaries of open-source model capabilities, we scale up our models and introduce DeepSeek-V3, a large Mixture-of-Experts (MoE) model with 671B parameters, of which 37B are activated for each token.",[],"AI芯片 可通过 To further push the boundaries of open-source model capabilities, we scale up... 跟踪",neutral,,parameters,671B parameters,parameters,industry_tech_deepseek_v3_2025,DeepSeek-V3 Technical Report,4,Introduction,2,"To further push the boundaries of open-source model capabilities, we scale up our models and introduce DeepSeek-V3, a large Mixture-of-Experts (MoE) model with 671B parameters, of which 37B are activated for each token.",0.70,2025,,auto,,,
claim_4e4d71cafe361ebc,mechanism,AI芯片,"AI芯片 的技术机理：DeepSeek-V3 Technical Report：To further push the boundaries of open-source model capabilities, we scale up our models and introduce DeepSeek-V3, a large Mixture-of-Experts (MoE) model with 671B parameters, of which 37B are activated for each token.",[],"AI芯片 由 To further push the boundaries of open-source model capabilities, we scale up... 驱动",positive,,,,,industry_tech_deepseek_v3_2025,DeepSeek-V3 Technical Report,4,Introduction,2,"To further push the boundaries of open-source model capabilities, we scale up our models and introduce DeepSeek-V3, a large Mixture-of-Experts (MoE) model with 671B parameters, of which 37B are activated for each token.",0.70,2025,,auto,,,
claim_e39851c934e9a17a,indicator,算力网络,"算力网络 的可跟踪指标：DeepSeek-V3 Technical Report：To further push the boundaries of open-source model capabilities, we scale up our models and introduce DeepSeek-V3, a large Mixture-of-Experts (MoE) model with 671B parameters, of which 37B are activated for each token.",[],"算力网络 可通过 To further push the boundaries of open-source model capabilities, we scale up... 跟踪",neutral,,parameters,671B parameters,parameters,industry_tech_deepseek_v3_2025,DeepSeek-V3 Technical Report,4,Introduction,2,"To further push the boundaries of open-source model capabilities, we scale up our models and introduce DeepSeek-V3, a large Mixture-of-Experts (MoE) model with 671B parameters, of which 37B are activated for each token.",0.70,2025,,auto,,,
claim_739afb682afaba04,mechanism,算力网络,"算力网络 的技术机理：DeepSeek-V3 Technical Report：To further push the boundaries of open-source model capabilities, we scale up our models and introduce DeepSeek-V3, a large Mixture-of-Experts (MoE) model with 671B parameters, of which 37B are activated for each token.",[],"算力网络 由 To further push the boundaries of open-source model capabilities, we scale up... 驱动",positive,,,,,industry_tech_deepseek_v3_2025,DeepSeek-V3 Technical Report,4,Introduction,2,"To further push the boundaries of open-source model capabilities, we scale up our models and introduce DeepSeek-V3, a large Mixture-of-Experts (MoE) model with 671B parameters, of which 37B are activated for each token.",0.70,2025,,auto,,,
claim_3d043b6b808b16b0,bottleneck,AI芯片,"AI芯片 的约束或瓶颈：DeepSeek-V3 Technical Report：In addition, we also develop efficient cross-node all-to-all communication kernels to fully utilize InfiniBand (IB) and NVLink bandwidths.",[],"AI芯片 受 In addition, we also develop efficient cross-node all-to-all communication ke... 约束",negative,,,,,industry_tech_deepseek_v3_2025,DeepSeek-V3 Technical Report,4,Introduction,2,"In addition, we also develop efficient cross-node all-to-all communication kernels to fully utilize InfiniBand (IB) and NVLink bandwidths.",0.70,2025,,auto,,,
claim_0acb0cf8b10771f7,mechanism,AI芯片,"AI芯片 的技术机理：DeepSeek-V3 Technical Report：In addition, we also develop efficient cross-node all-to-all communication kernels to fully utilize InfiniBand (IB) and NVLink bandwidths.",[],"AI芯片 由 In addition, we also develop efficient cross-node all-to-all communication ke... 驱动",positive,,,,,industry_tech_deepseek_v3_2025,DeepSeek-V3 Technical Report,4,Introduction,2,"In addition, we also develop efficient cross-node all-to-all communication kernels to fully utilize InfiniBand (IB) and NVLink bandwidths.",0.70,2025,,auto,,,
claim_1bc3d6491387cbb7,bottleneck,算力网络,"算力网络 的约束或瓶颈：DeepSeek-V3 Technical Report：In addition, we also develop efficient cross-node all-to-all communication kernels to fully utilize InfiniBand (IB) and NVLink bandwidths.",[],"算力网络 受 In addition, we also develop efficient cross-node all-to-all communication ke... 约束",negative,,,,,industry_tech_deepseek_v3_2025,DeepSeek-V3 Technical Report,4,Introduction,2,"In addition, we also develop efficient cross-node all-to-all communication kernels to fully utilize InfiniBand (IB) and NVLink bandwidths.",0.70,2025,,auto,,,
claim_42f03b010d04ccf1,mechanism,算力网络,"算力网络 的技术机理：DeepSeek-V3 Technical Report：In addition, we also develop efficient cross-node all-to-all communication kernels to fully utilize InfiniBand (IB) and NVLink bandwidths.",[],"算力网络 由 In addition, we also develop efficient cross-node all-to-all communication ke... 驱动",positive,,,,,industry_tech_deepseek_v3_2025,DeepSeek-V3 Technical Report,4,Introduction,2,"In addition, we also develop efficient cross-node all-to-all communication kernels to fully utilize InfiniBand (IB) and NVLink bandwidths.",0.70,2025,,auto,,,
claim_e1734de8359e60fd,supply_chain,AI芯片,"AI芯片 的产业传导：DeepSeek-V3 Technical Report：Subsequently, we introduce our infrastructures, encompassing our compute clusters, the training framework, the support for FP8 training, the inference deployment strategy, and our suggestions on future hardware design.",[],"AI芯片 的产业链传导涉及 Subsequently, we introduce our infrastructures, encompassing our compute clus...",neutral,,,,,industry_tech_deepseek_v3_2025,DeepSeek-V3 Technical Report,6,Architecture,2,"Subsequently, we introduce our infrastructures, encompassing our compute clusters, the training framework, the support for FP8 training, the inference deployment strategy, and our suggestions on future hardware design.",0.70,2025,,auto,,,
claim_26de099b0ce0fc3e,mechanism,AI芯片,"AI芯片 的技术机理：DeepSeek-V3 Technical Report：Subsequently, we introduce our infrastructures, encompassing our compute clusters, the training framework, the support for FP8 training, the inference deployment strategy, and our suggestions on future hardware design.",[],"AI芯片 由 Subsequently, we introduce our infrastructures, encompassing our compute clus... 驱动",positive,,,,,industry_tech_deepseek_v3_2025,DeepSeek-V3 Technical Report,6,Architecture,2,"Subsequently, we introduce our infrastructures, encompassing our compute clusters, the training framework, the support for FP8 training, the inference deployment strategy, and our suggestions on future hardware design.",0.70,2025,,auto,,,
claim_45d84cd785682b42,mechanism,AI芯片,"AI芯片 的技术机理：DeepSeek-V3 Technical Report：For efficient inference and economical training, DeepSeek-V3 also adopts MLA and DeepSeekMoE, which have been thoroughly validated by DeepSeek-V2.",[],"AI芯片 由 For efficient inference and economical training, DeepSeek-V3 also adopts MLA ... 驱动",positive,,,,,industry_tech_deepseek_v3_2025,DeepSeek-V3 Technical Report,6,Basic Architecture,2,"For efficient inference and economical training, DeepSeek-V3 also adopts MLA and DeepSeekMoE, which have been thoroughly validated by DeepSeek-V2.",0.70,2025,,auto,,,
claim_34bb7cf0564cc0a4,bottleneck,AI芯片,"AI芯片 的约束或瓶颈：DeepSeek-V3 Technical Report：Secondly, we develop efficient cross-node all-to-all communication kernels to fully utilize IB and NVLink bandwidths and conserve Streaming Multiprocessors (SMs) dedicated to communication.",[],"AI芯片 受 Secondly, we develop efficient cross-node all-to-all communication kernels to... 约束",negative,,,,,industry_tech_deepseek_v3_2025,DeepSeek-V3 Technical Report,12,Training Framework,2,"Secondly, we develop efficient cross-node all-to-all communication kernels to fully utilize IB and NVLink bandwidths and conserve Streaming Multiprocessors (SMs) dedicated to communication.",0.70,2025,,auto,,,
claim_4a1d3f6838f35a1f,mechanism,AI芯片,"AI芯片 的技术机理：DeepSeek-V3 Technical Report：Secondly, we develop efficient cross-node all-to-all communication kernels to fully utilize IB and NVLink bandwidths and conserve Streaming Multiprocessors (SMs) dedicated to communication.",[],"AI芯片 由 Secondly, we develop efficient cross-node all-to-all communication kernels to... 驱动",positive,,,,,industry_tech_deepseek_v3_2025,DeepSeek-V3 Technical Report,12,Training Framework,2,"Secondly, we develop efficient cross-node all-to-all communication kernels to fully utilize IB and NVLink bandwidths and conserve Streaming Multiprocessors (SMs) dedicated to communication.",0.70,2025,,auto,,,
claim_5f6f9344690cfa35,bottleneck,算力网络,"算力网络 的约束或瓶颈：DeepSeek-V3 Technical Report：Secondly, we develop efficient cross-node all-to-all communication kernels to fully utilize IB and NVLink bandwidths and conserve Streaming Multiprocessors (SMs) dedicated to communication.",[],"算力网络 受 Secondly, we develop efficient cross-node all-to-all communication kernels to... 约束",negative,,,,,industry_tech_deepseek_v3_2025,DeepSeek-V3 Technical Report,12,Training Framework,2,"Secondly, we develop efficient cross-node all-to-all communication kernels to fully utilize IB and NVLink bandwidths and conserve Streaming Multiprocessors (SMs) dedicated to communication.",0.70,2025,,auto,,,
claim_498e21e847cf3d23,mechanism,算力网络,"算力网络 的技术机理：DeepSeek-V3 Technical Report：Secondly, we develop efficient cross-node all-to-all communication kernels to fully utilize IB and NVLink bandwidths and conserve Streaming Multiprocessors (SMs) dedicated to communication.",[],"算力网络 由 Secondly, we develop efficient cross-node all-to-all communication kernels to... 驱动",positive,,,,,industry_tech_deepseek_v3_2025,DeepSeek-V3 Technical Report,12,Training Framework,2,"Secondly, we develop efficient cross-node all-to-all communication kernels to fully utilize IB and NVLink bandwidths and conserve Streaming Multiprocessors (SMs) dedicated to communication.",0.70,2025,,auto,,,
claim_5d9e3b78853c2ddd,bottleneck,AI芯片,"AI芯片 的约束或瓶颈：DeepSeek-V3 Technical Report：This overlap also ensures that, as the model further scales up, as long as we maintain a constant computation-to-communication ratio, we can still employ fine-grained experts across nodes while achieving a near-zero all-to-all communication overhead.",[],"AI芯片 受 This overlap also ensures that, as the model further scales up, as long as we... 约束",negative,,,,,industry_tech_deepseek_v3_2025,DeepSeek-V3 Technical Report,12,Training Framework,2,"This overlap also ensures that, as the model further scales up, as long as we maintain a constant computation-to-communication ratio, we can still employ fine-grained experts across nodes while achieving a near-zero all-to-all communication overhead.",0.70,2025,,auto,,,
claim_4cb7ea49be36b5a8,mechanism,AI芯片,"AI芯片 的技术机理：DeepSeek-V3 Technical Report：This overlap also ensures that, as the model further scales up, as long as we maintain a constant computation-to-communication ratio, we can still employ fine-grained experts across nodes while achieving a near-zero all-to-all communication overhead.",[],"AI芯片 由 This overlap also ensures that, as the model further scales up, as long as we... 驱动",positive,,,,,industry_tech_deepseek_v3_2025,DeepSeek-V3 Technical Report,12,Training Framework,2,"This overlap also ensures that, as the model further scales up, as long as we maintain a constant computation-to-communication ratio, we can still employ fine-grained experts across nodes while achieving a near-zero all-to-all communication overhead.",0.70,2025,,auto,,,
claim_66466382be7b834a,bottleneck,算力网络,"算力网络 的约束或瓶颈：DeepSeek-V3 Technical Report：This overlap also ensures that, as the model further scales up, as long as we maintain a constant computation-to-communication ratio, we can still employ fine-grained experts across nodes while achieving a near-zero all-to-all communication overhead.",[],"算力网络 受 This overlap also ensures that, as the model further scales up, as long as we... 约束",negative,,,,,industry_tech_deepseek_v3_2025,DeepSeek-V3 Technical Report,12,Training Framework,2,"This overlap also ensures that, as the model further scales up, as long as we maintain a constant computation-to-communication ratio, we can still employ fine-grained experts across nodes while achieving a near-zero all-to-all communication overhead.",0.70,2025,,auto,,,
claim_a971a456c8ce59b7,mechanism,算力网络,"算力网络 的技术机理：DeepSeek-V3 Technical Report：This overlap also ensures that, as the model further scales up, as long as we maintain a constant computation-to-communication ratio, we can still employ fine-grained experts across nodes while achieving a near-zero all-to-all communication overhead.",[],"算力网络 由 This overlap also ensures that, as the model further scales up, as long as we... 驱动",positive,,,,,industry_tech_deepseek_v3_2025,DeepSeek-V3 Technical Report,12,Training Framework,2,"This overlap also ensures that, as the model further scales up, as long as we maintain a constant computation-to-communication ratio, we can still employ fine-grained experts across nodes while achieving a near-zero all-to-all communication overhead.",0.70,2025,,auto,,,
claim_b0658d3ec8010737,mechanism,AI芯片,"AI芯片 的技术机理：DeepSeek-V3 Technical Report：Furthermore, to reduce application programming complexity, we aim for this hardware to unify the IB (scale-out) and NVLink (scale-up) networks from the perspective of the computation units.",[],"AI芯片 由 Furthermore, to reduce application programming complexity, we aim for this ha... 驱动",positive,,,,,industry_tech_deepseek_v3_2025,DeepSeek-V3 Technical Report,20,Suggestions on Hardware Design,2,"Furthermore, to reduce application programming complexity, we aim for this hardware to unify the IB (scale-out) and NVLink (scale-up) networks from the perspective of the computation units.",0.70,2025,,auto,,,
claim_aea0e086f7f121a0,mechanism,算力网络,"算力网络 的技术机理：DeepSeek-V3 Technical Report：Furthermore, to reduce application programming complexity, we aim for this hardware to unify the IB (scale-out) and NVLink (scale-up) networks from the perspective of the computation units.",[],"算力网络 由 Furthermore, to reduce application programming complexity, we aim for this ha... 驱动",positive,,,,,industry_tech_deepseek_v3_2025,DeepSeek-V3 Technical Report,20,Suggestions on Hardware Design,2,"Furthermore, to reduce application programming complexity, we aim for this hardware to unify the IB (scale-out) and NVLink (scale-up) networks from the perspective of the computation units.",0.70,2025,,auto,,,
claim_939e9fa0ceb07d21,bottleneck,AI芯片,"AI芯片 的约束或瓶颈：DeepSeek-V3 Technical Report：In the current Tensor Core implementation of the NVIDIA Hopper architecture, FP8 GEMM suffers from limited accumulation precision.",[],"AI芯片 受 In the current Tensor Core implementation of the NVIDIA Hopper architecture, ... 约束",negative,near_term,,,,industry_tech_deepseek_v3_2025,DeepSeek-V3 Technical Report,20,Compute Hardware,2,"In the current Tensor Core implementation of the NVIDIA Hopper architecture, FP8 GEMM suffers from limited accumulation precision.",0.70,2025,,auto,,,
claim_a91ea08d8feb9286,trend,AI芯片,"AI芯片 的技术趋势：DeepSeek-V3 Technical Report：In MLA, we set the number of attention heads 𝑛ℎto 128 and the per-head dimension 𝑑ℎ to 128.",[],"AI芯片 由 In MLA, we set the number of attention heads 𝑛ℎto 128 and the per-head dimens... 驱动",neutral,,,,,industry_tech_deepseek_v3_2025,DeepSeek-V3 Technical Report,22,Hyper-Parameters,2,"In MLA, we set the number of attention heads 𝑛ℎto 128 and the per-head dimension 𝑑ℎ to 128.",0.70,2025,,auto,,,
claim_7cd3119e533c50c2,bottleneck,AI芯片,"AI芯片 的约束或瓶颈：DeepSeek-V3 Technical Report：As DeepSeek-V2, DeepSeek-V3 also employs additional RMSNorm layers after the compressed latent vectors, and multiplies additional scaling factors at the width bottlenecks.",[],"AI芯片 受 As DeepSeek-V2, DeepSeek-V3 also employs additional RMSNorm layers after the ... 约束",negative,,,,,industry_tech_deepseek_v3_2025,DeepSeek-V3 Technical Report,22,Hyper-Parameters,2,"As DeepSeek-V2, DeepSeek-V3 also employs additional RMSNorm layers after the compressed latent vectors, and multiplies additional scaling factors at the width bottlenecks.",0.70,2025,,auto,,,
claim_d2c4dd3bee9bef3a,mechanism,AI芯片,"AI芯片 的技术机理：DeepSeek-V3 Technical Report：As DeepSeek-V2, DeepSeek-V3 also employs additional RMSNorm layers after the compressed latent vectors, and multiplies additional scaling factors at the width bottlenecks.",[],"AI芯片 由 As DeepSeek-V2, DeepSeek-V3 also employs additional RMSNorm layers after the ... 驱动",positive,,,,,industry_tech_deepseek_v3_2025,DeepSeek-V3 Technical Report,22,Hyper-Parameters,2,"As DeepSeek-V2, DeepSeek-V3 also employs additional RMSNorm layers after the compressed latent vectors, and multiplies additional scaling factors at the width bottlenecks.",0.70,2025,,auto,,,
claim_a02261d2c6026175,trend,AI芯片,"AI芯片 的技术趋势：DeepSeek-V3 Technical Report：In addition, we perform language-modeling-based evaluation for Pile-test and use Bits-Per-Byte (BPB) as the metric to guarantee fair comparison among models using different tokenizers.",[],"AI芯片 由 In addition, we perform language-modeling-based evaluation for Pile-test and ... 驱动",neutral,,,,,industry_tech_deepseek_v3_2025,DeepSeek-V3 Technical Report,24,Evaluations,2,"In addition, we perform language-modeling-based evaluation for Pile-test and use Bits-Per-Byte (BPB) as the metric to guarantee fair comparison among models using different tokenizers.",0.70,2025,,auto,,,
claim_f6ea548e81369e89,trend,AI芯片,"AI芯片 的技术趋势：DeepSeek-V3 Technical Report：Note that due to the changes in our evaluation framework over the past months, the performance",[],AI芯片 由 Note that due to the changes in our evaluation framework over the past months... 驱动,neutral,,,,,industry_tech_deepseek_v3_2025,DeepSeek-V3 Technical Report,24,AI,2,"Note that due to the changes in our evaluation framework over the past months, the performance",0.70,2025,,auto,,,
claim_c5245446316e32f8,trend,算力网络,"算力网络 的技术趋势：DeepSeek-V3 Technical Report：Note that due to the changes in our evaluation framework over the past months, the performance",[],算力网络 由 Note that due to the changes in our evaluation framework over the past months... 驱动,neutral,,,,,industry_tech_deepseek_v3_2025,DeepSeek-V3 Technical Report,24,AI,2,"Note that due to the changes in our evaluation framework over the past months, the performance",0.70,2025,,auto,,,
claim_96545e29b4153301,trend,AI芯片,AI芯片 的技术趋势：DeepSeek-V3 Technical Report：Sonnet-1022 0513 V3 | Architecture # Activated Params # Total Params | MoE MoE 21B 21B 236B 236B | Dense Dense - - 72B 405B - - 72B 405B - - | MoE 37B 671B | | --- | --- | --- | --- |,[],AI芯片 由 Sonnet-1022 0513 V3 | Architecture # Activated Params # Total Params | MoE Mo... 驱动,neutral,,,,,industry_tech_deepseek_v3_2025,DeepSeek-V3 Technical Report,31,Standard Evaluation,2,Sonnet-1022 0513 V3 | Architecture # Activated Params # Total Params | MoE MoE 21B 21B 236B 236B | Dense Dense - - 72B 405B - - 72B 405B - - | MoE 37B 671B | | --- | --- | --- | --- |,0.70,2025,,auto,,,
claim_72ef8815aed022c5,indicator,AI芯片,"AI芯片 的可跟踪指标：DeepSeek-V3 Technical Report：On the factual knowledge benchmark, SimpleQA, DeepSeek-V3 falls behind GPT-4o and Claude-Sonnet, primarily due to its design focus and resource allocation.",[],"AI芯片 可通过 On the factual knowledge benchmark, SimpleQA, DeepSeek-V3 falls behind GPT-4o... 跟踪",neutral,,,,,industry_tech_deepseek_v3_2025,DeepSeek-V3 Technical Report,32,AI,2,"On the factual knowledge benchmark, SimpleQA, DeepSeek-V3 falls behind GPT-4o and Claude-Sonnet, primarily due to its design focus and resource allocation.",0.70,2025,,auto,,,
claim_d91a1d99c4e6e4e7,indicator,算力网络,"算力网络 的可跟踪指标：DeepSeek-V3 Technical Report：On the factual knowledge benchmark, SimpleQA, DeepSeek-V3 falls behind GPT-4o and Claude-Sonnet, primarily due to its design focus and resource allocation.",[],"算力网络 可通过 On the factual knowledge benchmark, SimpleQA, DeepSeek-V3 falls behind GPT-4o... 跟踪",neutral,,,,,industry_tech_deepseek_v3_2025,DeepSeek-V3 Technical Report,32,AI,2,"On the factual knowledge benchmark, SimpleQA, DeepSeek-V3 falls behind GPT-4o and Claude-Sonnet, primarily due to its design focus and resource allocation.",0.70,2025,,auto,,,
claim_430dc170382950cf,trend,AI芯片,AI芯片 的技术趋势：DeepSeek-V3 Technical Report：Deepseekmoe: Towards ultimate expert specialization in mixture-of-experts language models.,[],AI芯片 由 Deepseekmoe: Towards ultimate expert specialization in mixture-of-experts lan... 驱动,neutral,,,,,industry_tech_deepseek_v3_2025,DeepSeek-V3 Technical Report,37,AI,2,Deepseekmoe: Towards ultimate expert specialization in mixture-of-experts language models.,0.70,2025,,auto,,,
claim_8f1ae1d082df0134,trend,AI芯片,"AI芯片 的技术趋势：DeepSeek-V3 Technical Report：Ccpm: A chinese classical poetry matching dataset, 2021.",[],"AI芯片 由 Ccpm: A chinese classical poetry matching dataset, 2021. 驱动",neutral,,,,,industry_tech_deepseek_v3_2025,DeepSeek-V3 Technical Report,40,AI,2,"Ccpm: A chinese classical poetry matching dataset, 2021.",0.70,2025,,auto,,,
claim_9b0c3a775c7dca00,trend,AI芯片,AI芯片 的技术趋势：DeepSeek-V3 Technical Report：FP8-LM: Training FP8 large language models.,[],AI芯片 由 FP8-LM: Training FP8 large language models. 驱动,neutral,,,,,industry_tech_deepseek_v3_2025,DeepSeek-V3 Technical Report,41,AI,2,FP8-LM: Training FP8 large language models.,0.70,2025,,auto,,,
claim_5054e81ee652f3b9,bottleneck,AI芯片,AI芯片 的约束或瓶颈：Fire-Flyer AI-HPC Cost-Effective Software-Hardware Co-Design for Deep Learning：China research@deepseek.com Abstract—The rapid progress in Deep Learning (DL) and Large Language Models (LLMs) has exponentially increased demands of computational power and bandwidth.,[],AI芯片 受 China research@deepseek.com Abstract—The rapid progress in Deep Learning (DL)... 约束,negative,,,,,industry_tech_fire_flyer_ai_hpc_2024,Fire-Flyer AI-HPC Cost-Effective Software-Hardware Co-Design for Deep Learning,1,AI,2,China research@deepseek.com Abstract—The rapid progress in Deep Learning (DL) and Large Language Models (LLMs) has exponentially increased demands of computational power and bandwidth.,0.70,2024,,auto,,,
claim_81a0245513807f2a,indicator,AI芯片,"AI芯片 的可跟踪指标：Fire-Flyer AI-HPC Cost-Effective Software-Hardware Co-Design for Deep Learning：Model FLOPs Utilization (MFU), which assesses the ratio of observed throughput to theoretical maximum throughput (assuming 100% peak FLOPS), serves as the standard metric for evaluating training efficiency.",[],"AI芯片 可通过 Model FLOPs Utilization (MFU), which assesses the ratio of observed throughpu... 跟踪",neutral,,throughput,100%,%,industry_tech_fire_flyer_ai_hpc_2024,Fire-Flyer AI-HPC Cost-Effective Software-Hardware Co-Design for Deep Learning,2,AI,2,"Model FLOPs Utilization (MFU), which assesses the ratio of observed throughput to theoretical maximum throughput (assuming 100% peak FLOPS), serves as the standard metric for evaluating training efficiency.",0.70,2024,,auto,,,
claim_79c75ec0a7de2e19,mechanism,AI芯片,"AI芯片 的技术机理：Fire-Flyer AI-HPC Cost-Effective Software-Hardware Co-Design for Deep Learning：Model FLOPs Utilization (MFU), which assesses the ratio of observed throughput to theoretical maximum throughput (assuming 100% peak FLOPS), serves as the standard metric for evaluating training efficiency.",[],"AI芯片 由 Model FLOPs Utilization (MFU), which assesses the ratio of observed throughpu... 驱动",positive,,,,,industry_tech_fire_flyer_ai_hpc_2024,Fire-Flyer AI-HPC Cost-Effective Software-Hardware Co-Design for Deep Learning,2,AI,2,"Model FLOPs Utilization (MFU), which assesses the ratio of observed throughput to theoretical maximum throughput (assuming 100% peak FLOPS), serves as the standard metric for evaluating training efficiency.",0.70,2024,,auto,,,
claim_4935bb382be403dd,mechanism,AI芯片,"AI芯片 的技术机理：Fire-Flyer AI-HPC Cost-Effective Software-Hardware Co-Design for Deep Learning： TPUv Gaudi  KNL K  GTX  HBME HBM  Pentium  HBM   NVLink . GDDR HBM GDDR PCIe . NVLink .  PCIe . PCIe . .         There are additional strategies and algorithms to accelerate training or reduce memory usage, such as Activation Recomputation [34], [35], as well as enhanced communication and computation overlap during parallelism [36], among others.",[],AI芯片 由  TPUv Gaudi  KNL K  GTX  HBME HBM  Pentium  HBM   N... 驱动,positive,,,,,industry_tech_fire_flyer_ai_hpc_2024,Fire-Flyer AI-HPC Cost-Effective Software-Hardware Co-Design for Deep Learning,3,AI,2," TPUv Gaudi  KNL K  GTX  HBME HBM  Pentium  HBM   NVLink . GDDR HBM GDDR PCIe . NVLink .  PCIe . PCIe . .         There are additional strategies and algorithms to accelerate training or reduce memory usage, such as Activation Recomputation [34], [35], as well as enhanced communication and computation overlap during parallelism [36], among others.",0.70,2024,,auto,,,
claim_c83560b34c2e63e9,mechanism,算力网络,"算力网络 的技术机理：Fire-Flyer AI-HPC Cost-Effective Software-Hardware Co-Design for Deep Learning： TPUv Gaudi  KNL K  GTX  HBME HBM  Pentium  HBM   NVLink . GDDR HBM GDDR PCIe . NVLink .  PCIe . PCIe . .         There are additional strategies and algorithms to accelerate training or reduce memory usage, such as Activation Recomputation [34], [35], as well as enhanced communication and computation overlap during parallelism [36], among others.",[],算力网络 由  TPUv Gaudi  KNL K  GTX  HBME HBM  Pentium  HBM   N... 驱动,positive,,,,,industry_tech_fire_flyer_ai_hpc_2024,Fire-Flyer AI-HPC Cost-Effective Software-Hardware Co-Design for Deep Learning,3,AI,2," TPUv Gaudi  KNL K  GTX  HBME HBM  Pentium  HBM   NVLink . GDDR HBM GDDR PCIe . NVLink .  PCIe . PCIe . .         There are additional strategies and algorithms to accelerate training or reduce memory usage, such as Activation Recomputation [34], [35], as well as enhanced communication and computation overlap during parallelism [36], among others.",0.70,2024,,auto,,,
claim_adb1a3b6e9fa9a93,trend,AI芯片,AI芯片 的技术趋势：Fire-Flyer AI-HPC Cost-Effective Software-Hardware Co-Design for Deep Learning： CPU CPU   Root Port Root Port Root Port Root Port   nvlink nvlink nvlink nvlink . .          Figure 3: Size of Model Parameter and Accelerator Memory Figure 4: In-node Architecture: 8 PCIe GPUs and 1 InfiniBand (IB) NIC are directly connected to the CPU.,[],AI芯片 由  CPU CPU   Root Port Root Port Root Port Root Port   nvlink ... 驱动,neutral,,,,,industry_tech_fire_flyer_ai_hpc_2024,Fire-Flyer AI-HPC Cost-Effective Software-Hardware Co-Design for Deep Learning,4,AI,2, CPU CPU   Root Port Root Port Root Port Root Port   nvlink nvlink nvlink nvlink . .          Figure 3: Size of Model Parameter and Accelerator Memory Figure 4: In-node Architecture: 8 PCIe GPUs and 1 InfiniBand (IB) NIC are directly connected to the CPU.,0.70,2024,,auto,,,
claim_3b0a52b4aa195dee,trend,算力网络,算力网络 的技术趋势：Fire-Flyer AI-HPC Cost-Effective Software-Hardware Co-Design for Deep Learning： CPU CPU   Root Port Root Port Root Port Root Port   nvlink nvlink nvlink nvlink . .          Figure 3: Size of Model Parameter and Accelerator Memory Figure 4: In-node Architecture: 8 PCIe GPUs and 1 InfiniBand (IB) NIC are directly connected to the CPU.,[],算力网络 由  CPU CPU   Root Port Root Port Root Port Root Port   nvlink ... 驱动,neutral,,,,,industry_tech_fire_flyer_ai_hpc_2024,Fire-Flyer AI-HPC Cost-Effective Software-Hardware Co-Design for Deep Learning,4,AI,2, CPU CPU   Root Port Root Port Root Port Root Port   nvlink nvlink nvlink nvlink . .          Figure 3: Size of Model Parameter and Accelerator Memory Figure 4: In-node Architecture: 8 PCIe GPUs and 1 InfiniBand (IB) NIC are directly connected to the CPU.,0.70,2024,,auto,,,
claim_0195a0e9d5d0cf6e,trend,AI芯片,"AI芯片 的技术趋势：Fire-Flyer AI-HPC Cost-Effective Software-Hardware Co-Design for Deep Learning：As models continue to grow larger, DL training requires thousands of GPUs.",[],"AI芯片 由 As models continue to grow larger, DL training requires thousands of GPUs. 驱动",neutral,,,,,industry_tech_fire_flyer_ai_hpc_2024,Fire-Flyer AI-HPC Cost-Effective Software-Hardware Co-Design for Deep Learning,4,AI,2,"As models continue to grow larger, DL training requires thousands of GPUs.",0.70,2024,,auto,,,
claim_0de95c474912009e,trend,算力网络,"算力网络 的技术趋势：Fire-Flyer AI-HPC Cost-Effective Software-Hardware Co-Design for Deep Learning：As models continue to grow larger, DL training requires thousands of GPUs.",[],"算力网络 由 As models continue to grow larger, DL training requires thousands of GPUs. 驱动",neutral,,,,,industry_tech_fire_flyer_ai_hpc_2024,Fire-Flyer AI-HPC Cost-Effective Software-Hardware Co-Design for Deep Learning,4,AI,2,"As models continue to grow larger, DL training requires thousands of GPUs.",0.70,2024,,auto,,,
claim_fa173d88fe9a505e,indicator,AI芯片,AI芯片 的可跟踪指标：Fire-Flyer AI-HPC Cost-Effective Software-Hardware Co-Design for Deep Learning：### Table I: Our Arch and DGX-A100 Server Hardware Details | | Our PCIe Arch | DGX-A100 | | --- | --- | --- | | CPU | 2 * AMD 32 Cores EPYC Rome/Milan CPU | 2 * AMD 64 Cores EPYC 7742 CPU | | Memory | 512GB 16-Channels DDR4-3200Mhz | 2048GB 16-Channels DDR4-3200Mhz | | GPU | 8 * PCIe-A100-40GB | 8 * SXM-A100-40GB | | NICs | 1 * Mellanox InfiniBand cx6 200Gbps NIC | 9 * Mellanox InfiniBand cx6 200Gbps NIC | | NVLINK | 600 GB/s between each pair of GPUs | 600 GB/s interconnect among all 8 GPUs |,[],AI芯片 可通过 ### Table I: Our Arch and DGX-A100 Server Hardware Details | | Our PCIe Arch ... 跟踪,neutral,,,600 GB/s,GB/s,industry_tech_fire_flyer_ai_hpc_2024,Fire-Flyer AI-HPC Cost-Effective Software-Hardware Co-Design for Deep Learning,4,AI,2,### Table I: Our Arch and DGX-A100 Server Hardware Details | | Our PCIe Arch | DGX-A100 | | --- | --- | --- | | CPU | 2 * AMD 32 Cores EPYC Rome/Milan CPU | 2 * AMD 64 Cores EPYC 7742 CPU | | Memory | 512GB 16-Channels DDR4-3200Mhz | 2048GB 16-Channels DDR4-3200Mhz | | GPU | 8 * PCIe-A100-40GB | 8 * SXM-A100-40GB | | NICs | 1 * Mellanox InfiniBand cx6 200Gbps NIC | 9 * Mellanox InfiniBand cx6 200Gbps NIC | | NVLINK | 600 GB/s between each pair of GPUs | 600 GB/s interconnect among all 8 GPUs |,0.70,2024,,auto,,,
claim_1b9cf3f26569dea5,supply_chain,AI芯片,AI芯片 的产业传导：Fire-Flyer AI-HPC Cost-Effective Software-Hardware Co-Design for Deep Learning：### Table I: Our Arch and DGX-A100 Server Hardware Details | | Our PCIe Arch | DGX-A100 | | --- | --- | --- | | CPU | 2 * AMD 32 Cores EPYC Rome/Milan CPU | 2 * AMD 64 Cores EPYC 7742 CPU | | Memory | 512GB 16-Channels DDR4-3200Mhz | 2048GB 16-Channels DDR4-3200Mhz | | GPU | 8 * PCIe-A100-40GB | 8 * SXM-A100-40GB | | NICs | 1 * Mellanox InfiniBand cx6 200Gbps NIC | 9 * Mellanox InfiniBand cx6 200Gbps NIC | | NVLINK | 600 GB/s between each pair of GPUs | 600 GB/s interconnect among all 8 GPUs |,[],AI芯片 的产业链传导涉及 ### Table I: Our Arch and DGX-A100 Server Hardware Details | | Our PCIe Arch ...,neutral,,,,,industry_tech_fire_flyer_ai_hpc_2024,Fire-Flyer AI-HPC Cost-Effective Software-Hardware Co-Design for Deep Learning,4,AI,2,### Table I: Our Arch and DGX-A100 Server Hardware Details | | Our PCIe Arch | DGX-A100 | | --- | --- | --- | | CPU | 2 * AMD 32 Cores EPYC Rome/Milan CPU | 2 * AMD 64 Cores EPYC 7742 CPU | | Memory | 512GB 16-Channels DDR4-3200Mhz | 2048GB 16-Channels DDR4-3200Mhz | | GPU | 8 * PCIe-A100-40GB | 8 * SXM-A100-40GB | | NICs | 1 * Mellanox InfiniBand cx6 200Gbps NIC | 9 * Mellanox InfiniBand cx6 200Gbps NIC | | NVLINK | 600 GB/s between each pair of GPUs | 600 GB/s interconnect among all 8 GPUs |,0.70,2024,,auto,,,
claim_06b5c8c14e7ef75d,indicator,算力网络,算力网络 的可跟踪指标：Fire-Flyer AI-HPC Cost-Effective Software-Hardware Co-Design for Deep Learning：### Table I: Our Arch and DGX-A100 Server Hardware Details | | Our PCIe Arch | DGX-A100 | | --- | --- | --- | | CPU | 2 * AMD 32 Cores EPYC Rome/Milan CPU | 2 * AMD 64 Cores EPYC 7742 CPU | | Memory | 512GB 16-Channels DDR4-3200Mhz | 2048GB 16-Channels DDR4-3200Mhz | | GPU | 8 * PCIe-A100-40GB | 8 * SXM-A100-40GB | | NICs | 1 * Mellanox InfiniBand cx6 200Gbps NIC | 9 * Mellanox InfiniBand cx6 200Gbps NIC | | NVLINK | 600 GB/s between each pair of GPUs | 600 GB/s interconnect among all 8 GPUs |,[],算力网络 可通过 ### Table I: Our Arch and DGX-A100 Server Hardware Details | | Our PCIe Arch ... 跟踪,neutral,,,600 GB/s,GB/s,industry_tech_fire_flyer_ai_hpc_2024,Fire-Flyer AI-HPC Cost-Effective Software-Hardware Co-Design for Deep Learning,4,AI,2,### Table I: Our Arch and DGX-A100 Server Hardware Details | | Our PCIe Arch | DGX-A100 | | --- | --- | --- | | CPU | 2 * AMD 32 Cores EPYC Rome/Milan CPU | 2 * AMD 64 Cores EPYC 7742 CPU | | Memory | 512GB 16-Channels DDR4-3200Mhz | 2048GB 16-Channels DDR4-3200Mhz | | GPU | 8 * PCIe-A100-40GB | 8 * SXM-A100-40GB | | NICs | 1 * Mellanox InfiniBand cx6 200Gbps NIC | 9 * Mellanox InfiniBand cx6 200Gbps NIC | | NVLINK | 600 GB/s between each pair of GPUs | 600 GB/s interconnect among all 8 GPUs |,0.70,2024,,auto,,,
claim_f3607a9487e86fa8,supply_chain,算力网络,算力网络 的产业传导：Fire-Flyer AI-HPC Cost-Effective Software-Hardware Co-Design for Deep Learning：### Table I: Our Arch and DGX-A100 Server Hardware Details | | Our PCIe Arch | DGX-A100 | | --- | --- | --- | | CPU | 2 * AMD 32 Cores EPYC Rome/Milan CPU | 2 * AMD 64 Cores EPYC 7742 CPU | | Memory | 512GB 16-Channels DDR4-3200Mhz | 2048GB 16-Channels DDR4-3200Mhz | | GPU | 8 * PCIe-A100-40GB | 8 * SXM-A100-40GB | | NICs | 1 * Mellanox InfiniBand cx6 200Gbps NIC | 9 * Mellanox InfiniBand cx6 200Gbps NIC | | NVLINK | 600 GB/s between each pair of GPUs | 600 GB/s interconnect among all 8 GPUs |,[],算力网络 的产业链传导涉及 ### Table I: Our Arch and DGX-A100 Server Hardware Details | | Our PCIe Arch ...,neutral,,,,,industry_tech_fire_flyer_ai_hpc_2024,Fire-Flyer AI-HPC Cost-Effective Software-Hardware Co-Design for Deep Learning,4,AI,2,### Table I: Our Arch and DGX-A100 Server Hardware Details | | Our PCIe Arch | DGX-A100 | | --- | --- | --- | | CPU | 2 * AMD 32 Cores EPYC Rome/Milan CPU | 2 * AMD 64 Cores EPYC 7742 CPU | | Memory | 512GB 16-Channels DDR4-3200Mhz | 2048GB 16-Channels DDR4-3200Mhz | | GPU | 8 * PCIe-A100-40GB | 8 * SXM-A100-40GB | | NICs | 1 * Mellanox InfiniBand cx6 200Gbps NIC | 9 * Mellanox InfiniBand cx6 200Gbps NIC | | NVLINK | 600 GB/s between each pair of GPUs | 600 GB/s interconnect among all 8 GPUs |,0.70,2024,,auto,,,
claim_a0d5fe3a56696887,bottleneck,算力网络,"算力网络 的约束或瓶颈：Fire-Flyer AI-HPC Cost-Effective Software-Hardware Co-Design for Deep Learning：Cost Performance of Our Architecture We selected the Fat-Tree [9] topology as our primary network architecture due to its exceptionally high bisection bandwidth, making it the preferred choice for AI-HPC and highthroughput storage environments.",[],算力网络 受 Cost Performance of Our Architecture We selected the Fat-Tree [9] topology as... 约束,negative,,,,,industry_tech_fire_flyer_ai_hpc_2024,Fire-Flyer AI-HPC Cost-Effective Software-Hardware Co-Design for Deep Learning,5,AI,2,"Cost Performance of Our Architecture We selected the Fat-Tree [9] topology as our primary network architecture due to its exceptionally high bisection bandwidth, making it the preferred choice for AI-HPC and highthroughput storage environments.",0.70,2024,,auto,,,
claim_d022db3d6fc379e2,indicator,算力网络,"算力网络 的可跟踪指标：Fire-Flyer AI-HPC Cost-Effective Software-Hardware Co-Design for Deep Learning：Cost Performance of Our Architecture We selected the Fat-Tree [9] topology as our primary network architecture due to its exceptionally high bisection bandwidth, making it the preferred choice for AI-HPC and highthroughput storage environments.",[],算力网络 可通过 Cost Performance of Our Architecture We selected the Fat-Tree [9] topology as... 跟踪,neutral,,throughput,,,industry_tech_fire_flyer_ai_hpc_2024,Fire-Flyer AI-HPC Cost-Effective Software-Hardware Co-Design for Deep Learning,5,AI,2,"Cost Performance of Our Architecture We selected the Fat-Tree [9] topology as our primary network architecture due to its exceptionally high bisection bandwidth, making it the preferred choice for AI-HPC and highthroughput storage environments.",0.70,2024,,auto,,,
claim_8175c52ffad4aa37,indicator,算力网络,"算力网络 的可跟踪指标：Fire-Flyer AI-HPC Cost-Effective Software-Hardware Co-Design for Deep Learning：While there is a performance gap due to the inherent differences between PCIe card specifications and SXM, we generally achieved 80% of the DGX-A100 performance at merely 60% of the cost.",[],算力网络 可通过 While there is a performance gap due to the inherent differences between PCIe... 跟踪,neutral,,,80%,%,industry_tech_fire_flyer_ai_hpc_2024,Fire-Flyer AI-HPC Cost-Effective Software-Hardware Co-Design for Deep Learning,5,AI,2,"While there is a performance gap due to the inherent differences between PCIe card specifications and SXM, we generally achieved 80% of the DGX-A100 performance at merely 60% of the cost.",0.70,2024,,auto,,,
claim_e918fbefe5233472,mechanism,算力网络,"算力网络 的技术机理：Fire-Flyer AI-HPC Cost-Effective Software-Hardware Co-Design for Deep Learning：While there is a performance gap due to the inherent differences between PCIe card specifications and SXM, we generally achieved 80% of the DGX-A100 performance at merely 60% of the cost.",[],算力网络 由 While there is a performance gap due to the inherent differences between PCIe... 驱动,positive,,,,,industry_tech_fire_flyer_ai_hpc_2024,Fire-Flyer AI-HPC Cost-Effective Software-Hardware Co-Design for Deep Learning,5,AI,2,"While there is a performance gap due to the inherent differences between PCIe card specifications and SXM, we generally achieved 80% of the DGX-A100 performance at merely 60% of the cost.",0.70,2024,,auto,,,
claim_0bfdce3511bbb398,mechanism,算力网络,"算力网络 的技术机理：Fire-Flyer AI-HPC Cost-Effective Software-Hardware Co-Design for Deep Learning：Inter-node reduction, as shown in the Algorithm 2: 1) Use the Double Binary Tree Algorithm [65] for internode allreduce, facilitating transfers between nodes using RDMA verbs implementation.",[],"算力网络 由 Inter-node reduction, as shown in the Algorithm 2: 1) Use the Double Binary T... 驱动",positive,,,,,industry_tech_fire_flyer_ai_hpc_2024,Fire-Flyer AI-HPC Cost-Effective Software-Hardware Co-Design for Deep Learning,6,AI,2,"Inter-node reduction, as shown in the Algorithm 2: 1) Use the Double Binary Tree Algorithm [65] for internode allreduce, facilitating transfers between nodes using RDMA verbs implementation.",0.70,2024,,auto,,,
claim_2f073d67094031bb,bottleneck,算力网络,"算力网络 的约束或瓶颈：Fire-Flyer AI-HPC Cost-Effective Software-Hardware Co-Design for Deep Learning：As illustrated in Figure 7b, HFReduce with NVLink achieves inter-node bandwidths exceeding 10 GB/s.",[],"算力网络 受 As illustrated in Figure 7b, HFReduce with NVLink achieves inter-node bandwid... 约束",negative,,,,,industry_tech_fire_flyer_ai_hpc_2024,Fire-Flyer AI-HPC Cost-Effective Software-Hardware Co-Design for Deep Learning,6,Reduced PCIe Bandwidth Consumption: Let,2,"As illustrated in Figure 7b, HFReduce with NVLink achieves inter-node bandwidths exceeding 10 GB/s.",0.70,2024,,auto,,,
claim_35f471a88f492e29,indicator,算力网络,"算力网络 的可跟踪指标：Fire-Flyer AI-HPC Cost-Effective Software-Hardware Co-Design for Deep Learning：As illustrated in Figure 7b, HFReduce with NVLink achieves inter-node bandwidths exceeding 10 GB/s.",[],"算力网络 可通过 As illustrated in Figure 7b, HFReduce with NVLink achieves inter-node bandwid... 跟踪",neutral,,bandwidth,10 GB/s,GB/s,industry_tech_fire_flyer_ai_hpc_2024,Fire-Flyer AI-HPC Cost-Effective Software-Hardware Co-Design for Deep Learning,6,Reduced PCIe Bandwidth Consumption: Let,2,"As illustrated in Figure 7b, HFReduce with NVLink achieves inter-node bandwidths exceeding 10 GB/s.",0.70,2024,,auto,,,
claim_5fc26c19f33042b9,mechanism,AI芯片,"AI芯片 的技术机理：Fire-Flyer AI-HPC Cost-Effective Software-Hardware Co-Design for Deep Learning：1) NVLink Bridge Enables Tensor Parallel between PCIe GPUs: With the advent of LLMs, we integrated the NVLink Bridge into our system.",[],AI芯片 由 1) NVLink Bridge Enables Tensor Parallel between PCIe GPUs: With the advent o... 驱动,positive,,,,,industry_tech_fire_flyer_ai_hpc_2024,Fire-Flyer AI-HPC Cost-Effective Software-Hardware Co-Design for Deep Learning,8,NVLink Bridge Enables Tensor Parallel be,2,"1) NVLink Bridge Enables Tensor Parallel between PCIe GPUs: With the advent of LLMs, we integrated the NVLink Bridge into our system.",0.70,2024,,auto,,,
claim_f86af19697fa9f02,mechanism,算力网络,"算力网络 的技术机理：Fire-Flyer AI-HPC Cost-Effective Software-Hardware Co-Design for Deep Learning：1) NVLink Bridge Enables Tensor Parallel between PCIe GPUs: With the advent of LLMs, we integrated the NVLink Bridge into our system.",[],算力网络 由 1) NVLink Bridge Enables Tensor Parallel between PCIe GPUs: With the advent o... 驱动,positive,,,,,industry_tech_fire_flyer_ai_hpc_2024,Fire-Flyer AI-HPC Cost-Effective Software-Hardware Co-Design for Deep Learning,8,NVLink Bridge Enables Tensor Parallel be,2,"1) NVLink Bridge Enables Tensor Parallel between PCIe GPUs: With the advent of LLMs, we integrated the NVLink Bridge into our system.",0.70,2024,,auto,,,
claim_c098c90ca8cdcbab,trend,AI芯片,AI芯片 的技术趋势：Fire-Flyer AI-HPC Cost-Effective Software-Hardware Co-Design for Deep Learning：| LLAMA-13B TRAINING 64.118 STEP 32.508 / SECONDS 17.448 9.717 NUMBER OF GPUS | DEEPSEEKMOE-16B TRAINING 79.615 40.352 STEP / SECONDS 20.784 10.71 6.535 NUMBER OF GPUS | | --- | --- |,[],AI芯片 由 | LLAMA-13B TRAINING 64.118 STEP 32.508 / SECONDS 17.448 9.717 NUMBER OF GPUS... 驱动,neutral,,,,,industry_tech_fire_flyer_ai_hpc_2024,Fire-Flyer AI-HPC Cost-Effective Software-Hardware Co-Design for Deep Learning,8,NVLink Bridge Enables Tensor Parallel be,2,| LLAMA-13B TRAINING 64.118 STEP 32.508 / SECONDS 17.448 9.717 NUMBER OF GPUS | DEEPSEEKMOE-16B TRAINING 79.615 40.352 STEP / SECONDS 20.784 10.71 6.535 NUMBER OF GPUS | | --- | --- |,0.70,2024,,auto,,,
claim_00ef2ca39e40b5bd,trend,算力网络,算力网络 的技术趋势：Fire-Flyer AI-HPC Cost-Effective Software-Hardware Co-Design for Deep Learning：| LLAMA-13B TRAINING 64.118 STEP 32.508 / SECONDS 17.448 9.717 NUMBER OF GPUS | DEEPSEEKMOE-16B TRAINING 79.615 40.352 STEP / SECONDS 20.784 10.71 6.535 NUMBER OF GPUS | | --- | --- |,[],算力网络 由 | LLAMA-13B TRAINING 64.118 STEP 32.508 / SECONDS 17.448 9.717 NUMBER OF GPUS... 驱动,neutral,,,,,industry_tech_fire_flyer_ai_hpc_2024,Fire-Flyer AI-HPC Cost-Effective Software-Hardware Co-Design for Deep Learning,8,NVLink Bridge Enables Tensor Parallel be,2,| LLAMA-13B TRAINING 64.118 STEP 32.508 / SECONDS 17.448 9.717 NUMBER OF GPUS | DEEPSEEKMOE-16B TRAINING 79.615 40.352 STEP / SECONDS 20.784 10.71 6.535 NUMBER OF GPUS | | --- | --- |,0.70,2024,,auto,,,
claim_da97d84b3c773a5d,indicator,算力网络,"算力网络 的可跟踪指标：Fire-Flyer AI-HPC Cost-Effective Software-Hardware Co-Design for Deep Learning：However, the design and implementation of 3FS specifically focus on fully utilizing the high IOPS and throughput of NVMe SSDs and the RDMA network.",[],"算力网络 可通过 However, the design and implementation of 3FS specifically focus on fully uti... 跟踪",neutral,,throughput,,,industry_tech_fire_flyer_ai_hpc_2024,Fire-Flyer AI-HPC Cost-Effective Software-Hardware Co-Design for Deep Learning,9,Overview: 3FS is our in-house developed,2,"However, the design and implementation of 3FS specifically focus on fully utilizing the high IOPS and throughput of NVMe SSDs and the RDMA network.",0.70,2024,,auto,,,
claim_bb3b1c1b6d362977,indicator,算力网络,"算力网络 的可跟踪指标：Fire-Flyer AI-HPC Cost-Effective Software-Hardware Co-Design for Deep Learning：With totally 360 * 200Gbps outbound InfiniBand HCAs, the system can total provide 9TB/s outbound bandwidh, and we actually achieved total read throughput of 8TB/s.",[],"算力网络 可通过 With totally 360 * 200Gbps outbound InfiniBand HCAs, the system can total pro... 跟踪",neutral,,throughput,9TB/s,TB/s,industry_tech_fire_flyer_ai_hpc_2024,Fire-Flyer AI-HPC Cost-Effective Software-Hardware Co-Design for Deep Learning,9,3FS Storage Node Hardware: In Fire-Flyer,2,"With totally 360 * 200Gbps outbound InfiniBand HCAs, the system can total provide 9TB/s outbound bandwidh, and we actually achieved total read throughput of 8TB/s.",0.70,2024,,auto,,,
claim_3e1753e9e7366706,mechanism,算力网络,"算力网络 的技术机理：Fire-Flyer AI-HPC Cost-Effective Software-Hardware Co-Design for Deep Learning：With totally 360 * 200Gbps outbound InfiniBand HCAs, the system can total provide 9TB/s outbound bandwidh, and we actually achieved total read throughput of 8TB/s.",[],"算力网络 由 With totally 360 * 200Gbps outbound InfiniBand HCAs, the system can total pro... 驱动",positive,,,,,industry_tech_fire_flyer_ai_hpc_2024,Fire-Flyer AI-HPC Cost-Effective Software-Hardware Co-Design for Deep Learning,9,3FS Storage Node Hardware: In Fire-Flyer,2,"With totally 360 * 200Gbps outbound InfiniBand HCAs, the system can total provide 9TB/s outbound bandwidh, and we actually achieved total read throughput of 8TB/s.",0.70,2024,,auto,,,
claim_b9fb2a3250ae283a,trend,AI芯片,AI芯片 的技术趋势：Fire-Flyer AI-HPC Cost-Effective Software-Hardware Co-Design for Deep Learning：### Table IV: Storage Node Hardware Details | CPU | 1 * AMD 64 Cores EPYC 7742 CPU | | --- | --- | | Memory | 512GB 8-Channels DDR4-3200Mhz | | NICs | 2 * Mellanox InfiniBand CX6 200Gbps NIC | | Data SSDs | 16 * 15.36TB PCIe 4.0x4 |,[],AI芯片 由 ### Table IV: Storage Node Hardware Details | CPU | 1 * AMD 64 Cores EPYC 774... 驱动,neutral,,,,,industry_tech_fire_flyer_ai_hpc_2024,Fire-Flyer AI-HPC Cost-Effective Software-Hardware Co-Design for Deep Learning,9,Table IV: Storage Node Hardware Details,2,### Table IV: Storage Node Hardware Details | CPU | 1 * AMD 64 Cores EPYC 7742 CPU | | --- | --- | | Memory | 512GB 8-Channels DDR4-3200Mhz | | NICs | 2 * Mellanox InfiniBand CX6 200Gbps NIC | | Data SSDs | 16 * 15.36TB PCIe 4.0x4 |,0.70,2024,,auto,,,
claim_fc3159d0f639eb40,trend,算力网络,算力网络 的技术趋势：Fire-Flyer AI-HPC Cost-Effective Software-Hardware Co-Design for Deep Learning：### Table IV: Storage Node Hardware Details | CPU | 1 * AMD 64 Cores EPYC 7742 CPU | | --- | --- | | Memory | 512GB 8-Channels DDR4-3200Mhz | | NICs | 2 * Mellanox InfiniBand CX6 200Gbps NIC | | Data SSDs | 16 * 15.36TB PCIe 4.0x4 |,[],算力网络 由 ### Table IV: Storage Node Hardware Details | CPU | 1 * AMD 64 Cores EPYC 774... 驱动,neutral,,,,,industry_tech_fire_flyer_ai_hpc_2024,Fire-Flyer AI-HPC Cost-Effective Software-Hardware Co-Design for Deep Learning,9,Table IV: Storage Node Hardware Details,2,### Table IV: Storage Node Hardware Details | CPU | 1 * AMD 64 Cores EPYC 7742 CPU | | --- | --- | | Memory | 512GB 8-Channels DDR4-3200Mhz | | NICs | 2 * Mellanox InfiniBand CX6 200Gbps NIC | | Data SSDs | 16 * 15.36TB PCIe 4.0x4 |,0.70,2024,,auto,,,
claim_2b085a610ab60d5b,supply_chain,算力网络,"算力网络 的产业传导：Fire-Flyer AI-HPC Cost-Effective Software-Hardware Co-Design for Deep Learning：How to tackle these hardware failures, promptly identify and categorize them, is a key issue to improve the online rate and overall utilization of cluster nodes.",[],"算力网络 的产业链传导涉及 How to tackle these hardware failures, promptly identify and categorize them,...",neutral,,,,,industry_tech_fire_flyer_ai_hpc_2024,Fire-Flyer AI-HPC Cost-Effective Software-Hardware Co-Design for Deep Learning,10,AI,2,"How to tackle these hardware failures, promptly identify and categorize them, is a key issue to improve the online rate and overall utilization of cluster nodes.",0.70,2024,,auto,,,
claim_ebc4641b951f772a,mechanism,算力网络,"算力网络 的技术机理：Fire-Flyer AI-HPC Cost-Effective Software-Hardware Co-Design for Deep Learning：How to tackle these hardware failures, promptly identify and categorize them, is a key issue to improve the online rate and overall utilization of cluster nodes.",[],"算力网络 由 How to tackle these hardware failures, promptly identify and categorize them,... 驱动",positive,,,,,industry_tech_fire_flyer_ai_hpc_2024,Fire-Flyer AI-HPC Cost-Effective Software-Hardware Co-Design for Deep Learning,10,AI,2,"How to tackle these hardware failures, promptly identify and categorize them, is a key issue to improve the online rate and overall utilization of cluster nodes.",0.70,2024,,auto,,,
claim_1e55c31b08b895e4,bottleneck,AI芯片,"AI芯片 的约束或瓶颈：Fire-Flyer AI-HPC Cost-Effective Software-Hardware Co-Design for Deep Learning：Discussion on Congestion Control in RDMA Networks 1) GPU Xid Error: An Xid error [88] is a general GPU fault message that originates from the NVIDIA driver, logged into the kernel or event log of the operating system.",[],AI芯片 受 Discussion on Congestion Control in RDMA Networks 1) GPU Xid Error: An Xid er... 约束,negative,,,,,industry_tech_fire_flyer_ai_hpc_2024,Fire-Flyer AI-HPC Cost-Effective Software-Hardware Co-Design for Deep Learning,11,GPU Xid Error: An Xid error [88] is a ge,2,"Discussion on Congestion Control in RDMA Networks 1) GPU Xid Error: An Xid error [88] is a general GPU fault message that originates from the NVIDIA driver, logged into the kernel or event log of the operating system.",0.70,2024,,auto,,,
claim_6b6113efef85bcc8,bottleneck,算力网络,"算力网络 的约束或瓶颈：Fire-Flyer AI-HPC Cost-Effective Software-Hardware Co-Design for Deep Learning：Discussion on Congestion Control in RDMA Networks 1) GPU Xid Error: An Xid error [88] is a general GPU fault message that originates from the NVIDIA driver, logged into the kernel or event log of the operating system.",[],算力网络 受 Discussion on Congestion Control in RDMA Networks 1) GPU Xid Error: An Xid er... 约束,negative,,,,,industry_tech_fire_flyer_ai_hpc_2024,Fire-Flyer AI-HPC Cost-Effective Software-Hardware Co-Design for Deep Learning,11,GPU Xid Error: An Xid error [88] is a ge,2,"Discussion on Congestion Control in RDMA Networks 1) GPU Xid Error: An Xid error [88] is a general GPU fault message that originates from the NVIDIA driver, logged into the kernel or event log of the operating system.",0.70,2024,,auto,,,
claim_a2f7b2feb3f7ee7c,bottleneck,AI芯片,"AI芯片 的约束或瓶颈：Fire-Flyer AI-HPC Cost-Effective Software-Hardware Co-Design for Deep Learning：To mitigate this, IB NICs use DCQCN (Data Center Quantized Congestion Notification) [93] as their congestion control algorithm.",[],"AI芯片 受 To mitigate this, IB NICs use DCQCN (Data Center Quantized Congestion Notific... 约束",negative,,,,,industry_tech_fire_flyer_ai_hpc_2024,Fire-Flyer AI-HPC Cost-Effective Software-Hardware Co-Design for Deep Learning,11,GPU Xid Error: An Xid error [88] is a ge,2,"To mitigate this, IB NICs use DCQCN (Data Center Quantized Congestion Notification) [93] as their congestion control algorithm.",0.70,2024,,auto,,,
claim_6e8d83803adf6b04,bottleneck,算力网络,"算力网络 的约束或瓶颈：Fire-Flyer AI-HPC Cost-Effective Software-Hardware Co-Design for Deep Learning：To mitigate this, IB NICs use DCQCN (Data Center Quantized Congestion Notification) [93] as their congestion control algorithm.",[],"算力网络 受 To mitigate this, IB NICs use DCQCN (Data Center Quantized Congestion Notific... 约束",negative,,,,,industry_tech_fire_flyer_ai_hpc_2024,Fire-Flyer AI-HPC Cost-Effective Software-Hardware Co-Design for Deep Learning,11,GPU Xid Error: An Xid error [88] is a ge,2,"To mitigate this, IB NICs use DCQCN (Data Center Quantized Congestion Notification) [93] as their congestion control algorithm.",0.70,2024,,auto,,,
claim_b968b2eb24aacb31,trend,AI芯片,AI芯片 的技术趋势：Fire-Flyer AI-HPC Cost-Effective Software-Hardware Co-Design for Deep Learning：| | NVLink Error: Xid 74 | Xid74 indicates errors in NVLink.,[],AI芯片 由 | | NVLink Error: Xid 74 | Xid74 indicates errors in NVLink. 驱动,neutral,,,,,industry_tech_fire_flyer_ai_hpc_2024,Fire-Flyer AI-HPC Cost-Effective Software-Hardware Co-Design for Deep Learning,11,Table V: Type of GPU Xid Errors and Its Causes,2,| | NVLink Error: Xid 74 | Xid74 indicates errors in NVLink.,0.70,2024,,auto,,,
claim_ae8a9177d0133d23,trend,算力网络,算力网络 的技术趋势：Fire-Flyer AI-HPC Cost-Effective Software-Hardware Co-Design for Deep Learning：| | NVLink Error: Xid 74 | Xid74 indicates errors in NVLink.,[],算力网络 由 | | NVLink Error: Xid 74 | Xid74 indicates errors in NVLink. 驱动,neutral,,,,,industry_tech_fire_flyer_ai_hpc_2024,Fire-Flyer AI-HPC Cost-Effective Software-Hardware Co-Design for Deep Learning,11,Table V: Type of GPU Xid Errors and Its Causes,2,| | NVLink Error: Xid 74 | Xid74 indicates errors in NVLink.,0.70,2024,,auto,,,
claim_d1b4e09b1ef598fa,trend,算力网络,算力网络 的技术趋势：Fire-Flyer AI-HPC Cost-Effective Software-Hardware Co-Design for Deep Learning：The decision to install NVLink should be based on actual needs due to its potential drawbacks.,[],算力网络 由 The decision to install NVLink should be based on actual needs due to its pot... 驱动,neutral,,,,,industry_tech_fire_flyer_ai_hpc_2024,Fire-Flyer AI-HPC Cost-Effective Software-Hardware Co-Design for Deep Learning,12,Construction Cost: Relative hardware cos,2,The decision to install NVLink should be based on actual needs due to its potential drawbacks.,0.70,2024,,auto,,,
claim_b3d29243503ee89e,trend,AI芯片,"AI芯片 的技术趋势：Fire-Flyer AI-HPC Cost-Effective Software-Hardware Co-Design for Deep Learning：Our next-generation PCIe architecture is designed for MoE (Mixture of Experts) LLM training, where all-to-all performance is crucial.",[],AI芯片 由 Our next-generation PCIe architecture is designed for MoE (Mixture of Experts... 驱动,neutral,,,,,industry_tech_fire_flyer_ai_hpc_2024,Fire-Flyer AI-HPC Cost-Effective Software-Hardware Co-Design for Deep Learning,12,AI,2,"Our next-generation PCIe architecture is designed for MoE (Mixture of Experts) LLM training, where all-to-all performance is crucial.",0.70,2024,,auto,,,
claim_a7bb5d6758f15b4b,trend,算力网络,"算力网络 的技术趋势：Fire-Flyer AI-HPC Cost-Effective Software-Hardware Co-Design for Deep Learning：Our next-generation PCIe architecture is designed for MoE (Mixture of Experts) LLM training, where all-to-all performance is crucial.",[],算力网络 由 Our next-generation PCIe architecture is designed for MoE (Mixture of Experts... 驱动,neutral,,,,,industry_tech_fire_flyer_ai_hpc_2024,Fire-Flyer AI-HPC Cost-Effective Software-Hardware Co-Design for Deep Learning,12,AI,2,"Our next-generation PCIe architecture is designed for MoE (Mixture of Experts) LLM training, where all-to-all performance is crucial.",0.70,2024,,auto,,,
claim_8403501974e97ff0,bottleneck,算力网络,"算力网络 的约束或瓶颈：Fire-Flyer AI-HPC Cost-Effective Software-Hardware Co-Design for Deep Learning：Huang, “Hostping: Diagnosing intra-host network bottlenecks in RDMA servers,” in 20th USENIX Symposium on Networked Systems Design and Implementation (NSDI 23).",[],"算力网络 受 Huang, “Hostping: Diagnosing intra-host network bottlenecks in RDMA servers,”... 约束",negative,,,,,industry_tech_fire_flyer_ai_hpc_2024,Fire-Flyer AI-HPC Cost-Effective Software-Hardware Co-Design for Deep Learning,15,AI,2,"Huang, “Hostping: Diagnosing intra-host network bottlenecks in RDMA servers,” in 20th USENIX Symposium on Networked Systems Design and Implementation (NSDI 23).",0.70,2024,,auto,,,
claim_964f83a4b1bafea0,supply_chain,算力网络,"算力网络 的产业传导：Fire-Flyer AI-HPC Cost-Effective Software-Hardware Co-Design for Deep Learning：Flor, “Adaptive routing in infiniband hardware,” in 2022 22nd IEEE International Symposium on Cluster, Cloud and Internet Computing (CCGrid), 2022, pp.",[],"算力网络 的产业链传导涉及 Flor, “Adaptive routing in infiniband hardware,” in 2022 22nd IEEE Internatio...",neutral,,,,,industry_tech_fire_flyer_ai_hpc_2024,Fire-Flyer AI-HPC Cost-Effective Software-Hardware Co-Design for Deep Learning,15,AI,2,"Flor, “Adaptive routing in infiniband hardware,” in 2022 22nd IEEE International Symposium on Cluster, Cloud and Internet Computing (CCGrid), 2022, pp.",0.70,2024,,auto,,,
claim_7e1f0be3ef4aade5,bottleneck,算力网络,"算力网络 的约束或瓶颈：Fire-Flyer AI-HPC Cost-Effective Software-Hardware Co-Design for Deep Learning：Zahavi, “Deploying Quality of Service and Congestion Control in InfiniBand-based Data Center Networks.” [Online].",[],"算力网络 受 Zahavi, “Deploying Quality of Service and Congestion Control in InfiniBand-ba... 约束",negative,,,,,industry_tech_fire_flyer_ai_hpc_2024,Fire-Flyer AI-HPC Cost-Effective Software-Hardware Co-Design for Deep Learning,15,AI,2,"Zahavi, “Deploying Quality of Service and Congestion Control in InfiniBand-based Data Center Networks.” [Online].",0.70,2024,,auto,,,
claim_9800d84b2fcaf471,mechanism,算力网络,"算力网络 的技术机理：Fire-Flyer AI-HPC Cost-Effective Software-Hardware Co-Design for Deep Learning：Hennecke, “Daos: A scale-out high performance storage stack for storage class memory,” in Supercomputing Frontiers, D.",[],"算力网络 由 Hennecke, “Daos: A scale-out high performance storage stack for storage class... 驱动",positive,,,,,industry_tech_fire_flyer_ai_hpc_2024,Fire-Flyer AI-HPC Cost-Effective Software-Hardware Co-Design for Deep Learning,15,AI,2,"Hennecke, “Daos: A scale-out high performance storage stack for storage class memory,” in Supercomputing Frontiers, D.",0.70,2024,,auto,,,
claim_97b48b81964542fe,mechanism,AI芯片,"AI芯片 的技术机理：FlashAttention Fast and Memory-Efficient Exact Attention with IO-Awareness：Additionally, block-sparse FlashAttention enables the Transformers to scale to sequence length 64K, achieving 63.1 accuracy4 on Path-256.",[],"AI芯片 由 Additionally, block-sparse FlashAttention enables the Transformers to scale t... 驱动",positive,,,,,industry_tech_flashattention_2022,FlashAttention Fast and Memory-Efficient Exact Attention with IO-Awareness,9,3 Benchmarking Attentio,2,"Additionally, block-sparse FlashAttention enables the Transformers to scale to sequence length 64K, achieving 63.1 accuracy4 on Path-256.",0.70,2022,,auto,,,
claim_5dddebee21da564f,indicator,AI芯片,"AI芯片 的可跟踪指标：FlashAttention Fast and Memory-Efficient Exact Attention with IO-Awareness：4.3 Benchmarking Attention We vary sequence length and measure runtime and memory usage of FlashAttention and block-sparse FlashAttention against various attention baselines on one A100 GPU with 40 GB HBM, with dropout and a padding mask.",[],AI芯片 可通过 4.3 Benchmarking Attention We vary sequence length and measure runtime and me... 跟踪,neutral,,,,,industry_tech_flashattention_2022,FlashAttention Fast and Memory-Efficient Exact Attention with IO-Awareness,9,3 Benchmarking Attention,2,"4.3 Benchmarking Attention We vary sequence length and measure runtime and memory usage of FlashAttention and block-sparse FlashAttention against various attention baselines on one A100 GPU with 40 GB HBM, with dropout and a padding mask.",0.70,2022,,auto,,,
claim_c70ed64af2a86a35,trend,AI芯片,"AI芯片 的技术趋势：FlashAttention Fast and Memory-Efficient Exact Attention with IO-Awareness：The runtimes of many approximate/sparse attention mechanisms grow linearly with sequence length, but FlashAttention still runs faster than approximate and sparse attention for short sequences due to fewer memory accesses.",[],AI芯片 由 The runtimes of many approximate/sparse attention mechanisms grow linearly wi... 驱动,neutral,,,,,industry_tech_flashattention_2022,FlashAttention Fast and Memory-Efficient Exact Attention with IO-Awareness,10,AI,2,"The runtimes of many approximate/sparse attention mechanisms grow linearly with sequence length, but FlashAttention still runs faster than approximate and sparse attention for short sequences due to fewer memory accesses.",0.70,2022,,auto,,,
claim_3186724f844fd62f,trend,算力网络,"算力网络 的技术趋势：FlashAttention Fast and Memory-Efficient Exact Attention with IO-Awareness：The runtimes of many approximate/sparse attention mechanisms grow linearly with sequence length, but FlashAttention still runs faster than approximate and sparse attention for short sequences due to fewer memory accesses.",[],算力网络 由 The runtimes of many approximate/sparse attention mechanisms grow linearly wi... 驱动,neutral,,,,,industry_tech_flashattention_2022,FlashAttention Fast and Memory-Efficient Exact Attention with IO-Awareness,10,AI,2,"The runtimes of many approximate/sparse attention mechanisms grow linearly with sequence length, but FlashAttention still runs faster than approximate and sparse attention for short sequences due to fewer memory accesses.",0.70,2022,,auto,,,
claim_b0c148adda26e320,trend,液冷,"液冷 的技术趋势：FlashAttention Fast and Memory-Efficient Exact Attention with IO-Awareness：Setup We measure runtime and memory usage of the attention computation with 8 heads of dimension 64, and batch size 16 on a machine with one A100 GPU with 40 GB of GPU HBM.",[],液冷 由 Setup We measure runtime and memory usage of the attention computation with 8... 驱动,neutral,,,,,industry_tech_flashattention_2022,FlashAttention Fast and Memory-Efficient Exact Attention with IO-Awareness,30,AI,2,"Setup We measure runtime and memory usage of the attention computation with 8 heads of dimension 64, and batch size 16 on a machine with one A100 GPU with 40 GB of GPU HBM.",0.70,2022,,auto,,,
claim_3070e81364858633,trend,AI芯片,"AI芯片 的技术趋势：FlashAttention Fast and Memory-Efficient Exact Attention with IO-Awareness：Setup We measure runtime and memory usage of the attention computation with 8 heads of dimension 64, and batch size 16 on a machine with one A100 GPU with 40 GB of GPU HBM.",[],AI芯片 由 Setup We measure runtime and memory usage of the attention computation with 8... 驱动,neutral,,,,,industry_tech_flashattention_2022,FlashAttention Fast and Memory-Efficient Exact Attention with IO-Awareness,30,AI,2,"Setup We measure runtime and memory usage of the attention computation with 8 heads of dimension 64, and batch size 16 on a machine with one A100 GPU with 40 GB of GPU HBM.",0.70,2022,,auto,,,
claim_297bab92d8bd85d4,trend,AI芯片,"AI芯片 的技术趋势：FlashAttention Fast and Memory-Efficient Exact Attention with IO-Awareness：These methods did not successfully run the backward pass with masking due to a bug in external libraries, so we measured them without masking to be generous.",[],AI芯片 由 These methods did not successfully run the backward pass with masking due to ... 驱动,neutral,,,,,industry_tech_flashattention_2022,FlashAttention Fast and Memory-Efficient Exact Attention with IO-Awareness,31,AI,2,"These methods did not successfully run the backward pass with masking due to a bug in external libraries, so we measured them without masking to be generous.",0.70,2022,,auto,,,
claim_62cbf942242fc803,trend,算力网络,"算力网络 的技术趋势：FlashAttention Fast and Memory-Efficient Exact Attention with IO-Awareness：These methods did not successfully run the backward pass with masking due to a bug in external libraries, so we measured them without masking to be generous.",[],算力网络 由 These methods did not successfully run the backward pass with masking due to ... 驱动,neutral,,,,,industry_tech_flashattention_2022,FlashAttention Fast and Memory-Efficient Exact Attention with IO-Awareness,31,AI,2,"These methods did not successfully run the backward pass with masking due to a bug in external libraries, so we measured them without masking to be generous.",0.70,2022,,auto,,,
claim_1ae5a9acd2ef9559,trend,AI芯片,AI芯片 的技术趋势：FlashAttention Fast and Memory-Efficient Exact Attention with IO-Awareness：| Attention Method | 128 256 512 1024 2048 4096 8192 16384 32768 65536 | | --- | --- | | PyTorch Attention Megatron | 0.36 0.34 0.78 2.54 9.33 36.33 - - - - 0.40 0.40 1.10 3.65 16.19 - - - - - | | Reformer Local Attention Linformer Smyrf LSformer | 2.03 3.15 5.67 11.02 22.59 46.14 97.38 212.13 - - 0.83 0.86 1.01 2.20 7.13 14.32 28.60 57.79 117.67 - 0.67 0.52 0.69 0.71 1.65 3.18 6.15 12.16 24.17 52.39 2.27 2.34 3.91 7.44 14.71 29.22 58.27 116.41 - - 1.18 1.27 1.34 3.38 11.40 22.55 44.95 89.76 179,[],AI芯片 由 | Attention Method | 128 256 512 1024 2048 4096 8192 16384 32768 65536 | | --... 驱动,neutral,,,,,industry_tech_flashattention_2022,FlashAttention Fast and Memory-Efficient Exact Attention with IO-Awareness,31,AI,2,| Attention Method | 128 256 512 1024 2048 4096 8192 16384 32768 65536 | | --- | --- | | PyTorch Attention Megatron | 0.36 0.34 0.78 2.54 9.33 36.33 - - - - 0.40 0.40 1.10 3.65 16.19 - - - - - | | Reformer Local Attention Linformer Smyrf LSformer | 2.03 3.15 5.67 11.02 22.59 46.14 97.38 212.13 - - 0.83 0.86 1.01 2.20 7.13 14.32 28.60 57.79 117.67 - 0.67 0.52 0.69 0.71 1.65 3.18 6.15 12.16 24.17 52.39 2.27 2.34 3.91 7.44 14.71 29.22 58.27 116.41 - - 1.18 1.27 1.34 3.38 11.40 22.55 44.95 89.76 179,0.70,2022,,auto,,,
claim_b336e5cdbd08a8e2,trend,AI芯片,AI芯片 的技术趋势：Challenges and Opportunities to Enable Large-Scale Computing via Heterogeneous Chiplets：The emerging chiplet technologies are enabling novel heterogeneous integration across different IP vendors.,[],AI芯片 由 The emerging chiplet technologies are enabling novel heterogeneous integratio... 驱动,neutral,,,,,industry_tech_heterogeneous_chiplets_ai_2024,Challenges and Opportunities to Enable Large-Scale Computing via Heterogeneous Chiplets,1,AI,2,The emerging chiplet technologies are enabling novel heterogeneous integration across different IP vendors.,0.70,2024,,auto,,,
claim_a2b2cd530a277534,bottleneck,AI芯片,"AI芯片 的约束或瓶颈：Challenges and Opportunities to Enable Large-Scale Computing via Heterogeneous Chiplets：From the deep learning inference aspect, for example in real-time application scenarios where low latency is required, ASICs are designed in the seek for better customization.",[],"AI芯片 受 From the deep learning inference aspect, for example in real-time application... 约束",negative,,,,,industry_tech_heterogeneous_chiplets_ai_2024,Challenges and Opportunities to Enable Large-Scale Computing via Heterogeneous Chiplets,1,CTC = TimeComp.,2,"From the deep learning inference aspect, for example in real-time application scenarios where low latency is required, ASICs are designed in the seek for better customization.",0.70,2024,,auto,,,
claim_926135dfc418c29c,trend,AI芯片,"AI芯片 的技术趋势：Challenges and Opportunities to Enable Large-Scale Computing via Heterogeneous Chiplets：TABLE I: Comparisons between chiplet and PCB, monolithic ASIC [10].",[],"AI芯片 由 TABLE I: Comparisons between chiplet and PCB, monolithic ASIC [10]. 驱动",neutral,,,,,industry_tech_heterogeneous_chiplets_ai_2024,Challenges and Opportunities to Enable Large-Scale Computing via Heterogeneous Chiplets,2,AI,2,"TABLE I: Comparisons between chiplet and PCB, monolithic ASIC [10].",0.70,2024,,auto,,,
claim_c29c4f07fcee69af,trend,PCB,"PCB 的技术趋势：Challenges and Opportunities to Enable Large-Scale Computing via Heterogeneous Chiplets：TABLE I: Comparisons between chiplet and PCB, monolithic ASIC [10].",[],"PCB 由 TABLE I: Comparisons between chiplet and PCB, monolithic ASIC [10]. 驱动",neutral,,,,,industry_tech_heterogeneous_chiplets_ai_2024,Challenges and Opportunities to Enable Large-Scale Computing via Heterogeneous Chiplets,2,AI,2,"TABLE I: Comparisons between chiplet and PCB, monolithic ASIC [10].",0.70,2024,,auto,,,
claim_f9c7a4ddd6b153ca,bottleneck,AI芯片,"AI芯片 的约束或瓶颈：Challenges and Opportunities to Enable Large-Scale Computing via Heterogeneous Chiplets：There is a trend showing that every two years, the peak hardware throughput increases 3x but the bandwidth only increases 1.6x [15].",[],"AI芯片 受 There is a trend showing that every two years, the peak hardware throughput i... 约束",negative,,,,,industry_tech_heterogeneous_chiplets_ai_2024,Challenges and Opportunities to Enable Large-Scale Computing via Heterogeneous Chiplets,2,AI,2,"There is a trend showing that every two years, the peak hardware throughput increases 3x but the bandwidth only increases 1.6x [15].",0.70,2024,,auto,,,
claim_a1f0e684abbb916d,indicator,AI芯片,"AI芯片 的可跟踪指标：Challenges and Opportunities to Enable Large-Scale Computing via Heterogeneous Chiplets：There is a trend showing that every two years, the peak hardware throughput increases 3x but the bandwidth only increases 1.6x [15].",[],"AI芯片 可通过 There is a trend showing that every two years, the peak hardware throughput i... 跟踪",neutral,,throughput,,,industry_tech_heterogeneous_chiplets_ai_2024,Challenges and Opportunities to Enable Large-Scale Computing via Heterogeneous Chiplets,2,AI,2,"There is a trend showing that every two years, the peak hardware throughput increases 3x but the bandwidth only increases 1.6x [15].",0.70,2024,,auto,,,
claim_bfa683cacb3762fc,mechanism,AI芯片,"AI芯片 的技术机理：Challenges and Opportunities to Enable Large-Scale Computing via Heterogeneous Chiplets：### Integration Technology Design Cycle Cost/$ Integration Energy Efficiency Performance | Monolithic ASIC Chiplet PCB | >1 year >1,000,000 +++ +++ +++ months 1,000-1,000,000 ++ ++ ++ weeks 100-10,000 + + + | | --- | --- |",[],AI芯片 由 ### Integration Technology Design Cycle Cost/$ Integration Energy Efficiency ... 驱动,positive,,,,,industry_tech_heterogeneous_chiplets_ai_2024,Challenges and Opportunities to Enable Large-Scale Computing via Heterogeneous Chiplets,2,AI,2,"### Integration Technology Design Cycle Cost/$ Integration Energy Efficiency Performance | Monolithic ASIC Chiplet PCB | >1 year >1,000,000 +++ +++ +++ months 1,000-1,000,000 ++ ++ ++ weeks 100-10,000 + + + | | --- | --- |",0.70,2024,,auto,,,
claim_bb40594c6cd3b6b0,mechanism,PCB,"PCB 的技术机理：Challenges and Opportunities to Enable Large-Scale Computing via Heterogeneous Chiplets：### Integration Technology Design Cycle Cost/$ Integration Energy Efficiency Performance | Monolithic ASIC Chiplet PCB | >1 year >1,000,000 +++ +++ +++ months 1,000-1,000,000 ++ ++ ++ weeks 100-10,000 + + + | | --- | --- |",[],PCB 由 ### Integration Technology Design Cycle Cost/$ Integration Energy Efficiency ... 驱动,positive,,,,,industry_tech_heterogeneous_chiplets_ai_2024,Challenges and Opportunities to Enable Large-Scale Computing via Heterogeneous Chiplets,2,AI,2,"### Integration Technology Design Cycle Cost/$ Integration Energy Efficiency Performance | Monolithic ASIC Chiplet PCB | >1 year >1,000,000 +++ +++ +++ months 1,000-1,000,000 ++ ++ ++ weeks 100-10,000 + + + | | --- | --- |",0.70,2024,,auto,,,
claim_6fe5e9f104cfc359,bottleneck,AI芯片,"AI芯片 的约束或瓶颈：Challenges and Opportunities to Enable Large-Scale Computing via Heterogeneous Chiplets：Therefore, to decrease inference latency, chiplets with more memory channels or higher I/O bandwidth are preferred to be integrated into the SiP.",[],"AI芯片 受 Therefore, to decrease inference latency, chiplets with more memory channels ... 约束",negative,,,,,industry_tech_heterogeneous_chiplets_ai_2024,Challenges and Opportunities to Enable Large-Scale Computing via Heterogeneous Chiplets,3,AI,2,"Therefore, to decrease inference latency, chiplets with more memory channels or higher I/O bandwidth are preferred to be integrated into the SiP.",0.70,2024,,auto,,,
claim_228a580ac6d87b64,bottleneck,AI芯片,"AI芯片 的约束或瓶颈：Challenges and Opportunities to Enable Large-Scale Computing via Heterogeneous Chiplets：At present, there are many parallel interface standards, such as Advanced Interface Bus (AIB) [22], Bunch of Wires (BoW) [24], high bandwidth memory (HBM) interconnect [26], Low-voltage-In-PackageINter-CONnect (LINPINCON) [27], Universal Chiplet Interconnect Express (UCIe) [34], Advanced Cost-driven Chiplet (ACC) [30].",[],"AI芯片 受 At present, there are many parallel interface standards, such as Advanced Int... 约束",negative,,,,,industry_tech_heterogeneous_chiplets_ai_2024,Challenges and Opportunities to Enable Large-Scale Computing via Heterogeneous Chiplets,3,AI,2,"At present, there are many parallel interface standards, such as Advanced Interface Bus (AIB) [22], Bunch of Wires (BoW) [24], high bandwidth memory (HBM) interconnect [26], Low-voltage-In-PackageINter-CONnect (LINPINCON) [27], Universal Chiplet Interconnect Express (UCIe) [34], Advanced Cost-driven Chiplet (ACC) [30].",0.70,2024,,auto,,,
claim_8b7b34267d3fd855,supply_chain,AI芯片,"AI芯片 的产业传导：Challenges and Opportunities to Enable Large-Scale Computing via Heterogeneous Chiplets：At present, there are many parallel interface standards, such as Advanced Interface Bus (AIB) [22], Bunch of Wires (BoW) [24], high bandwidth memory (HBM) interconnect [26], Low-voltage-In-PackageINter-CONnect (LINPINCON) [27], Universal Chiplet Interconnect Express (UCIe) [34], Advanced Cost-driven Chiplet (ACC) [30].",[],"AI芯片 的产业链传导涉及 At present, there are many parallel interface standards, such as Advanced Int...",neutral,,,,,industry_tech_heterogeneous_chiplets_ai_2024,Challenges and Opportunities to Enable Large-Scale Computing via Heterogeneous Chiplets,3,AI,2,"At present, there are many parallel interface standards, such as Advanced Interface Bus (AIB) [22], Bunch of Wires (BoW) [24], high bandwidth memory (HBM) interconnect [26], Low-voltage-In-PackageINter-CONnect (LINPINCON) [27], Universal Chiplet Interconnect Express (UCIe) [34], Advanced Cost-driven Chiplet (ACC) [30].",0.70,2024,,auto,,,
claim_9e8a2f402393c0ba,supply_chain,AI芯片,AI芯片 的产业传导：Challenges and Opportunities to Enable Large-Scale Computing via Heterogeneous Chiplets：A report shows that packaging costs can be comparable with designing a chip due to the low yield of the complex packaging processing and the bounding defects [43].,[],AI芯片 的产业链传导涉及 A report shows that packaging costs can be comparable with designing a chip d...,neutral,,,,,industry_tech_heterogeneous_chiplets_ai_2024,Challenges and Opportunities to Enable Large-Scale Computing via Heterogeneous Chiplets,3,AI,2,A report shows that packaging costs can be comparable with designing a chip due to the low yield of the complex packaging processing and the bounding defects [43].,0.70,2024,,auto,,,
claim_e1c950c0b34441d0,supply_chain,算力网络,算力网络 的产业传导：Challenges and Opportunities to Enable Large-Scale Computing via Heterogeneous Chiplets：A report shows that packaging costs can be comparable with designing a chip due to the low yield of the complex packaging processing and the bounding defects [43].,[],算力网络 的产业链传导涉及 A report shows that packaging costs can be comparable with designing a chip d...,neutral,,,,,industry_tech_heterogeneous_chiplets_ai_2024,Challenges and Opportunities to Enable Large-Scale Computing via Heterogeneous Chiplets,3,AI,2,A report shows that packaging costs can be comparable with designing a chip due to the low yield of the complex packaging processing and the bounding defects [43].,0.70,2024,,auto,,,
claim_4ccd886f64036f21,indicator,AI芯片,"AI芯片 的可跟踪指标：Challenges and Opportunities to Enable Large-Scale Computing via Heterogeneous Chiplets：### Protocol Institution Typical Energy Efficiency (pJ/bit) Maximum Speed (Gbps/wire) Fault Tolerance Mechanism | USR [21] AIB [22], [23] BoW [24], [25] HBM [26] LINPINCON [27] UCIe [28] AAC [29], [30] | \\ <0.6 [21] >20 [21] N/A Intel 0.85 (Gen1) 2 (Gen1) [22], 6.4 (Gen2) [23] N/A ODSA <0.25-1.0 [25] 32 [24] N/A JESDC \\ 6.4 ECC TSMC 0.424 2.8 N/A UCIe Union 0.25-1.25 [28] 32 GT/s [28] CRC + Retransmission China Chiplet Industry Alliance 2.5 [29] 128 [30] CRC + BER + Retransmission | | --- | --",[],AI芯片 可通过 ### Protocol Institution Typical Energy Efficiency (pJ/bit) Maximum Speed (Gb... 跟踪,neutral,,,32 GT/s,GT/s,industry_tech_heterogeneous_chiplets_ai_2024,Challenges and Opportunities to Enable Large-Scale Computing via Heterogeneous Chiplets,4,AI,2,"### Protocol Institution Typical Energy Efficiency (pJ/bit) Maximum Speed (Gbps/wire) Fault Tolerance Mechanism | USR [21] AIB [22], [23] BoW [24], [25] HBM [26] LINPINCON [27] UCIe [28] AAC [29], [30] | \\ <0.6 [21] >20 [21] N/A Intel 0.85 (Gen1) 2 (Gen1) [22], 6.4 (Gen2) [23] N/A ODSA <0.25-1.0 [25] 32 [24] N/A JESDC \\ 6.4 ECC TSMC 0.424 2.8 N/A UCIe Union 0.25-1.25 [28] 32 GT/s [28] CRC + Retransmission China Chiplet Industry Alliance 2.5 [29] 128 [30] CRC + BER + Retransmission | | --- | --",0.70,2024,,auto,,,
claim_76b7a804e0463256,mechanism,AI芯片,"AI芯片 的技术机理：Challenges and Opportunities to Enable Large-Scale Computing via Heterogeneous Chiplets：### Protocol Institution Typical Energy Efficiency (pJ/bit) Maximum Speed (Gbps/wire) Fault Tolerance Mechanism | USR [21] AIB [22], [23] BoW [24], [25] HBM [26] LINPINCON [27] UCIe [28] AAC [29], [30] | \\ <0.6 [21] >20 [21] N/A Intel 0.85 (Gen1) 2 (Gen1) [22], 6.4 (Gen2) [23] N/A ODSA <0.25-1.0 [25] 32 [24] N/A JESDC \\ 6.4 ECC TSMC 0.424 2.8 N/A UCIe Union 0.25-1.25 [28] 32 GT/s [28] CRC + Retransmission China Chiplet Industry Alliance 2.5 [29] 128 [30] CRC + BER + Retransmission | | --- | --",[],AI芯片 由 ### Protocol Institution Typical Energy Efficiency (pJ/bit) Maximum Speed (Gb... 驱动,positive,,,,,industry_tech_heterogeneous_chiplets_ai_2024,Challenges and Opportunities to Enable Large-Scale Computing via Heterogeneous Chiplets,4,AI,2,"### Protocol Institution Typical Energy Efficiency (pJ/bit) Maximum Speed (Gbps/wire) Fault Tolerance Mechanism | USR [21] AIB [22], [23] BoW [24], [25] HBM [26] LINPINCON [27] UCIe [28] AAC [29], [30] | \\ <0.6 [21] >20 [21] N/A Intel 0.85 (Gen1) 2 (Gen1) [22], 6.4 (Gen2) [23] N/A ODSA <0.25-1.0 [25] 32 [24] N/A JESDC \\ 6.4 ECC TSMC 0.424 2.8 N/A UCIe Union 0.25-1.25 [28] 32 GT/s [28] CRC + Retransmission China Chiplet Industry Alliance 2.5 [29] 128 [30] CRC + BER + Retransmission | | --- | --",0.70,2024,,auto,,,
claim_26a60c007f698fa3,mechanism,AI芯片,"AI芯片 的技术机理：Challenges and Opportunities to Enable Large-Scale Computing via Heterogeneous Chiplets：CONCLUSION With the boom in AI models and fast-increasing demands on performance and energy efficiency, heterogeneous integration based on chiplet becomes a promising way to keep scaling while minimizing the total cost.",[],AI芯片 由 CONCLUSION With the boom in AI models and fast-increasing demands on performa... 驱动,positive,,,,,industry_tech_heterogeneous_chiplets_ai_2024,Challenges and Opportunities to Enable Large-Scale Computing via Heterogeneous Chiplets,5,AI,2,"CONCLUSION With the boom in AI models and fast-increasing demands on performance and energy efficiency, heterogeneous integration based on chiplet becomes a promising way to keep scaling while minimizing the total cost.",0.70,2024,,auto,,,
claim_20df03f74d5c0008,mechanism,AI芯片,"AI芯片 的技术机理：Challenges and Opportunities to Enable Large-Scale Computing via Heterogeneous Chiplets：y efficiency, heterogeneous integration based on chiplet becomes a promising way to keep scaling while minimizing the total cost.",[],"AI芯片 由 y efficiency, heterogeneous integration based on chiplet becomes a promising ... 驱动",positive,,,,,industry_tech_heterogeneous_chiplets_ai_2024,Challenges and Opportunities to Enable Large-Scale Computing via Heterogeneous Chiplets,5,AI,2,"y efficiency, heterogeneous integration based on chiplet becomes a promising way to keep scaling while minimizing the total cost.",0.70,2024,,auto,,,
claim_fe3e6e9f6d0432da,trend,AI芯片,"AI芯片 的技术趋势：Challenges and Opportunities to Enable Large-Scale Computing via Heterogeneous Chiplets：Li et al., “Chiplet heterogeneous integration technology—status and challenges,” Electronics, vol.",[],"AI芯片 由 Li et al., “Chiplet heterogeneous integration technology—status and challenge... 驱动",neutral,,,,,industry_tech_heterogeneous_chiplets_ai_2024,Challenges and Opportunities to Enable Large-Scale Computing via Heterogeneous Chiplets,6,AI,2,"Li et al., “Chiplet heterogeneous integration technology—status and challenges,” Electronics, vol.",0.70,2024,,auto,,,
claim_afebb1f57150b172,bottleneck,AI芯片,"AI芯片 的约束或瓶颈：Challenges and Opportunities to Enable Large-Scale Computing via Heterogeneous Chiplets：Ma et al., “Tap-2.5d: A thermally-aware chiplet placement m",[],"AI芯片 受 Ma et al., “Tap-2.5d: A thermally-aware chiplet placement m 约束",negative,,,,,industry_tech_heterogeneous_chiplets_ai_2024,Challenges and Opportunities to Enable Large-Scale Computing via Heterogeneous Chiplets,6,AI,2,"Ma et al., “Tap-2.5d: A thermally-aware chiplet placement m",0.70,2024,,auto,,,
claim_96422048bf12ec31,bottleneck,AI芯片,"AI芯片 的约束或瓶颈：Challenges and Opportunities to Enable Large-Scale Computing via Heterogeneous Chiplets：Eris et al., “Leveraging thermally-aware chiplet organization in 2.5 d systems to reclaim dark silicon,” in DATE.",[],"AI芯片 受 Eris et al., “Leveraging thermally-aware chiplet organization in 2.5 d system... 约束",negative,,,,,industry_tech_heterogeneous_chiplets_ai_2024,Challenges and Opportunities to Enable Large-Scale Computing via Heterogeneous Chiplets,6,[45] “IEEE Standard for Test Access Arch,2,"Eris et al., “Leveraging thermally-aware chiplet organization in 2.5 d systems to reclaim dark silicon,” in DATE.",0.70,2024,,auto,,,
claim_49b8ca51db5fac94,trend,光模块,光模块 的技术趋势：HIR 2023 Integrated Photonics：Design tools for silicon photonics are available today and expanding rapidly AIM Photonics announced a Process Design Kit and multi-project wafer available in October of 2018.,[],光模块 由 Design tools for silicon photonics are available today and expanding rapidly ... 驱动,neutral,,,,,industry_tech_hir_photonics_2023,HIR 2023 Integrated Photonics,17,AI,1,Design tools for silicon photonics are available today and expanding rapidly AIM Photonics announced a Process Design Kit and multi-project wafer available in October of 2018.,0.78,2023,,auto,,,
claim_a70649f26b6349a7,mechanism,光模块,光模块 的技术机理：HIR 2023 Integrated Photonics：Today it is experiencing a flurry of interest due to the expectation that it will be one of the key sensors to enable autonomous driving.,[],光模块 由 Today it is experiencing a flurry of interest due to the expectation that it ... 驱动,positive,,,,,industry_tech_hir_photonics_2023,HIR 2023 Integrated Photonics,25,AI,1,Today it is experiencing a flurry of interest due to the expectation that it will be one of the key sensors to enable autonomous driving.,0.78,2023,,auto,,,
claim_0bd0c52c69348df6,mechanism,算力网络,算力网络 的技术机理：HIR 2023 Integrated Photonics：Today it is experiencing a flurry of interest due to the expectation that it will be one of the key sensors to enable autonomous driving.,[],算力网络 由 Today it is experiencing a flurry of interest due to the expectation that it ... 驱动,positive,,,,,industry_tech_hir_photonics_2023,HIR 2023 Integrated Photonics,25,AI,1,Today it is experiencing a flurry of interest due to the expectation that it will be one of the key sensors to enable autonomous driving.,0.78,2023,,auto,,,
claim_fa00a2dc98773fc7,bottleneck,液冷,液冷 的约束或瓶颈：HIR 2023 Thermal：This power electronics power density increase to 100 kW/L represents a factor of 5 to 10 increase with respect to the state-of-the-art electric-drive vehicle power electronics.,[],液冷 受 This power electronics power density increase to 100 kW/L represents a factor... 约束,negative,,,,,industry_tech_hir_thermal_2023,HIR 2023 Thermal,9,5 Heterogeneous Integration for Harsh En,1,This power electronics power density increase to 100 kW/L represents a factor of 5 to 10 increase with respect to the state-of-the-art electric-drive vehicle power electronics.,0.78,2023,,auto,,,
claim_4b2ad10c436ca5ab,indicator,液冷,液冷 的可跟踪指标：HIR 2023 Thermal：This power electronics power density increase to 100 kW/L represents a factor of 5 to 10 increase with respect to the state-of-the-art electric-drive vehicle power electronics.,[],液冷 可通过 This power electronics power density increase to 100 kW/L represents a factor... 跟踪,neutral,,power density,100 kW,kW,industry_tech_hir_thermal_2023,HIR 2023 Thermal,9,5 Heterogeneous Integration for Harsh En,1,This power electronics power density increase to 100 kW/L represents a factor of 5 to 10 increase with respect to the state-of-the-art electric-drive vehicle power electronics.,0.78,2023,,auto,,,
claim_fe4095e4551ad1ad,bottleneck,AI芯片,AI芯片 的约束或瓶颈：HIR 2023 Thermal：This power electronics power density increase to 100 kW/L represents a factor of 5 to 10 increase with respect to the state-of-the-art electric-drive vehicle power electronics.,[],AI芯片 受 This power electronics power density increase to 100 kW/L represents a factor... 约束,negative,,,,,industry_tech_hir_thermal_2023,HIR 2023 Thermal,9,5 Heterogeneous Integration for Harsh En,1,This power electronics power density increase to 100 kW/L represents a factor of 5 to 10 increase with respect to the state-of-the-art electric-drive vehicle power electronics.,0.78,2023,,auto,,,
claim_4b9200cbf228664b,indicator,AI芯片,AI芯片 的可跟踪指标：HIR 2023 Thermal：This power electronics power density increase to 100 kW/L represents a factor of 5 to 10 increase with respect to the state-of-the-art electric-drive vehicle power electronics.,[],AI芯片 可通过 This power electronics power density increase to 100 kW/L represents a factor... 跟踪,neutral,,power density,100 kW,kW,industry_tech_hir_thermal_2023,HIR 2023 Thermal,9,5 Heterogeneous Integration for Harsh En,1,This power electronics power density increase to 100 kW/L represents a factor of 5 to 10 increase with respect to the state-of-the-art electric-drive vehicle power electronics.,0.78,2023,,auto,,,
claim_56155b8de6d49e29,trend,AI芯片,"AI芯片 的技术趋势：HIR 2023 Thermal：Application of heterogeneous integration to harsh environments is challenging due to the 3D top-side contour of heterogeneous packages, the dissimilar junction limits of heterogeneous components in a system, and the extreme thermomechanical challenges imposed by the extreme temperature cycles.",[],AI芯片 由 Application of heterogeneous integration to harsh environments is challenging... 驱动,neutral,,,,,industry_tech_hir_thermal_2023,HIR 2023 Thermal,9,5 Heterogeneous Integration for Harsh En,1,"Application of heterogeneous integration to harsh environments is challenging due to the 3D top-side contour of heterogeneous packages, the dissimilar junction limits of heterogeneous components in a system, and the extreme thermomechanical challenges imposed by the extreme temperature cycles.",0.78,2023,,auto,,,
claim_1b3188e5e39e1642,trend,算力网络,"算力网络 的技术趋势：HIR 2023 Thermal：Application of heterogeneous integration to harsh environments is challenging due to the 3D top-side contour of heterogeneous packages, the dissimilar junction limits of heterogeneous components in a system, and the extreme thermomechanical challenges imposed by the extreme temperature cycles.",[],算力网络 由 Application of heterogeneous integration to harsh environments is challenging... 驱动,neutral,,,,,industry_tech_hir_thermal_2023,HIR 2023 Thermal,9,5 Heterogeneous Integration for Harsh En,1,"Application of heterogeneous integration to harsh environments is challenging due to the 3D top-side contour of heterogeneous packages, the dissimilar junction limits of heterogeneous components in a system, and the extreme thermomechanical challenges imposed by the extreme temperature cycles.",0.78,2023,,auto,,,
claim_cf6e210ac51a0c63,indicator,AI芯片,"AI芯片 的可跟踪指标：IRDS 2024 More Moore：Data and HPC servers – cache integration, memory, IO • AI accelerators in enterprise/cloud • Codec ASICs - 24/7/365 continuous run of video and audio (codec), 5 years minimum time • Networking – Always-on, 500W power envelope • Advanced driver assistance system (ADAS) chips – Autonomous driving • Memory and IO solutions for AI, graphics, HPC Novel compute fabrics • Neural processing unit",[],"AI芯片 可通过 Data and HPC servers – cache integration, memory, IO • AI accelerators in ent... 跟踪",neutral,,,500W,W,industry_tech_irds_more_moore_2024,IRDS 2024 More Moore,6,INTRODUCTION,1,"Data and HPC servers – cache integration, memory, IO • AI accelerators in enterprise/cloud • Codec ASICs - 24/7/365 continuous run of video and audio (codec), 5 years minimum time • Networking – Always-on, 500W power envelope • Advanced driver assistance system (ADAS) chips – Autonomous driving • Memory and IO solutions for AI, graphics, HPC Novel compute fabrics • Neural processing unit",0.78,2024,,auto,,,
claim_8bc24d67605316c3,supply_chain,AI芯片,"AI芯片 的产业传导：IRDS 2024 More Moore：Data and HPC servers – cache integration, memory, IO • AI accelerators in enterprise/cloud • Codec ASICs - 24/7/365 continuous run of video and audio (codec), 5 years minimum time • Networking – Always-on, 500W power envelope • Advanced driver assistance system (ADAS) chips – Autonomous driving • Memory and IO solutions for AI, graphics, HPC Novel compute fabrics • Neural processing unit",[],"AI芯片 的产业链传导涉及 Data and HPC servers – cache integration, memory, IO • AI accelerators in ent...",neutral,,,,,industry_tech_irds_more_moore_2024,IRDS 2024 More Moore,6,INTRODUCTION,1,"Data and HPC servers – cache integration, memory, IO • AI accelerators in enterprise/cloud • Codec ASICs - 24/7/365 continuous run of video and audio (codec), 5 years minimum time • Networking – Always-on, 500W power envelope • Advanced driver assistance system (ADAS) chips – Autonomous driving • Memory and IO solutions for AI, graphics, HPC Novel compute fabrics • Neural processing unit",0.78,2024,,auto,,,
claim_6ef144f59eb33c7b,mechanism,算力网络,算力网络 的技术机理：IRDS 2024 More Moore：CHALLENGES The goal of the semiconductor industry is to be able to continue to scale the technology to improve overall performance at reduced power and cost.,[],算力网络 由 CHALLENGES The goal of the semiconductor industry is to be able to continue t... 驱动,positive,,,,,industry_tech_irds_more_moore_2024,IRDS 2024 More Moore,9,CHALLENGES,1,CHALLENGES The goal of the semiconductor industry is to be able to continue to scale the technology to improve overall performance at reduced power and cost.,0.78,2024,,auto,,,
claim_5c97ef1e946a6761,bottleneck,算力网络,"算力网络 的约束或瓶颈：IRDS 2024 Outside System Connectivity：As IoE was used for a broader range of applications, some applications had unacceptably slow performance due to the latency of communicating with the cloud.",[],"算力网络 受 As IoE was used for a broader range of applications, some applications had un... 约束",negative,,,,,industry_tech_irds_outside_system_connectivity_2024,IRDS 2024 Outside System Connectivity,7,INTRODUCTION,1,"As IoE was used for a broader range of applications, some applications had unacceptably slow performance due to the latency of communicating with the cloud.",0.78,2024,,auto,,,
claim_c949001e537a5150,trend,AI芯片,"AI芯片 的技术趋势：IRDS 2024 Outside System Connectivity：Optical I/O chiplets are being developed for integration with switches, but over time they may also be integrated on package with AI and CPU processors.",[],"AI芯片 由 Optical I/O chiplets are being developed for integration with switches, but o... 驱动",neutral,,,,,industry_tech_irds_outside_system_connectivity_2024,IRDS 2024 Outside System Connectivity,17,AI,1,"Optical I/O chiplets are being developed for integration with switches, but over time they may also be integrated on package with AI and CPU processors.",0.78,2024,,auto,,,
claim_b87b9c3a4e540eb0,trend,算力网络,算力网络 的技术趋势：IRDS 2024 Executive Packaging Tutorial Part 1：The downside of all these low-cost solutions resides in the implication that signal propagation delay resulted severely degraded right after the signal left the IC due to poor propagation properties of all the materials us,[],算力网络 由 The downside of all these low-cost solutions resides in the implication that ... 驱动,neutral,,,,,industry_tech_irds_packaging_tutorial_2024,IRDS 2024 Executive Packaging Tutorial Part 1,9,AI,1,The downside of all these low-cost solutions resides in the implication that signal propagation delay resulted severely degraded right after the signal left the IC due to poor propagation properties of all the materials us,0.78,2024,,auto,,,
claim_fb69eaf851c07d2b,supply_chain,算力网络,算力网络 的产业传导：IRDS 2024 Executive Packaging Tutorial Part 1：ese low-cost solutions resides in the implication that signal propagation delay resulted severely degraded right after the signal left the IC due to poor propagation properties of all the materials used for the in-package interconnections related to their intrinsic electrical properties.,[],算力网络 的产业链传导涉及 ese low-cost solutions resides in the implication that signal propagation del...,neutral,,,,,industry_tech_irds_packaging_tutorial_2024,IRDS 2024 Executive Packaging Tutorial Part 1,9,AI,1,ese low-cost solutions resides in the implication that signal propagation delay resulted severely degraded right after the signal left the IC due to poor propagation properties of all the materials used for the in-package interconnections related to their intrinsic electrical properties.,0.78,2024,,auto,,,
claim_b4030752473782e4,supply_chain,AI芯片,AI芯片 的产业传导：IRDS 2024 Executive Packaging Tutorial Part 1：In the end this approach called 2.5D was successful and prevailed in the marketplace; for the first time the crucial role of advanced packaging stood up and forever changed the ro,[],AI芯片 的产业链传导涉及 In the end this approach called 2.5D was successful and prevailed in the mark...,neutral,,,,,industry_tech_irds_packaging_tutorial_2024,IRDS 2024 Executive Packaging Tutorial Part 1,10,AI,1,In the end this approach called 2.5D was successful and prevailed in the marketplace; for the first time the crucial role of advanced packaging stood up and forever changed the ro,0.78,2024,,auto,,,
claim_5bdd9b88c7dd7c42,supply_chain,AI芯片,AI芯片 的产业传导：IRDS 2024 Executive Packaging Tutorial Part 1：In the end this approach called 2.5D was successful and prevailed in the marketplace; for the first time the crucial role of advanced packaging stood up and forever changed the role of packaging from a passive participant to an active enabler.,[],AI芯片 的产业链传导涉及 In the end this approach called 2.5D was successful and prevailed in the mark...,neutral,,,,,industry_tech_irds_packaging_tutorial_2024,IRDS 2024 Executive Packaging Tutorial Part 1,10,AI,1,In the end this approach called 2.5D was successful and prevailed in the marketplace; for the first time the crucial role of advanced packaging stood up and forever changed the role of packaging from a passive participant to an active enabler.,0.78,2024,,auto,,,
claim_5cffb20695e6f100,mechanism,AI芯片,AI芯片 的技术机理：IRDS 2024 Executive Packaging Tutorial Part 1：In the end this approach called 2.5D was successful and prevailed in the marketplace; for the first time the crucial role of advanced packaging stood up and forever changed the role of packaging from a passive participant to an active enabler.,[],AI芯片 由 In the end this approach called 2.5D was successful and prevailed in the mark... 驱动,positive,,,,,industry_tech_irds_packaging_tutorial_2024,IRDS 2024 Executive Packaging Tutorial Part 1,10,AI,1,In the end this approach called 2.5D was successful and prevailed in the marketplace; for the first time the crucial role of advanced packaging stood up and forever changed the role of packaging from a passive participant to an active enabler.,0.78,2024,,auto,,,
claim_d556f1896034df8c,supply_chain,AI芯片,AI芯片 的产业传导：IRDS 2024 Executive Packaging Tutorial Part 1：Among the newly created chapters a forward-looking chapter entitled “Heterogeneous Integration” was published and for the first time provided a novel view of the many integrated packaging and IC solutions coming in the next 15 years.,[],AI芯片 的产业链传导涉及 Among the newly created chapters a forward-looking chapter entitled “Heteroge...,neutral,,,,,industry_tech_irds_packaging_tutorial_2024,IRDS 2024 Executive Packaging Tutorial Part 1,11,AI,1,Among the newly created chapters a forward-looking chapter entitled “Heterogeneous Integration” was published and for the first time provided a novel view of the many integrated packaging and IC solutions coming in the next 15 years.,0.78,2024,,auto,,,
claim_b803b060a85672ec,mechanism,算力网络,"算力网络 的技术机理：IRDS 2024 Executive Packaging Tutorial Part 1：### Table 2 Considerations for Signal Delay Analysis | | Key Concepts | | Considerations | | --- | --- | --- | --- | | Impact of Technology Scaling | | • As technology nodes shrink, delays in ICs can become more significant due to increased resistance, capacitance, and variations in manufacturing.",[],算力网络 由 ### Table 2 Considerations for Signal Delay Analysis | | Key Concepts | | Con... 驱动,positive,,,,,industry_tech_irds_packaging_tutorial_2024,IRDS 2024 Executive Packaging Tutorial Part 1,14,Table 2 Considerations for Signal Delay Analysis,1,"### Table 2 Considerations for Signal Delay Analysis | | Key Concepts | | Considerations | | --- | --- | --- | --- | | Impact of Technology Scaling | | • As technology nodes shrink, delays in ICs can become more significant due to increased resistance, capacitance, and variations in manufacturing.",0.78,2024,,auto,,,
claim_7a89a4df808ad902,trend,AI芯片,AI芯片 的技术趋势：IRDS 2024 Executive Packaging Tutorial Part 1：AI and Edge Computing—The increasing adoption of AI and edge computing applications has fueled the development of SoCs with integrated AI accelerators and other specialized processing units.,[],AI芯片 由 AI and Edge Computing—The increasing adoption of AI and edge computing applic... 驱动,neutral,,,,,industry_tech_irds_packaging_tutorial_2024,IRDS 2024 Executive Packaging Tutorial Part 1,17,AI,1,AI and Edge Computing—The increasing adoption of AI and edge computing applications has fueled the development of SoCs with integrated AI accelerators and other specialized processing units.,0.78,2024,,auto,,,
claim_bd5ca1b5945f2384,supply_chain,AI芯片,AI芯片 的产业传导：IRDS 2024 Executive Packaging Tutorial Part 1：| | Silicon | | Silicon substrates are used in advanced packaging techniques like silicon interposers in 2.5D and 3D ICs.,[],AI芯片 的产业链传导涉及 | | Silicon | | Silicon substrates are used in advanced packaging techniques ...,neutral,,,,,industry_tech_irds_packaging_tutorial_2024,IRDS 2024 Executive Packaging Tutorial Part 1,26,2024 IRDS EXECUTIVE PACKAGING TUTORIAL—PART 1,1,| | Silicon | | Silicon substrates are used in advanced packaging techniques like silicon interposers in 2.5D and 3D ICs.,0.78,2024,,auto,,,
claim_b7e38ef9cb05f511,bottleneck,液冷,"液冷 的约束或瓶颈：IRDS 2024 Executive Packaging Tutorial Part 1：The use of C4 technology enabled higher clock speeds and better thermal management, which were crucial for the performance demands of this high-end processor.",[],液冷 受 The use of C4 technology enabled higher clock speeds and better thermal manag... 约束,negative,,,,,industry_tech_irds_packaging_tutorial_2024,IRDS 2024 Executive Packaging Tutorial Part 1,34,Flip Chip Technology,1,"The use of C4 technology enabled higher clock speeds and better thermal management, which were crucial for the performance demands of this high-end processor.",0.78,2024,,auto,,,
claim_1e0bb7065ee929e1,mechanism,液冷,"液冷 的技术机理：IRDS 2024 Executive Packaging Tutorial Part 1：The use of C4 technology enabled higher clock speeds and better thermal management, which were crucial for the performance demands of this high-end processor.",[],液冷 由 The use of C4 technology enabled higher clock speeds and better thermal manag... 驱动,positive,,,,,industry_tech_irds_packaging_tutorial_2024,IRDS 2024 Executive Packaging Tutorial Part 1,34,Flip Chip Technology,1,"The use of C4 technology enabled higher clock speeds and better thermal management, which were crucial for the performance demands of this high-end processor.",0.78,2024,,auto,,,
claim_51eccaa4dc68709f,supply_chain,AI芯片,"AI芯片 的产业传导：IRDS 2024 Executive Packaging Tutorial Part 1：The following are important key trends expected to shape the future of semiconductor packaging: Advanced Packaging Technologies • 2.5D and 3D Packaging—These technologies enable stacking multiple chips on top of each other or side by side, leading to better performance and lower power consumption.",[],AI芯片 的产业链传导涉及 The following are important key trends expected to shape the future of semico...,neutral,,,,,industry_tech_irds_packaging_tutorial_2024,IRDS 2024 Executive Packaging Tutorial Part 1,50,Organic Laminates,1,"The following are important key trends expected to shape the future of semiconductor packaging: Advanced Packaging Technologies • 2.5D and 3D Packaging—These technologies enable stacking multiple chips on top of each other or side by side, leading to better performance and lower power consumption.",0.78,2024,,auto,,,
claim_b89e30e6dcdb98c9,mechanism,AI芯片,"AI芯片 的技术机理：IRDS 2024 Executive Packaging Tutorial Part 1：The following are important key trends expected to shape the future of semiconductor packaging: Advanced Packaging Technologies • 2.5D and 3D Packaging—These technologies enable stacking multiple chips on top of each other or side by side, leading to better performance and lower power consumption.",[],AI芯片 由 The following are important key trends expected to shape the future of semico... 驱动,positive,,,,,industry_tech_irds_packaging_tutorial_2024,IRDS 2024 Executive Packaging Tutorial Part 1,50,Organic Laminates,1,"The following are important key trends expected to shape the future of semiconductor packaging: Advanced Packaging Technologies • 2.5D and 3D Packaging—These technologies enable stacking multiple chips on top of each other or side by side, leading to better performance and lower power consumption.",0.78,2024,,auto,,,
claim_e6fafeeac3c9512a,bottleneck,液冷,"液冷 的约束或瓶颈：IRDS 2024 Executive Packaging Tutorial Part 1：3D Chips Stacking Thermal Management Stacking chips in integrated circuits, commonly known as 3D IC packaging, presents several thermal challenges.",[],"液冷 受 3D Chips Stacking Thermal Management Stacking chips in integrated circuits, c... 约束",negative,,,,,industry_tech_irds_packaging_tutorial_2024,IRDS 2024 Executive Packaging Tutorial Part 1,51,AI,1,"3D Chips Stacking Thermal Management Stacking chips in integrated circuits, commonly known as 3D IC packaging, presents several thermal challenges.",0.78,2024,,auto,,,
claim_1ea7cc2ac64c7643,supply_chain,液冷,"液冷 的产业传导：IRDS 2024 Executive Packaging Tutorial Part 1：3D Chips Stacking Thermal Management Stacking chips in integrated circuits, commonly known as 3D IC packaging, presents several thermal challenges.",[],"液冷 的产业链传导涉及 3D Chips Stacking Thermal Management Stacking chips in integrated circuits, c...",neutral,,,,,industry_tech_irds_packaging_tutorial_2024,IRDS 2024 Executive Packaging Tutorial Part 1,51,AI,1,"3D Chips Stacking Thermal Management Stacking chips in integrated circuits, commonly known as 3D IC packaging, presents several thermal challenges.",0.78,2024,,auto,,,
claim_0d37a8eff2acb638,supply_chain,AI芯片,"AI芯片 的产业传导：IRDS 2024 Executive Packaging Tutorial Part 1：Current State (2024)—Typical micropillar pitches in advanced packaging technologies, such as flip-chip and 2.5D/3D ICs, are in the range of 40-100 µm.",[],AI芯片 的产业链传导涉及 Current State (2024)—Typical micropillar pitches in advanced packaging techno...,neutral,near_term,,,,industry_tech_irds_packaging_tutorial_2024,IRDS 2024 Executive Packaging Tutorial Part 1,54,Manufacturing Complexity—Creating and in,1,"Current State (2024)—Typical micropillar pitches in advanced packaging technologies, such as flip-chip and 2.5D/3D ICs, are in the range of 40-100 µm.",0.78,2024,,auto,,,
claim_443e9346a55c76fe,trend,AI芯片,"AI芯片 的技术趋势：IRDS 2024 Executive Packaging Tutorial Part 1：oved from larger pitch sizes (e.g., 250-300 µm) to much finer pitches (e.g., 60-80 µm).",[],"AI芯片 由 oved from larger pitch sizes (e.g., 250-300 µm) to much finer pitches (e.g., ... 驱动",neutral,,,,,industry_tech_irds_packaging_tutorial_2024,IRDS 2024 Executive Packaging Tutorial Part 1,54,Manufacturing Complexity—Creating and in,1,"oved from larger pitch sizes (e.g., 250-300 µm) to much finer pitches (e.g., 60-80 µm).",0.78,2024,,auto,,,
claim_ee1a7d6e39bb63a1,bottleneck,算力网络,算力网络 的约束或瓶颈：IRDS 2024 Executive Packaging Tutorial Part 1：o Improved electrical and thermal performance due to shorter interconnect paths.,[],算力网络 受 o Improved electrical and thermal performance due to shorter interconnect paths. 约束,negative,,,,,industry_tech_irds_packaging_tutorial_2024,IRDS 2024 Executive Packaging Tutorial Part 1,55,AI,1,o Improved electrical and thermal performance due to shorter interconnect paths.,0.78,2024,,auto,,,
claim_f1183e97da443355,supply_chain,算力网络,算力网络 的产业传导：IRDS 2024 Executive Packaging Tutorial Part 1：o Improved electrical and thermal performance due to shorter interconnect paths.,[],算力网络 的产业链传导涉及 o Improved electrical and thermal performance due to shorter interconnect paths.,neutral,,,,,industry_tech_irds_packaging_tutorial_2024,IRDS 2024 Executive Packaging Tutorial Part 1,55,AI,1,o Improved electrical and thermal performance due to shorter interconnect paths.,0.78,2024,,auto,,,
claim_78583471551f21c0,supply_chain,AI芯片,"AI芯片 的产业传导：IRDS 2024 Executive Packaging Tutorial Part 1：Advanced Packaging and 3D Integration (2020s) • TSV Spacing—5 µm to 10 µm • Context—In the 2020s, TSVs became increasingly critical in high-performance computing, AI accelerators, and other advanced applications.",[],AI芯片 的产业链传导涉及 Advanced Packaging and 3D Integration (2020s) • TSV Spacing—5 µm to 10 µm • C...,neutral,,,,,industry_tech_irds_packaging_tutorial_2024,IRDS 2024 Executive Packaging Tutorial Part 1,59,AI,1,"Advanced Packaging and 3D Integration (2020s) • TSV Spacing—5 µm to 10 µm • Context—In the 2020s, TSVs became increasingly critical in high-performance computing, AI accelerators, and other advanced applications.",0.78,2024,,auto,,,
claim_4cb916206d4bc7b0,bottleneck,液冷,"液冷 的约束或瓶颈：IRDS 2024 Executive Packaging Tutorial Part 1：Effective thermal management is crucial in applications where ICs operate at high power levels or in compact, high-density environments.",[],液冷 受 Effective thermal management is crucial in applications where ICs operate at ... 约束,negative,,,,,industry_tech_irds_packaging_tutorial_2024,IRDS 2024 Executive Packaging Tutorial Part 1,78,AI,1,"Effective thermal management is crucial in applications where ICs operate at high power levels or in compact, high-density environments.",0.78,2024,,auto,,,
claim_d06af99b0001d4e4,trend,AI芯片,"AI芯片 的技术趋势：IRDS 2024 Executive Packaging Tutorial Part 1：| | | | | 2.5D/3D IC Substrates | | Typically, these substrates are slightly larger than the die themselves, ranging from 20 mm x 20 mm to 40 mm x 40 mm or more.",[],"AI芯片 由 | | | | | 2.5D/3D IC Substrates | | Typically, these substrates are slightly ... 驱动",neutral,,,,,industry_tech_irds_packaging_tutorial_2024,IRDS 2024 Executive Packaging Tutorial Part 1,84,AI,1,"| | | | | 2.5D/3D IC Substrates | | Typically, these substrates are slightly larger than the die themselves, ranging from 20 mm x 20 mm to 40 mm x 40 mm or more.",0.78,2024,,auto,,,
claim_973826797216cac5,supply_chain,AI芯片,AI芯片 的产业传导：IRDS 2024 Executive Packaging Tutorial Part 1：SiP integrates multiple chiplets or dice into a single package using advanced 3D packaging techniques.,[],AI芯片 的产业链传导涉及 SiP integrates multiple chiplets or dice into a single package using advanced...,neutral,,,,,industry_tech_irds_packaging_tutorial_2024,IRDS 2024 Executive Packaging Tutorial Part 1,95,3D Integration—CoWoS allows for the stac,1,SiP integrates multiple chiplets or dice into a single package using advanced 3D packaging techniques.,0.78,2024,,auto,,,
claim_d998895eddeed8e3,bottleneck,液冷,"液冷 的约束或瓶颈：IRDS 2024 Executive Packaging Tutorial Part 1：Enhanced Thermal Management—The use of an interposer and the design of the CoWoS package can improve heat dissipation, which is essential for high-performance chips that generate significant amounts of heat.",[],液冷 受 Enhanced Thermal Management—The use of an interposer and the design of the Co... 约束,negative,,,,,industry_tech_irds_packaging_tutorial_2024,IRDS 2024 Executive Packaging Tutorial Part 1,95,AI,1,"Enhanced Thermal Management—The use of an interposer and the design of the CoWoS package can improve heat dissipation, which is essential for high-performance chips that generate significant amounts of heat.",0.78,2024,,auto,,,
claim_d6ea5ea938722301,mechanism,液冷,"液冷 的技术机理：IRDS 2024 Executive Packaging Tutorial Part 1：Enhanced Thermal Management—The use of an interposer and the design of the CoWoS package can improve heat dissipation, which is essential for high-performance chips that generate significant amounts of heat.",[],液冷 由 Enhanced Thermal Management—The use of an interposer and the design of the Co... 驱动,positive,,,,,industry_tech_irds_packaging_tutorial_2024,IRDS 2024 Executive Packaging Tutorial Part 1,95,AI,1,"Enhanced Thermal Management—The use of an interposer and the design of the CoWoS package can improve heat dissipation, which is essential for high-performance chips that generate significant amounts of heat.",0.78,2024,,auto,,,
claim_ce2314a092edb9f8,bottleneck,AI芯片,"AI芯片 的约束或瓶颈：IRDS 2024 Executive Packaging Tutorial Part 1：Advanced Packaging Technologies: o Foveros 3D Stacking—Intel’s Foveros technology enables 3D stacking of chiplets, where one tile can be stacked on top of another, significantly increasing density and performance while reducing latency.",[],AI芯片 受 Advanced Packaging Technologies: o Foveros 3D Stacking—Intel’s Foveros techno... 约束,negative,,,,,industry_tech_irds_packaging_tutorial_2024,IRDS 2024 Executive Packaging Tutorial Part 1,99,Xe-HPC Architecture:,1,"Advanced Packaging Technologies: o Foveros 3D Stacking—Intel’s Foveros technology enables 3D stacking of chiplets, where one tile can be stacked on top of another, significantly increasing density and performance while reducing latency.",0.78,2024,,auto,,,
claim_21b600ae8d0ff937,indicator,AI芯片,"AI芯片 的可跟踪指标：IRDS 2024 Executive Packaging Tutorial Part 1：Advanced Packaging Technologies: o Foveros 3D Stacking—Intel’s Foveros technology enables 3D stacking of chiplets, where one tile can be stacked on top of another, significantly increasing density and performance while reducing latency.",[],AI芯片 可通过 Advanced Packaging Technologies: o Foveros 3D Stacking—Intel’s Foveros techno... 跟踪,neutral,,latency,,,industry_tech_irds_packaging_tutorial_2024,IRDS 2024 Executive Packaging Tutorial Part 1,99,Xe-HPC Architecture:,1,"Advanced Packaging Technologies: o Foveros 3D Stacking—Intel’s Foveros technology enables 3D stacking of chiplets, where one tile can be stacked on top of another, significantly increasing density and performance while reducing latency.",0.78,2024,,auto,,,
claim_5b2eed74309a78eb,bottleneck,AI芯片,"AI芯片 的约束或瓶颈：IRDS 2024 Executive Packaging Tutorial Part 1：ts multiple HBM stacks, ensuring sufficient memory bandwidth to keep the GPU cores fed with data.",[],"AI芯片 受 ts multiple HBM stacks, ensuring sufficient memory bandwidth to keep the GPU ... 约束",negative,,,,,industry_tech_irds_packaging_tutorial_2024,IRDS 2024 Executive Packaging Tutorial Part 1,99,AI,1,"ts multiple HBM stacks, ensuring sufficient memory bandwidth to keep the GPU cores fed with data.",0.78,2024,,auto,,,
claim_45c8e7761ee805a6,bottleneck,AI芯片,"AI芯片 的约束或瓶颈：IRDS 2024 Executive Packaging Tutorial Part 1：o HBM2e Chiplets—The HBM2e memory is integrated as chiplets, providing high memory bandwidth directly on the package, reducing the need for external memory access and improving performance.",[],"AI芯片 受 o HBM2e Chiplets—The HBM2e memory is integrated as chiplets, providing high m... 约束",negative,,,,,industry_tech_irds_packaging_tutorial_2024,IRDS 2024 Executive Packaging Tutorial Part 1,100,Compute Chiplets:,1,"o HBM2e Chiplets—The HBM2e memory is integrated as chiplets, providing high memory bandwidth directly on the package, reducing the need for external memory access and improving performance.",0.78,2024,,auto,,,
claim_609fe56fc3acced2,supply_chain,AI芯片,"AI芯片 的产业传导：IRDS 2024 Executive Packaging Tutorial Part 1：icant leap in GPU design, leveraging SiP with a multi-chiplet architecture and advanced packaging technologies like Foveros and EMIB.",[],"AI芯片 的产业链传导涉及 icant leap in GPU design, leveraging SiP with a multi-chiplet architecture an...",neutral,,,,,industry_tech_irds_packaging_tutorial_2024,IRDS 2024 Executive Packaging Tutorial Part 1,100,AI,1,"icant leap in GPU design, leveraging SiP with a multi-chiplet architecture and advanced packaging technologies like Foveros and EMIB.",0.78,2024,,auto,,,
claim_b18aa8ca806560e8,supply_chain,AI芯片,"AI芯片 的产业传导：IRDS 2024 Executive Packaging Tutorial Part 1：o No Large Interposer Needed—Unlike traditional 2.5D packaging, which requires a large silicon interposer to connect chiplets, EMIB uses small, localized bridges, which simplifies the manufacturing process and reduces costs.",[],"AI芯片 的产业链传导涉及 o No Large Interposer Needed—Unlike traditional 2.5D packaging, which require...",neutral,,,,,industry_tech_irds_packaging_tutorial_2024,IRDS 2024 Executive Packaging Tutorial Part 1,101,High Bandwidth and Low Latency:,1,"o No Large Interposer Needed—Unlike traditional 2.5D packaging, which requires a large silicon interposer to connect chiplets, EMIB uses small, localized bridges, which simplifies the manufacturing process and reduces costs.",0.78,2024,,auto,,,
claim_52f9a46ed1d6b684,mechanism,AI芯片,"AI芯片 的技术机理：IRDS 2024 Executive Packaging Tutorial Part 1：o No Large Interposer Needed—Unlike traditional 2.5D packaging, which requires a large silicon interposer to connect chiplets, EMIB uses small, localized bridges, which simplifies the manufacturing process and reduces costs.",[],"AI芯片 由 o No Large Interposer Needed—Unlike traditional 2.5D packaging, which require... 驱动",positive,,,,,industry_tech_irds_packaging_tutorial_2024,IRDS 2024 Executive Packaging Tutorial Part 1,101,High Bandwidth and Low Latency:,1,"o No Large Interposer Needed—Unlike traditional 2.5D packaging, which requires a large silicon interposer to connect chiplets, EMIB uses small, localized bridges, which simplifies the manufacturing process and reduces costs.",0.78,2024,,auto,,,
claim_cbc7a8e8908d5054,bottleneck,AI芯片,"AI芯片 的约束或瓶颈：IRDS 2024 Executive Packaging Tutorial Part 1：EMIB provides a robust solution for horizontal chiplet integration, offering high bandwidth and low latency communication, while Foveros allows for vertical stacking, increasing transistor density and enabling heterogeneous integration.",[],"AI芯片 受 EMIB provides a robust solution for horizontal chiplet integration, offering ... 约束",negative,,,,,industry_tech_irds_packaging_tutorial_2024,IRDS 2024 Executive Packaging Tutorial Part 1,104,Interconnect vs. Stacking:,1,"EMIB provides a robust solution for horizontal chiplet integration, offering high bandwidth and low latency communication, while Foveros allows for vertical stacking, increasing transistor density and enabling heterogeneous integration.",0.78,2024,,auto,,,
claim_2179de41e79b5834,trend,AI芯片,"AI芯片 的技术趋势：MLPerf Inference Benchmark：Deng, “Open-sourcing fbgemm for state-of-the-art server-side inference,” https://engineering.fb.com/mlapplications/fbgemm/, Facebook, 2018.",[],"AI芯片 由 Deng, “Open-sourcing fbgemm for state-of-the-art server-side inference,” http... 驱动",neutral,,,,,industry_tech_mlperf_inference_2019,MLPerf Inference Benchmark,14,AI,1,"Deng, “Open-sourcing fbgemm for state-of-the-art server-side inference,” https://engineering.fb.com/mlapplications/fbgemm/, Facebook, 2018.",0.78,2019,,auto,,,
claim_22f06ca40622b1c3,mechanism,AI芯片,"AI芯片 的技术机理：Efficient Memory Management for Large Language Model Serving with PagedAttention：5.1 Kernel-level Optimization Since PagedAttention introduces memory access patterns that are not efficiently supported by existing systems, we develop several GPU kernels for optimizing it.",[],AI芯片 由 5.1 Kernel-level Optimization Since PagedAttention introduces memory access p... 驱动,positive,,,,,industry_tech_pagedattention_vllm_2023,Efficient Memory Management for Large Language Model Serving with PagedAttention,9,1 Kernel-level Optimization,2,"5.1 Kernel-level Optimization Since PagedAttention introduces memory access patterns that are not efficiently supported by existing systems, we develop several GPU kernels for optimizing it.",0.70,2023,,auto,,,
claim_e58547dd24fc641c,trend,AI芯片,"AI芯片 的技术趋势：Efficient Memory Management for Large Language Model Serving with PagedAttention：In the attention layers, the GPU workers read the KV cache according to the block table in the control message.",[],"AI芯片 由 In the attention layers, the GPU workers read the KV cache according to the b... 驱动",neutral,,,,,industry_tech_pagedattention_vllm_2023,Efficient Memory Management for Large Language Model Serving with PagedAttention,9,AI,2,"In the attention layers, the GPU workers read the KV cache according to the block table in the control message.",0.70,2023,,auto,,,
claim_b2997ec53e28af86,trend,AI芯片,AI芯片 的技术趋势：Efficient Memory Management for Large Language Model Serving with PagedAttention：High-throughput Generative Inference of Large,[],AI芯片 由 High-throughput Generative Inference of Large 驱动,neutral,,,,,industry_tech_pagedattention_vllm_2023,Efficient Memory Management for Large Language Model Serving with PagedAttention,15,AI,2,High-throughput Generative Inference of Large,0.70,2023,,auto,,,
claim_4a40874b227167e5,bottleneck,算力网络,"算力网络 的约束或瓶颈：UALink 200G 1.0 Specification：The protocols and interfaces defined in this specification are intended to support low latency Accelerator-to-Accelerator communication across System Nodes using direct read, write, and atomics transactions.",[],算力网络 受 The protocols and interfaces defined in this specification are intended to su... 约束,negative,,,,,industry_tech_ualink_200g_2025,UALink 200G 1.0 Specification,18,AI,1,"The protocols and interfaces defined in this specification are intended to support low latency Accelerator-to-Accelerator communication across System Nodes using direct read, write, and atomics transactions.",0.78,2025,,auto,,,
claim_9aa8e312a3c1c02a,mechanism,算力网络,"算力网络 的技术机理：UALink 200G 1.0 Specification：The protocols and interfaces defined in this specification are intended to support low latency Accelerator-to-Accelerator communication across System Nodes using direct read, write, and atomics transactions.",[],算力网络 由 The protocols and interfaces defined in this specification are intended to su... 驱动,positive,,,,,industry_tech_ualink_200g_2025,UALink 200G 1.0 Specification,18,AI,1,"The protocols and interfaces defined in this specification are intended to support low latency Accelerator-to-Accelerator communication across System Nodes using direct read, write, and atomics transactions.",0.78,2025,,auto,,,
claim_3dad35c504c37a73,trend,算力网络,算力网络 的技术趋势：UALink 200G 1.0 Specification：The Accelerator is further attached to a set of UALink Links (blue) that connect to a Switch and then on to another set of UALink links to the remote Accelerator allowing UPLI transactions to be routed between Accelerators in different System Nodes (accesses can also be routed between Accelerators in the same System Node).,[],算力网络 由 The Accelerator is further attached to a set of UALink Links (blue) that conn... 驱动,neutral,,,,,industry_tech_ualink_200g_2025,UALink 200G 1.0 Specification,18,AI,1,The Accelerator is further attached to a set of UALink Links (blue) that connect to a Switch and then on to another set of UALink links to the remote Accelerator allowing UPLI transactions to be routed between Accelerators in different System Nodes (accesses can also be routed between Accelerators in the same System Node).,0.78,2025,,auto,,,
claim_1c52137939b7258c,mechanism,算力网络,"算力网络 的技术机理：UALink 200G 1.0 Specification：| | Virtual Pod | A non-overlapping partition of a Pod where the Acclerators within the Virtual Pod may communicate with other Accelerators in the Virtual Pod, but no other Accelerators in the Pod.",[],算力网络 由 | | Virtual Pod | A non-overlapping partition of a Pod where the Acclerators ... 驱动,positive,,,,,industry_tech_ualink_200g_2025,UALink 200G 1.0 Specification,20,AI,1,"| | Virtual Pod | A non-overlapping partition of a Pod where the Acclerators within the Virtual Pod may communicate with other Accelerators in the Virtual Pod, but no other Accelerators in the Pod.",0.78,2025,,auto,,,
claim_456c6cf0915b08bf,mechanism,PCB,"PCB 的技术机理：UALink 200G 1.0 Specification：| | Virtual Pod | A non-overlapping partition of a Pod where the Acclerators within the Virtual Pod may communicate with other Accelerators in the Virtual Pod, but no other Accelerators in the Pod.",[],PCB 由 | | Virtual Pod | A non-overlapping partition of a Pod where the Acclerators ... 驱动,positive,,,,,industry_tech_ualink_200g_2025,UALink 200G 1.0 Specification,20,AI,1,"| | Virtual Pod | A non-overlapping partition of a Pod where the Acclerators within the Virtual Pod may communicate with other Accelerators in the Virtual Pod, but no other Accelerators in the Pod.",0.78,2025,,auto,,,
claim_ec73ebaa67b1ad78,trend,算力网络,算力网络 的技术趋势：UALink 200G 1.0 Specification：A virtual pod belongs to one user (aka Tenant).,[],算力网络 由 A virtual pod belongs to one user (aka Tenant). 驱动,neutral,,,,,industry_tech_ualink_200g_2025,UALink 200G 1.0 Specification,20,AI,1,A virtual pod belongs to one user (aka Tenant).,0.78,2025,,auto,,,
claim_bc44439ce0b84038,bottleneck,算力网络,算力网络 的约束或瓶颈：UALink 200G 1.0 Specification：1 Introduction 1.1 Multi-Node Accelerator System The main purpose of this specification is to enable low latency and efficient communication between Accelerators.,[],算力网络 受 1 Introduction 1.1 Multi-Node Accelerator System The main purpose of this spe... 约束,negative,,,,,industry_tech_ualink_200g_2025,UALink 200G 1.0 Specification,22,1 Multi-Node Accelerator System,1,1 Introduction 1.1 Multi-Node Accelerator System The main purpose of this specification is to enable low latency and efficient communication between Accelerators.,0.78,2025,,auto,,,
claim_c55e08a75684caef,indicator,算力网络,算力网络 的可跟踪指标：UALink 200G 1.0 Specification：1 Introduction 1.1 Multi-Node Accelerator System The main purpose of this specification is to enable low latency and efficient communication between Accelerators.,[],算力网络 可通过 1 Introduction 1.1 Multi-Node Accelerator System The main purpose of this spe... 跟踪,neutral,,latency,,,industry_tech_ualink_200g_2025,UALink 200G 1.0 Specification,22,1 Multi-Node Accelerator System,1,1 Introduction 1.1 Multi-Node Accelerator System The main purpose of this specification is to enable low latency and efficient communication between Accelerators.,0.78,2025,,auto,,,
claim_c9f7f039bb2c0b66,supply_chain,算力网络,"算力网络 的产业传导：UALink 200G 1.0 Specification：Since AI/ML workloads typically involve many Accelerators, software coherence enables applications to scale efficiently across scale-up Pods and scale-out clusters.",[],"算力网络 的产业链传导涉及 Since AI/ML workloads typically involve many Accelerators, software coherence...",neutral,,,,,industry_tech_ualink_200g_2025,UALink 200G 1.0 Specification,29,5 UALink Coherency,1,"Since AI/ML workloads typically involve many Accelerators, software coherence enables applications to scale efficiently across scale-up Pods and scale-out clusters.",0.78,2025,,auto,,,
claim_245ac373e0b9a8e0,mechanism,算力网络,"算力网络 的技术机理：UALink 200G 1.0 Specification：Since AI/ML workloads typically involve many Accelerators, software coherence enables applications to scale efficiently across scale-up Pods and scale-out clusters.",[],"算力网络 由 Since AI/ML workloads typically involve many Accelerators, software coherence... 驱动",positive,,,,,industry_tech_ualink_200g_2025,UALink 200G 1.0 Specification,29,5 UALink Coherency,1,"Since AI/ML workloads typically involve many Accelerators, software coherence enables applications to scale efficiently across scale-up Pods and scale-out clusters.",0.78,2025,,auto,,,
claim_9283a69d2219045b,bottleneck,AI芯片,"AI芯片 的约束或瓶颈：UCIe 2.0 Specification Continuing Innovation to Drive an Open Chiplet Ecosystem：Debendra Das Sharma Intel Senior Fellow and co-GM Memory and I/O Technologies Chair of UCIe Consortium Universal Chiplet Interconnect ExpressTM (UCIeTM) is an open industry standard interconnect offering high-bandwidth, low-latency, power-efficient, and cost-effective on-package connectivity between chiplets.",[],AI芯片 受 Debendra Das Sharma Intel Senior Fellow and co-GM Memory and I/O Technologies... 约束,negative,,,,,industry_tech_ucie_2_whitepaper_2024,UCIe 2.0 Specification Continuing Innovation to Drive an Open Chiplet Ecosystem,1,,1,"Debendra Das Sharma Intel Senior Fellow and co-GM Memory and I/O Technologies Chair of UCIe Consortium Universal Chiplet Interconnect ExpressTM (UCIeTM) is an open industry standard interconnect offering high-bandwidth, low-latency, power-efficient, and cost-effective on-package connectivity between chiplets.",0.78,2024,,auto,,,
claim_5b552434b653902d,supply_chain,AI芯片,"AI芯片 的产业传导：UCIe 2.0 Specification Continuing Innovation to Drive an Open Chiplet Ecosystem：Debendra Das Sharma Intel Senior Fellow and co-GM Memory and I/O Technologies Chair of UCIe Consortium Universal Chiplet Interconnect ExpressTM (UCIeTM) is an open industry standard interconnect offering high-bandwidth, low-latency, power-efficient, and cost-effective on-package connectivity between chiplets.",[],AI芯片 的产业链传导涉及 Debendra Das Sharma Intel Senior Fellow and co-GM Memory and I/O Technologies...,neutral,,,,,industry_tech_ucie_2_whitepaper_2024,UCIe 2.0 Specification Continuing Innovation to Drive an Open Chiplet Ecosystem,1,,1,"Debendra Das Sharma Intel Senior Fellow and co-GM Memory and I/O Technologies Chair of UCIe Consortium Universal Chiplet Interconnect ExpressTM (UCIeTM) is an open industry standard interconnect offering high-bandwidth, low-latency, power-efficient, and cost-effective on-package connectivity between chiplets.",0.78,2024,,auto,,,
claim_173f07fdab9cec4a,bottleneck,液冷,"液冷 的约束或瓶颈：UCIe 2.0 Specification Continuing Innovation to Drive an Open Chiplet Ecosystem：The mechanisms supported include discovery of chiplets and their conﬁguration; initialization of chiplet structures and parameters (i.e., serial EEPROM replacement); ﬁrmware download; power and thermal management; error reporting; telemetry; retrieval of log and crash dump information; test and debug; initiation and reporting of self-test status; and various aspects of chiplet security.",[],液冷 受 The mechanisms supported include discovery of chiplets and their conﬁguration... 约束,negative,,,,,industry_tech_ucie_2_whitepaper_2024,UCIe 2.0 Specification Continuing Innovation to Drive an Open Chiplet Ecosystem,2,,1,"The mechanisms supported include discovery of chiplets and their conﬁguration; initialization of chiplet structures and parameters (i.e., serial EEPROM replacement); ﬁrmware download; power and thermal management; error reporting; telemetry; retrieval of log and crash dump information; test and debug; initiation and reporting of self-test status; and various aspects of chiplet security.",0.78,2024,,auto,,,
claim_96c53801fe8ebeff,mechanism,液冷,"液冷 的技术机理：UCIe 2.0 Specification Continuing Innovation to Drive an Open Chiplet Ecosystem：The mechanisms supported include discovery of chiplets and their conﬁguration; initialization of chiplet structures and parameters (i.e., serial EEPROM replacement); ﬁrmware download; power and thermal management; error reporting; telemetry; retrieval of log and crash dump information; test and debug; initiation and reporting of self-test status; and various aspects of chiplet security.",[],液冷 由 The mechanisms supported include discovery of chiplets and their conﬁguration... 驱动,positive,,,,,industry_tech_ucie_2_whitepaper_2024,UCIe 2.0 Specification Continuing Innovation to Drive an Open Chiplet Ecosystem,2,,1,"The mechanisms supported include discovery of chiplets and their conﬁguration; initialization of chiplet structures and parameters (i.e., serial EEPROM replacement); ﬁrmware download; power and thermal management; error reporting; telemetry; retrieval of log and crash dump information; test and debug; initiation and reporting of self-test status; and various aspects of chiplet security.",0.78,2024,,auto,,,
claim_2da3e8e112357084,bottleneck,AI芯片,"AI芯片 的约束或瓶颈：UCIe 2.0 Specification Continuing Innovation to Drive an Open Chiplet Ecosystem：The mechanisms supported include discovery of chiplets and their conﬁguration; initialization of chiplet structures and parameters (i.e., serial EEPROM replacement); ﬁrmware download; power and thermal management; error reporting; telemetry; retrieval of log and crash dump information; test and debug; initiation and reporting of self-test status; and various aspects of chiplet security.",[],AI芯片 受 The mechanisms supported include discovery of chiplets and their conﬁguration... 约束,negative,,,,,industry_tech_ucie_2_whitepaper_2024,UCIe 2.0 Specification Continuing Innovation to Drive an Open Chiplet Ecosystem,2,,1,"The mechanisms supported include discovery of chiplets and their conﬁguration; initialization of chiplet structures and parameters (i.e., serial EEPROM replacement); ﬁrmware download; power and thermal management; error reporting; telemetry; retrieval of log and crash dump information; test and debug; initiation and reporting of self-test status; and various aspects of chiplet security.",0.78,2024,,auto,,,
claim_216fed1dce395707,mechanism,AI芯片,"AI芯片 的技术机理：UCIe 2.0 Specification Continuing Innovation to Drive an Open Chiplet Ecosystem：The mechanisms supported include discovery of chiplets and their conﬁguration; initialization of chiplet structures and parameters (i.e., serial EEPROM replacement); ﬁrmware download; power and thermal management; error reporting; telemetry; retrieval of log and crash dump information; test and debug; initiation and reporting of self-test status; and various aspects of chiplet security.",[],AI芯片 由 The mechanisms supported include discovery of chiplets and their conﬁguration... 驱动,positive,,,,,industry_tech_ucie_2_whitepaper_2024,UCIe 2.0 Specification Continuing Innovation to Drive an Open Chiplet Ecosystem,2,,1,"The mechanisms supported include discovery of chiplets and their conﬁguration; initialization of chiplet structures and parameters (i.e., serial EEPROM replacement); ﬁrmware download; power and thermal management; error reporting; telemetry; retrieval of log and crash dump information; test and debug; initiation and reporting of self-test status; and various aspects of chiplet security.",0.78,2024,,auto,,,
claim_af1841f8ba1eba3c,supply_chain,AI芯片,"AI芯片 的产业传导：UCIe 2.0 Specification Continuing Innovation to Drive an Open Chiplet Ecosystem：Figure 2: UCIe Management fabric across chiplets, encompassing multiple usage models The UCIe DFx architecture (UDA) comprehends test, telemetry, and debug and is covered through the management fabric.",[],"AI芯片 的产业链传导涉及 Figure 2: UCIe Management fabric across chiplets, encompassing multiple usage...",neutral,,,,,industry_tech_ucie_2_whitepaper_2024,UCIe 2.0 Specification Continuing Innovation to Drive an Open Chiplet Ecosystem,3,,1,"Figure 2: UCIe Management fabric across chiplets, encompassing multiple usage models The UCIe DFx architecture (UDA) comprehends test, telemetry, and debug and is covered through the management fabric.",0.78,2024,,auto,,,
claim_9355dc15ea44803e,indicator,AI芯片,"AI芯片 的可跟踪指标：UCIe 2.0 Specification Continuing Innovation to Drive an Open Chiplet Ecosystem：Vertically-Integrated Chiplets for Signiﬁcant Power Performance Improvements with UCIe-3D When the UCIe Consortium was formed in March 2022, we released the well-deﬁned UCIe 1.0 Speciﬁcation addressing planar connectivity (2D and 2.5D).",[],AI芯片 可通过 Vertically-Integrated Chiplets for Signiﬁcant Power Performance Improvements ... 跟踪,neutral,,,,,industry_tech_ucie_2_whitepaper_2024,UCIe 2.0 Specification Continuing Innovation to Drive an Open Chiplet Ecosystem,4,,1,"Vertically-Integrated Chiplets for Signiﬁcant Power Performance Improvements with UCIe-3D When the UCIe Consortium was formed in March 2022, we released the well-deﬁned UCIe 1.0 Speciﬁcation addressing planar connectivity (2D and 2.5D).",0.78,2024,,auto,,,
claim_c998467fcc8e8aea,mechanism,AI芯片,"AI芯片 的技术机理：UCIe 2.0 Specification Continuing Innovation to Drive an Open Chiplet Ecosystem：Vertically-Integrated Chiplets for Signiﬁcant Power Performance Improvements with UCIe-3D When the UCIe Consortium was formed in March 2022, we released the well-deﬁned UCIe 1.0 Speciﬁcation addressing planar connectivity (2D and 2.5D).",[],AI芯片 由 Vertically-Integrated Chiplets for Signiﬁcant Power Performance Improvements ... 驱动,positive,,,,,industry_tech_ucie_2_whitepaper_2024,UCIe 2.0 Specification Continuing Innovation to Drive an Open Chiplet Ecosystem,4,,1,"Vertically-Integrated Chiplets for Signiﬁcant Power Performance Improvements with UCIe-3D When the UCIe Consortium was formed in March 2022, we released the well-deﬁned UCIe 1.0 Speciﬁcation addressing planar connectivity (2D and 2.5D).",0.78,2024,,auto,,,
claim_e755adbf3ff026eb,trend,AI芯片,AI芯片 的技术趋势：UCIe 2.0 Specification Continuing Innovation to Drive an Open Chiplet Ecosystem：UCIe-3D offers the advantages of a real connection vs shore-line consumption with UCIe 2D/2.5D.,[],AI芯片 由 UCIe-3D offers the advantages of a real connection vs shore-line consumption ... 驱动,neutral,,,,,industry_tech_ucie_2_whitepaper_2024,UCIe 2.0 Specification Continuing Innovation to Drive an Open Chiplet Ecosystem,5,,1,UCIe-3D offers the advantages of a real connection vs shore-line consumption with UCIe 2D/2.5D.,0.78,2024,,auto,,,
claim_1b85b0d27664fee8,bottleneck,AI芯片,"AI芯片 的约束或瓶颈：UCIe 2.0 Specification Continuing Innovation to Drive an Open Chiplet Ecosystem：As shown in Table 1, even at 4 GT/s frequency, there are orders of magnitude improvement in bandwidth density over UCIe 2.5D at 32 GT/s (e.g., 300 TB/s/mm2 with UCIe-3D at 1 µm bump pitch vs 1.35 TB/s/mm2 with UCIe-2.5D at 25 µm bump pitch).",[],"AI芯片 受 As shown in Table 1, even at 4 GT/s frequency, there are orders of magnitude ... 约束",negative,,,,,industry_tech_ucie_2_whitepaper_2024,UCIe 2.0 Specification Continuing Innovation to Drive an Open Chiplet Ecosystem,6,,1,"As shown in Table 1, even at 4 GT/s frequency, there are orders of magnitude improvement in bandwidth density over UCIe 2.5D at 32 GT/s (e.g., 300 TB/s/mm2 with UCIe-3D at 1 µm bump pitch vs 1.35 TB/s/mm2 with UCIe-2.5D at 25 µm bump pitch).",0.78,2024,,auto,,,
claim_45e72aca4f066e78,indicator,AI芯片,"AI芯片 的可跟踪指标：UCIe 2.0 Specification Continuing Innovation to Drive an Open Chiplet Ecosystem：As shown in Table 1, even at 4 GT/s frequency, there are orders of magnitude improvement in bandwidth density over UCIe 2.5D at 32 GT/s (e.g., 300 TB/s/mm2 with UCIe-3D at 1 µm bump pitch vs 1.35 TB/s/mm2 with UCIe-2.5D at 25 µm bump pitch).",[],"AI芯片 可通过 As shown in Table 1, even at 4 GT/s frequency, there are orders of magnitude ... 跟踪",neutral,,bandwidth,4 GT/s,GT/s,industry_tech_ucie_2_whitepaper_2024,UCIe 2.0 Specification Continuing Innovation to Drive an Open Chiplet Ecosystem,6,,1,"As shown in Table 1, even at 4 GT/s frequency, there are orders of magnitude improvement in bandwidth density over UCIe 2.5D at 32 GT/s (e.g., 300 TB/s/mm2 with UCIe-3D at 1 µm bump pitch vs 1.35 TB/s/mm2 with UCIe-2.5D at 25 µm bump pitch).",0.78,2024,,auto,,,
claim_ecf4e7a1471fc329,mechanism,AI芯片,AI芯片 的技术机理：UCIe 2.0 Specification Continuing Innovation to Drive an Open Chiplet Ecosystem：The manageability and DFx enhancements signify | | the on-going commitment to improve existing approaches whereas UCIe-3D denotes our willingness | | to take on the necessary challenges of delivering exponential improvements in power-efifcient | | performance.,[],AI芯片 由 The manageability and DFx enhancements signify | | the on-going commitment to... 驱动,positive,,,,,industry_tech_ucie_2_whitepaper_2024,UCIe 2.0 Specification Continuing Innovation to Drive an Open Chiplet Ecosystem,6,Conclusion,1,The manageability and DFx enhancements signify | | the on-going commitment to improve existing approaches whereas UCIe-3D denotes our willingness | | to take on the necessary challenges of delivering exponential improvements in power-efifcient | | performance.,0.78,2024,,auto,,,
claim_0d6644e458818c82,supply_chain,AI芯片,"AI芯片 的产业传导：UCIe 2.0 Specification Continuing Innovation to Drive an Open Chiplet Ecosystem：| | --- | | To conclude, I would like to paint a vision of system-in-a-package with several UCIe-3D chiplet | | stacks connected using existing UCIe-2.5D and UCIe-2D planar interconnects and all the | | enhancements to come.",[],"AI芯片 的产业链传导涉及 | | --- | | To conclude, I would like to paint a vision of system-in-a-packag...",neutral,,,,,industry_tech_ucie_2_whitepaper_2024,UCIe 2.0 Specification Continuing Innovation to Drive an Open Chiplet Ecosystem,6,,1,"| | --- | | To conclude, I would like to paint a vision of system-in-a-package with several UCIe-3D chiplet | | stacks connected using existing UCIe-2.5D and UCIe-2D planar interconnects and all the | | enhancements to come.",0.78,2024,,auto,,,
claim_8a8a642052cd5b4a,mechanism,算力网络,"算力网络 的技术机理：Ultra Ethernet Specification v1.0.2：1 Introduction 1.1 Background The Ultra Ethernet Consortium (UEC) is an industry effort — involving many contributors including hyperscalers, system vendors, silicon providers, and others — with a mission to enhance Ethernet for use in AI and HPC.",[],算力网络 由 1 Introduction 1.1 Background The Ultra Ethernet Consortium (UEC) is an indus... 驱动,positive,,,,,industry_tech_ultra_ethernet_1_0_2_2026,Ultra Ethernet Specification v1.0.2,21,1 Background The Ultra Ethernet Consorti,1,"1 Introduction 1.1 Background The Ultra Ethernet Consortium (UEC) is an industry effort — involving many contributors including hyperscalers, system vendors, silicon providers, and others — with a mission to enhance Ethernet for use in AI and HPC.",0.78,2026,,auto,,,
claim_f4f3502f9b7cb3ce,trend,算力网络,"算力网络 的技术趋势：Ultra Ethernet Specification v1.0.2：1.1.2 UE Transport Profiles UET specifies three profiles: AI Base, AI Full, and HPC.",[],"算力网络 由 1.1.2 UE Transport Profiles UET specifies three profiles: AI Base, AI Full, a... 驱动",neutral,,,,,industry_tech_ultra_ethernet_1_0_2_2026,Ultra Ethernet Specification v1.0.2,22,2 UE Transport Profiles UET specifies th,1,"1.1.2 UE Transport Profiles UET specifies three profiles: AI Base, AI Full, and HPC.",0.78,2026,,auto,,,
claim_a8dd2b51fc9688b5,trend,算力网络,"算力网络 的技术趋势：Ultra Ethernet Specification v1.0.2：A port implements a single Media Access Control (MAC) as defined by IEEE Std 802.3, optionally including any UE specific extensions, as required by the UET profile it complies with.",[],算力网络 由 A port implements a single Media Access Control (MAC) as defined by IEEE Std ... 驱动,neutral,,,,,industry_tech_ultra_ethernet_1_0_2_2026,Ultra Ethernet Specification v1.0.2,38,AI,1,"A port implements a single Media Access Control (MAC) as defined by IEEE Std 802.3, optionally including any UE specific extensions, as required by the UET profile it complies with.",0.78,2026,,auto,,,
claim_6281f205b2fdbcf9,trend,算力网络,算力网络 的技术趋势：Ultra Ethernet Specification v1.0.2：UE targets the following four workloads: 1.,[],算力网络 由 UE targets the following four workloads: 1. 驱动,neutral,,,,,industry_tech_ultra_ethernet_1_0_2_2026,Ultra Ethernet Specification v1.0.2,45,1 Workloads [Informative] The informatio,1,UE targets the following four workloads: 1.,0.78,2026,,auto,,,
claim_c012f2625ee1e311,bottleneck,算力网络,"算力网络 的约束或瓶颈：Ultra Ethernet Specification v1.0.2：For lower latency, one can scale the operator dimension and decrease the",[],"算力网络 受 For lower latency, one can scale the operator dimension and decrease the 约束",negative,,,,,industry_tech_ultra_ethernet_1_0_2_2026,Ultra Ethernet Specification v1.0.2,45,1 Workloads [Informative] The informatio,1,"For lower latency, one can scale the operator dimension and decrease the",0.78,2026,,auto,,,
claim_e8be5be2dd74b6ea,mechanism,算力网络,"算力网络 的技术机理：Ultra Ethernet Specification v1.0.2：For lower latency, one can scale the operator dimension and decrease the",[],"算力网络 由 For lower latency, one can scale the operator dimension and decrease the 驱动",positive,,,,,industry_tech_ultra_ethernet_1_0_2_2026,Ultra Ethernet Specification v1.0.2,45,1 Workloads [Informative] The informatio,1,"For lower latency, one can scale the operator dimension and decrease the",0.78,2026,,auto,,,
claim_fb5ed7d4d994e1d5,indicator,算力网络,"算力网络 的可跟踪指标：Ultra Ethernet Specification v1.0.2：For a 10 msec service level objective, one would need approximately 150-200 GiB/s throughput.",[],"算力网络 可通过 For a 10 msec service level objective, one would need approximately 150-200 G... 跟踪",neutral,,throughput,10 ms,ms,industry_tech_ultra_ethernet_1_0_2_2026,Ultra Ethernet Specification v1.0.2,46,2 AI Inference Workloads AI inference wo,1,"For a 10 msec service level objective, one would need approximately 150-200 GiB/s throughput.",0.78,2026,,auto,,,
claim_aded27cb871da565,bottleneck,算力网络,"算力网络 的约束或瓶颈：Ultra Ethernet Specification v1.0.2：In practice, such models have high communication overheads (25-50%) with mostly small (single-packet) messages (2.5 kiB) in recurring patterns.",[],"算力网络 受 In practice, such models have high communication overheads (25-50%) with most... 约束",negative,,,,,industry_tech_ultra_ethernet_1_0_2_2026,Ultra Ethernet Specification v1.0.2,46,AI,1,"In practice, such models have high communication overheads (25-50%) with mostly small (single-packet) messages (2.5 kiB) in recurring patterns.",0.78,2026,,auto,,,
claim_2587e2330ed3d052,indicator,算力网络,"算力网络 的可跟踪指标：Ultra Ethernet Specification v1.0.2：In practice, such models have high communication overheads (25-50%) with mostly small (single-packet) messages (2.5 kiB) in recurring patterns.",[],"算力网络 可通过 In practice, such models have high communication overheads (25-50%) with most... 跟踪",neutral,,,-50%,%,industry_tech_ultra_ethernet_1_0_2_2026,Ultra Ethernet Specification v1.0.2,46,AI,1,"In practice, such models have high communication overheads (25-50%) with mostly small (single-packet) messages (2.5 kiB) in recurring patterns.",0.78,2026,,auto,,,
claim_36935c1475333d7d,supply_chain,算力网络,"算力网络 的产业传导：Ultra Ethernet Specification v1.0.2：In other words, a goal of UE is to enable the migration of applications, relying on these Applications & Frameworks UE defined APIs Color Coding *MPI *CCL SHMEM provisioning Other OFA Ultra Ethernet UEC NIC Vendor libfabric OpenFabrics (OFI) other provider UE vendor provider Kernel.org optional netlink User Mode NetDev Kernel Mode UE Vendor Kernel Mode Driver Hardware UE Vendor FEP Figure 1-11 - UE Software Endpoint Stack frameworks, to UE-powered nodes without requiring change.",[],"算力网络 的产业链传导涉及 In other words, a goal of UE is to enable the migration of applications, rely...",neutral,,,,,industry_tech_ultra_ethernet_1_0_2_2026,Ultra Ethernet Specification v1.0.2,47,"4 Client/Server (e.g., Storage Traffic)",1,"In other words, a goal of UE is to enable the migration of applications, relying on these Applications & Frameworks UE defined APIs Color Coding *MPI *CCL SHMEM provisioning Other OFA Ultra Ethernet UEC NIC Vendor libfabric OpenFabrics (OFI) other provider UE vendor provider Kernel.org optional netlink User Mode NetDev Kernel Mode UE Vendor Kernel Mode Driver Hardware UE Vendor FEP Figure 1-11 - UE Software Endpoint Stack frameworks, to UE-powered nodes without requiring change.",0.78,2026,,auto,,,
claim_64a24e840c7fcc2b,mechanism,算力网络,"算力网络 的技术机理：Ultra Ethernet Specification v1.0.2：In other words, a goal of UE is to enable the migration of applications, relying on these Applications & Frameworks UE defined APIs Color Coding *MPI *CCL SHMEM provisioning Other OFA Ultra Ethernet UEC NIC Vendor libfabric OpenFabrics (OFI) other provider UE vendor provider Kernel.org optional netlink User Mode NetDev Kernel Mode UE Vendor Kernel Mode Driver Hardware UE Vendor FEP Figure 1-11 - UE Software Endpoint Stack frameworks, to UE-powered nodes without requiring change.",[],"算力网络 由 In other words, a goal of UE is to enable the migration of applications, rely... 驱动",positive,,,,,industry_tech_ultra_ethernet_1_0_2_2026,Ultra Ethernet Specification v1.0.2,47,"4 Client/Server (e.g., Storage Traffic)",1,"In other words, a goal of UE is to enable the migration of applications, relying on these Applications & Frameworks UE defined APIs Color Coding *MPI *CCL SHMEM provisioning Other OFA Ultra Ethernet UEC NIC Vendor libfabric OpenFabrics (OFI) other provider UE vendor provider Kernel.org optional netlink User Mode NetDev Kernel Mode UE Vendor Kernel Mode Driver Hardware UE Vendor FEP Figure 1-11 - UE Software Endpoint Stack frameworks, to UE-powered nodes without requiring change.",0.78,2026,,auto,,,
claim_214c216e60dbaf34,supply_chain,PCB,"PCB 的产业传导：Ultra Ethernet Specification v1.0.2：In other words, a goal of UE is to enable the migration of applications, relying on these Applications & Frameworks UE defined APIs Color Coding *MPI *CCL SHMEM provisioning Other OFA Ultra Ethernet UEC NIC Vendor libfabric OpenFabrics (OFI) other provider UE vendor provider Kernel.org optional netlink User Mode NetDev Kernel Mode UE Vendor Kernel Mode Driver Hardware UE Vendor FEP Figure 1-11 - UE Software Endpoint Stack frameworks, to UE-powered nodes without requiring change.",[],"PCB 的产业链传导涉及 In other words, a goal of UE is to enable the migration of applications, rely...",neutral,,,,,industry_tech_ultra_ethernet_1_0_2_2026,Ultra Ethernet Specification v1.0.2,47,"4 Client/Server (e.g., Storage Traffic)",1,"In other words, a goal of UE is to enable the migration of applications, relying on these Applications & Frameworks UE defined APIs Color Coding *MPI *CCL SHMEM provisioning Other OFA Ultra Ethernet UEC NIC Vendor libfabric OpenFabrics (OFI) other provider UE vendor provider Kernel.org optional netlink User Mode NetDev Kernel Mode UE Vendor Kernel Mode Driver Hardware UE Vendor FEP Figure 1-11 - UE Software Endpoint Stack frameworks, to UE-powered nodes without requiring change.",0.78,2026,,auto,,,
claim_b236a9696fc77b3f,mechanism,PCB,"PCB 的技术机理：Ultra Ethernet Specification v1.0.2：In other words, a goal of UE is to enable the migration of applications, relying on these Applications & Frameworks UE defined APIs Color Coding *MPI *CCL SHMEM provisioning Other OFA Ultra Ethernet UEC NIC Vendor libfabric OpenFabrics (OFI) other provider UE vendor provider Kernel.org optional netlink User Mode NetDev Kernel Mode UE Vendor Kernel Mode Driver Hardware UE Vendor FEP Figure 1-11 - UE Software Endpoint Stack frameworks, to UE-powered nodes without requiring change.",[],"PCB 由 In other words, a goal of UE is to enable the migration of applications, rely... 驱动",positive,,,,,industry_tech_ultra_ethernet_1_0_2_2026,Ultra Ethernet Specification v1.0.2,47,"4 Client/Server (e.g., Storage Traffic)",1,"In other words, a goal of UE is to enable the migration of applications, relying on these Applications & Frameworks UE defined APIs Color Coding *MPI *CCL SHMEM provisioning Other OFA Ultra Ethernet UEC NIC Vendor libfabric OpenFabrics (OFI) other provider UE vendor provider Kernel.org optional netlink User Mode NetDev Kernel Mode UE Vendor Kernel Mode Driver Hardware UE Vendor FEP Figure 1-11 - UE Software Endpoint Stack frameworks, to UE-powered nodes without requiring change.",0.78,2026,,auto,,,
claim_3498fb4e75583673,trend,算力网络,"算力网络 的技术趋势：Ultra Ethernet Specification v1.0.2：Management Space SDN Controller (NMaaS) User Space Control Plane Application Containers UE Switch State Service (SWSS) e.g., Redis Switch Abstraction Interface (SAI) UE Technology Provider ASIC SDK Kernel Space Data Plane ASIC Drivers Hardware Switch Silicon UE Figure 1-12 - Switch Module Layering 1.4.4 Network Operating System (NOS) Interface The NOS provides essential services on switches for configuration and control.",[],算力网络 由 Management Space SDN Controller (NMaaS) User Space Control Plane Application ... 驱动,neutral,,,,,industry_tech_ultra_ethernet_1_0_2_2026,Ultra Ethernet Specification v1.0.2,48,3 Switch Software Stack Figure 1-12 show,1,"Management Space SDN Controller (NMaaS) User Space Control Plane Application Containers UE Switch State Service (SWSS) e.g., Redis Switch Abstraction Interface (SAI) UE Technology Provider ASIC SDK Kernel Space Data Plane ASIC Drivers Hardware Switch Silicon UE Figure 1-12 - Switch Module Layering 1.4.4 Network Operating System (NOS) Interface The NOS provides essential services on switches for configuration and control.",0.78,2026,,auto,,,
claim_c401723904cd2376,mechanism,AI芯片,"AI芯片 的技术机理：Ultra Ethernet Specification v1.0.2：Scale-up network 1.5.1.1 Frontend Network The frontend network is the operational network in datacenters that connects all compute nodes to the outside world (e.g., other datacenters or end customers on the Internet).",[],AI芯片 由 Scale-up network 1.5.1.1 Frontend Network The frontend network is the operati... 驱动,positive,,,,,industry_tech_ultra_ethernet_1_0_2_2026,Ultra Ethernet Specification v1.0.2,49,5 Networking,1,"Scale-up network 1.5.1.1 Frontend Network The frontend network is the operational network in datacenters that connects all compute nodes to the outside world (e.g., other datacenters or end customers on the Internet).",0.78,2026,,auto,,,
claim_a37704d4d0f8f4b5,mechanism,算力网络,"算力网络 的技术机理：Ultra Ethernet Specification v1.0.2：Scale-up network 1.5.1.1 Frontend Network The frontend network is the operational network in datacenters that connects all compute nodes to the outside world (e.g., other datacenters or end customers on the Internet).",[],算力网络 由 Scale-up network 1.5.1.1 Frontend Network The frontend network is the operati... 驱动,positive,,,,,industry_tech_ultra_ethernet_1_0_2_2026,Ultra Ethernet Specification v1.0.2,49,5 Networking,1,"Scale-up network 1.5.1.1 Frontend Network The frontend network is the operational network in datacenters that connects all compute nodes to the outside world (e.g., other datacenters or end customers on the Internet).",0.78,2026,,auto,,,
claim_4bd316343ec92661,bottleneck,算力网络,"算力网络 的约束或瓶颈：Ultra Ethernet Specification v1.0.2：An AI-oriented backend scale-out network might include special-purpose optimizations such as switch support for collective operations over bulk data, while an HPC-oriented backend scale-out network might support latency optimizations only for small collectives.",[],算力网络 受 An AI-oriented backend scale-out network might include special-purpose optimi... 约束,negative,,,,,industry_tech_ultra_ethernet_1_0_2_2026,Ultra Ethernet Specification v1.0.2,50,2 Backend Scale-out Network The backend,1,"An AI-oriented backend scale-out network might include special-purpose optimizations such as switch support for collective operations over bulk data, while an HPC-oriented backend scale-out network might support latency optimizations only for small collectives.",0.78,2026,,auto,,,
claim_b470b018b6d99118,mechanism,算力网络,"算力网络 的技术机理：Ultra Ethernet Specification v1.0.2：An AI-oriented backend scale-out network might include special-purpose optimizations such as switch support for collective operations over bulk data, while an HPC-oriented backend scale-out network might support latency optimizations only for small collectives.",[],算力网络 由 An AI-oriented backend scale-out network might include special-purpose optimi... 驱动,positive,,,,,industry_tech_ultra_ethernet_1_0_2_2026,Ultra Ethernet Specification v1.0.2,50,2 Backend Scale-out Network The backend,1,"An AI-oriented backend scale-out network might include special-purpose optimizations such as switch support for collective operations over bulk data, while an HPC-oriented backend scale-out network might support latency optimizations only for small collectives.",0.78,2026,,auto,,,
claim_6fbb28c91ce27ea1,trend,算力网络,"算力网络 的技术趋势：Ultra Ethernet Specification v1.0.2：UET mainly targets RDMA service and attempts to provide the best, modernized, and highly optimized transport service for carrying RDMA in AI and HPC workloads.",[],"算力网络 由 UET mainly targets RDMA service and attempts to provide the best, modernized,... 驱动",neutral,,,,,industry_tech_ultra_ethernet_1_0_2_2026,Ultra Ethernet Specification v1.0.2,52,2 UE Transport (UET) Objectives UET is f,1,"UET mainly targets RDMA service and attempts to provide the best, modernized, and highly optimized transport service for carrying RDMA in AI and HPC workloads.",0.78,2026,,auto,,,
claim_45f0d6d694db7803,mechanism,算力网络,算力网络 的技术机理：Ultra Ethernet Specification v1.0.2：| Characteristic (2024) | Frontend | Backend Scale-out | Scale-up | | --- | --- | --- | --- | | | (Intra Data Center) | | | | Note: 1.,[],算力网络 由 | Characteristic (2024) | Frontend | Backend Scale-out | Scale-up | | --- | -... 驱动,positive,near_term,,,,industry_tech_ultra_ethernet_1_0_2_2026,Ultra Ethernet Specification v1.0.2,52,2 UE Transport (UET) Objectives UET is f,1,| Characteristic (2024) | Frontend | Backend Scale-out | Scale-up | | --- | --- | --- | --- | | | (Intra Data Center) | | | | Note: 1.,0.78,2026,,auto,,,
claim_5102265aa54d7a62,mechanism,算力网络,"算力网络 的技术机理：Ultra Ethernet Specification v1.0.2：The intent is that when making trade-offs, the goal of | | supporting frontend or scale-up networks will not impact the performance of backend scale-out | | deployments and will not impact the schedule for this specification delivery.",[],"算力网络 由 The intent is that when making trade-offs, the goal of | | supporting fronten... 驱动",positive,,,,,industry_tech_ultra_ethernet_1_0_2_2026,Ultra Ethernet Specification v1.0.2,52,2 UE Transport (UET) Objectives UET is f,1,"The intent is that when making trade-offs, the goal of | | supporting frontend or scale-up networks will not impact the performance of backend scale-out | | deployments and will not impact the schedule for this specification delivery.",0.78,2026,,auto,,,
claim_8ae44bc192d2ebd2,bottleneck,算力网络,"算力网络 的约束或瓶颈：Ultra Ethernet Specification v1.0.2：### Table 1-2 - Characteristics of UET Deployment Model | Characteristic (2026+) | | Dedicated AI Training | Cloud AI/HPC | At Scale HPC | | --- | --- | --- | --- | --- | | | | Cluster | | | | Network scale (Ethernet ports) | 100k – 256k | | 256k | 80k – 256k | | Target unloaded one-way latency | 2 – 10 µs | | 2 – 10 µs | 2 – 10 µs | | Ethernet port speed | 800 G+ | | 400 G+ | 800 G+ | | Average network utilization | Up to 85% | | 20-40% overall BW 60-80% for AI cloud | Varies, 60-80% for BW-int",[],算力网络 受 ### Table 1-2 - Characteristics of UET Deployment Model | Characteristic (202... 约束,negative,near_term,,,,industry_tech_ultra_ethernet_1_0_2_2026,Ultra Ethernet Specification v1.0.2,52,2 UE Transport (UET) Objectives UET is f,1,"### Table 1-2 - Characteristics of UET Deployment Model | Characteristic (2026+) | | Dedicated AI Training | Cloud AI/HPC | At Scale HPC | | --- | --- | --- | --- | --- | | | | Cluster | | | | Network scale (Ethernet ports) | 100k – 256k | | 256k | 80k – 256k | | Target unloaded one-way latency | 2 – 10 µs | | 2 – 10 µs | 2 – 10 µs | | Ethernet port speed | 800 G+ | | 400 G+ | 800 G+ | | Average network utilization | Up to 85% | | 20-40% overall BW 60-80% for AI cloud | Varies, 60-80% for BW-int",0.78,2026,,auto,,,
claim_2e308d16c749d35c,indicator,算力网络,"算力网络 的可跟踪指标：Ultra Ethernet Specification v1.0.2：### Table 1-2 - Characteristics of UET Deployment Model | Characteristic (2026+) | | Dedicated AI Training | Cloud AI/HPC | At Scale HPC | | --- | --- | --- | --- | --- | | | | Cluster | | | | Network scale (Ethernet ports) | 100k – 256k | | 256k | 80k – 256k | | Target unloaded one-way latency | 2 – 10 µs | | 2 – 10 µs | 2 – 10 µs | | Ethernet port speed | 800 G+ | | 400 G+ | 800 G+ | | Average network utilization | Up to 85% | | 20-40% overall BW 60-80% for AI cloud | Varies, 60-80% for BW-int",[],算力网络 可通过 ### Table 1-2 - Characteristics of UET Deployment Model | Characteristic (202... 跟踪,neutral,near_term,latency,85%,%,industry_tech_ultra_ethernet_1_0_2_2026,Ultra Ethernet Specification v1.0.2,52,2 UE Transport (UET) Objectives UET is f,1,"### Table 1-2 - Characteristics of UET Deployment Model | Characteristic (2026+) | | Dedicated AI Training | Cloud AI/HPC | At Scale HPC | | --- | --- | --- | --- | --- | | | | Cluster | | | | Network scale (Ethernet ports) | 100k – 256k | | 256k | 80k – 256k | | Target unloaded one-way latency | 2 – 10 µs | | 2 – 10 µs | 2 – 10 µs | | Ethernet port speed | 800 G+ | | 400 G+ | 800 G+ | | Average network utilization | Up to 85% | | 20-40% overall BW 60-80% for AI cloud | Varies, 60-80% for BW-int",0.78,2026,,auto,,,
claim_482ff7fc71c5dee3,bottleneck,算力网络,"算力网络 的约束或瓶颈：Ultra Ethernet Specification v1.0.2：While UET provides excellent performance on best-effort networks leveraging multi-pathing and improved congestion control assisted by network telemetry, it is also architected to run on lossless networks.",[],算力网络 受 While UET provides excellent performance on best-effort networks leveraging m... 约束,negative,,,,,industry_tech_ultra_ethernet_1_0_2_2026,Ultra Ethernet Specification v1.0.2,53,3 Network Fabric The network fabric cons,1,"While UET provides excellent performance on best-effort networks leveraging multi-pathing and improved congestion control assisted by network telemetry, it is also architected to run on lossless networks.",0.78,2026,,auto,,,
claim_363464291a633ff0,mechanism,算力网络,"算力网络 的技术机理：Ultra Ethernet Specification v1.0.2：While UET provides excellent performance on best-effort networks leveraging multi-pathing and improved congestion control assisted by network telemetry, it is also architected to run on lossless networks.",[],算力网络 由 While UET provides excellent performance on best-effort networks leveraging m... 驱动,positive,,,,,industry_tech_ultra_ethernet_1_0_2_2026,Ultra Ethernet Specification v1.0.2,53,3 Network Fabric The network fabric cons,1,"While UET provides excellent performance on best-effort networks leveraging multi-pathing and improved congestion control assisted by network telemetry, it is also architected to run on lossless networks.",0.78,2026,,auto,,,
claim_dc16963fee8fd806,bottleneck,算力网络,算力网络 的约束或瓶颈：Ultra Ethernet Specification v1.0.2：This network is not latency-sensitive and typically has low bandwidth requirements.,[],算力网络 受 This network is not latency-sensitive and typically has low bandwidth require... 约束,negative,,,,,industry_tech_ultra_ethernet_1_0_2_2026,Ultra Ethernet Specification v1.0.2,54,2 Data Plane,1,This network is not latency-sensitive and typically has low bandwidth requirements.,0.78,2026,,auto,,,
claim_dddfcb59e89f25bf,bottleneck,算力网络,算力网络 的约束或瓶颈：Ultra Ethernet Specification v1.0.2：High network efficiency and reduced latency are achieved by allowing UET congestion management to enable mu,[],算力网络 受 High network efficiency and reduced latency are achieved by allowing UET cong... 约束,negative,,,,,industry_tech_ultra_ethernet_1_0_2_2026,Ultra Ethernet Specification v1.0.2,58,2 Transport Layer UE transport layer spe,1,High network efficiency and reduced latency are achieved by allowing UET congestion management to enable mu,0.78,2026,,auto,,,
claim_bac9445ac6a41d12,mechanism,算力网络,算力网络 的技术机理：Ultra Ethernet Specification v1.0.2：High network efficiency and reduced latency are achieved by allowing UET congestion management to enable mu,[],算力网络 由 High network efficiency and reduced latency are achieved by allowing UET cong... 驱动,positive,,,,,industry_tech_ultra_ethernet_1_0_2_2026,Ultra Ethernet Specification v1.0.2,58,2 Transport Layer UE transport layer spe,1,High network efficiency and reduced latency are achieved by allowing UET congestion management to enable mu,0.78,2026,,auto,,,
claim_3b8887d73f853fda,bottleneck,算力网络,算力网络 的约束或瓶颈：Ultra Ethernet Specification v1.0.2：High network efficiency and reduced latency are achieved by allowing UET congestion management to enable multi-path packet spraying across the fabric and avoid hot spots when congestion signals arrive.,[],算力网络 受 High network efficiency and reduced latency are achieved by allowing UET cong... 约束,negative,,,,,industry_tech_ultra_ethernet_1_0_2_2026,Ultra Ethernet Specification v1.0.2,58,AI,1,High network efficiency and reduced latency are achieved by allowing UET congestion management to enable multi-path packet spraying across the fabric and avoid hot spots when congestion signals arrive.,0.78,2026,,auto,,,
claim_fb186da82688016c,supply_chain,算力网络,算力网络 的产业传导：Ultra Ethernet Specification v1.0.2：High network efficiency and reduced latency are achieved by allowing UET congestion management to enable multi-path packet spraying across the fabric and avoid hot spots when congestion signals arrive.,[],算力网络 的产业链传导涉及 High network efficiency and reduced latency are achieved by allowing UET cong...,neutral,,,,,industry_tech_ultra_ethernet_1_0_2_2026,Ultra Ethernet Specification v1.0.2,58,AI,1,High network efficiency and reduced latency are achieved by allowing UET congestion management to enable multi-path packet spraying across the fabric and avoid hot spots when congestion signals arrive.,0.78,2026,,auto,,,
claim_6da5aea4aa67ea5f,bottleneck,算力网络,"算力网络 的约束或瓶颈：Ultra Ethernet Specification v1.0.2：UE does not require any changes to the network layer, but UET congestion management expects support for explicit congestion notification (ECN) as specified in IETF RFC 3168, but with the additional constraint of marking congested packets when dequeuing for transmission instead of enqueuing.",[],"算力网络 受 UE does not require any changes to the network layer, but UET congestion mana... 约束",negative,,,,,industry_tech_ultra_ethernet_1_0_2_2026,Ultra Ethernet Specification v1.0.2,59,3 Network Layer Optional UE network laye,1,"UE does not require any changes to the network layer, but UET congestion management expects support for explicit congestion notification (ECN) as specified in IETF RFC 3168, but with the additional constraint of marking congested packets when dequeuing for transmission instead of enqueuing.",0.78,2026,,auto,,,
claim_ec6fc598d6889725,mechanism,算力网络,"算力网络 的技术机理：Ultra Ethernet Specification v1.0.2：UE does not require any changes to the network layer, but UET congestion management expects support for explicit congestion notification (ECN) as specified in IETF RFC 3168, but with the additional constraint of marking congested packets when dequeuing for transmission instead of enqueuing.",[],"算力网络 由 UE does not require any changes to the network layer, but UET congestion mana... 驱动",positive,,,,,industry_tech_ultra_ethernet_1_0_2_2026,Ultra Ethernet Specification v1.0.2,59,3 Network Layer Optional UE network laye,1,"UE does not require any changes to the network layer, but UET congestion management expects support for explicit congestion notification (ECN) as specified in IETF RFC 3168, but with the additional constraint of marking congested packets when dequeuing for transmission instead of enqueuing.",0.78,2026,,auto,,,
claim_65132f6cb9a589d6,supply_chain,算力网络,算力网络 的产业传导：Ultra Ethernet Specification v1.0.2：The libfabric mapping specification defines how the libfabric v2.0 APIs are implemented using Ultra Ethernet Transport.,[],算力网络 的产业链传导涉及 The libfabric mapping specification defines how the libfabric v2.0 APIs are i...,neutral,,,,,industry_tech_ultra_ethernet_1_0_2_2026,Ultra Ethernet Specification v1.0.2,62,1 UE Software Overview The UEC develops,1,The libfabric mapping specification defines how the libfabric v2.0 APIs are implemented using Ultra Ethernet Transport.,0.78,2026,,auto,,,
claim_72574383bf77f5c0,supply_chain,算力网络,"算力网络 的产业传导：Ultra Ethernet Specification v1.0.2：2.2 UE Libfabric Mapping This document specifies the mapping between libfabric v2.0, also known as Open Fabrics Interfaces (OFI), and the Ultra Ethernet Transport (UET v1.0), as well as the requirements imposed on UET OFI providers.",[],算力网络 的产业链传导涉及 2.2 UE Libfabric Mapping This document specifies the mapping between libfabri...,neutral,,,,,industry_tech_ultra_ethernet_1_0_2_2026,Ultra Ethernet Specification v1.0.2,66,2 UE Libfabric Mapping This document spe,1,"2.2 UE Libfabric Mapping This document specifies the mapping between libfabric v2.0, also known as Open Fabrics Interfaces (OFI), and the Ultra Ethernet Transport (UET v1.0), as well as the requirements imposed on UET OFI providers.",0.78,2026,,auto,,,
claim_ea5f3c3a13e0b18f,trend,算力网络,算力网络 的技术趋势：Ultra Ethernet Specification v1.0.2：The three UET profiles in order of functionality (least to most) are: 1.,[],算力网络 由 The three UET profiles in order of functionality (least to most) are: 1. 驱动,neutral,,,,,industry_tech_ultra_ethernet_1_0_2_2026,Ultra Ethernet Specification v1.0.2,69,1 Application Use Cases Different applic,1,The three UET profiles in order of functionality (least to most) are: 1.,0.78,2026,,auto,,,
claim_208af9d7b31548d1,trend,算力网络,算力网络 的技术趋势：Ultra Ethernet Specification v1.0.2：### Table 2-3 - UET Application Categories | | Application Use Case | | Summary of Expected API Usage | | --- | --- | --- | --- | | *CCL | | • Reliable communication • Matching based on sender ID • Tagged messages using exact matching o With no guarantees about which tag matches if duplicate tags are used • Data transfers using RMA Write • Message and data ordering not required • Optional use of collective offload | | | *MPI | | • Reliable communication • Matching based on sender ID • Tagged mes,[],算力网络 由 ### Table 2-3 - UET Application Categories | | Application Use Case | | Summa... 驱动,neutral,,,,,industry_tech_ultra_ethernet_1_0_2_2026,Ultra Ethernet Specification v1.0.2,69,Table 2-3 - UET Application Categories,1,### Table 2-3 - UET Application Categories | | Application Use Case | | Summary of Expected API Usage | | --- | --- | --- | --- | | *CCL | | • Reliable communication • Matching based on sender ID • Tagged messages using exact matching o With no guarantees about which tag matches if duplicate tags are used • Data transfers using RMA Write • Message and data ordering not required • Optional use of collective offload | | | *MPI | | • Reliable communication • Matching based on sender ID • Tagged mes,0.78,2026,,auto,,,
claim_105c48eadf57784f,trend,PCB,PCB 的技术趋势：Ultra Ethernet Specification v1.0.2：### Table 2-3 - UET Application Categories | | Application Use Case | | Summary of Expected API Usage | | --- | --- | --- | --- | | *CCL | | • Reliable communication • Matching based on sender ID • Tagged messages using exact matching o With no guarantees about which tag matches if duplicate tags are used • Data transfers using RMA Write • Message and data ordering not required • Optional use of collective offload | | | *MPI | | • Reliable communication • Matching based on sender ID • Tagged mes,[],PCB 由 ### Table 2-3 - UET Application Categories | | Application Use Case | | Summa... 驱动,neutral,,,,,industry_tech_ultra_ethernet_1_0_2_2026,Ultra Ethernet Specification v1.0.2,69,Table 2-3 - UET Application Categories,1,### Table 2-3 - UET Application Categories | | Application Use Case | | Summary of Expected API Usage | | --- | --- | --- | --- | | *CCL | | • Reliable communication • Matching based on sender ID • Tagged messages using exact matching o With no guarantees about which tag matches if duplicate tags are used • Data transfers using RMA Write • Message and data ordering not required • Optional use of collective offload | | | *MPI | | • Reliable communication • Matching based on sender ID • Tagged mes,0.78,2026,,auto,,,
claim_7da68a5186fe1895,supply_chain,算力网络,算力网络 的产业传导：Ultra Ethernet Specification v1.0.2：### Table 2-4 - Per-Profile Libfabric Parameter Requirements | Structure | Field | Value(s) | | Required | | | | | Notes | | --- | --- | --- | --- | --- | --- | --- | --- | --- | --- | | | | | | AI | | AI | HPC | HPC | | | | | | | BASE | | FULL | | | | | fi info _ | | | | | | | | | | | | caps | FI LOCAL COMM _ _ FI REMOTE COMM _ _ FI MSG _ FI SEND _ FI RECV _ FI TAGGED (exact match)1 _ FI TAGGED (wildcard)1 _ FI DIRECTED RECV2 _ _ FI TAGGED DIRECTED RECV2 _ _ _ FI SELECTIVE COMPLETION _ _ FI SHA,"[""工业富联""]",算力网络 的产业链传导涉及 ### Table 2-4 - Per-Profile Libfabric Parameter Requirements | Structure | Fi...,neutral,,,,,industry_tech_ultra_ethernet_1_0_2_2026,Ultra Ethernet Specification v1.0.2,70,1 Application Use Cases Different applic,1,### Table 2-4 - Per-Profile Libfabric Parameter Requirements | Structure | Field | Value(s) | | Required | | | | | Notes | | --- | --- | --- | --- | --- | --- | --- | --- | --- | --- | | | | | | AI | | AI | HPC | HPC | | | | | | | BASE | | FULL | | | | | fi info _ | | | | | | | | | | | | caps | FI LOCAL COMM _ _ FI REMOTE COMM _ _ FI MSG _ FI SEND _ FI RECV _ FI TAGGED (exact match)1 _ FI TAGGED (wildcard)1 _ FI DIRECTED RECV2 _ _ FI TAGGED DIRECTED RECV2 _ _ _ FI SELECTIVE COMPLETION _ _ FI SHA,0.78,2026,mentioned,auto,,,
claim_6fdf20fff4cfc6b6,trend,算力网络,算力网络 的技术趋势：Ultra Ethernet Specification v1.0.2：| Structure | Field | Value(s) | | Required | | | | | Notes | | --- | --- | --- | --- | --- | --- | --- | --- | --- | --- | | | | | | AI | | AI | HPC | HPC | | | | | | | BASE | | FULL | | | | | | mr cnt _ | >= 8 | Y | | Y | | Y | | Floor is subject to overall availability of MR resources if MRs are a shared resource | | | tclass | FI TC BEST EFFORT _ _ _ FI TC UNSPEC _ _ DSCP value | Y Y Y | | Y Y Y | | Y Y Y | | Maps to default TC Maps to default TC | | | auth key size _ _ | 0 or 3 or FI AV AUT,[],算力网络 由 | Structure | Field | Value(s) | | Required | | | | | Notes | | --- | --- | -... 驱动,neutral,,,,,industry_tech_ultra_ethernet_1_0_2_2026,Ultra Ethernet Specification v1.0.2,71,1 Application Use Cases Different applic,1,| Structure | Field | Value(s) | | Required | | | | | Notes | | --- | --- | --- | --- | --- | --- | --- | --- | --- | --- | | | | | | AI | | AI | HPC | HPC | | | | | | | BASE | | FULL | | | | | | mr cnt _ | >= 8 | Y | | Y | | Y | | Floor is subject to overall availability of MR resources if MRs are a shared resource | | | tclass | FI TC BEST EFFORT _ _ _ FI TC UNSPEC _ _ DSCP value | Y Y Y | | Y Y Y | | Y Y Y | | Maps to default TC Maps to default TC | | | auth key size _ _ | 0 or 3 or FI AV AUT,0.78,2026,,auto,,,
claim_042ce5ac7ba957b5,trend,算力网络,"算力网络 的技术趋势：Ultra Ethernet Specification v1.0.2：Max PDU is the maximum payload of a single frame (i.e., UET payload) per definition in UE SES specification.",[],"算力网络 由 Max PDU is the maximum payload of a single frame (i.e., UET payload) per defi... 驱动",neutral,,,,,industry_tech_ultra_ethernet_1_0_2_2026,Ultra Ethernet Specification v1.0.2,72,1 Profile Negotiation and Inter-Profile,1,"Max PDU is the maximum payload of a single frame (i.e., UET payload) per definition in UE SES specification.",0.78,2026,,auto,,,
claim_4f220c25b4ad97c5,mechanism,算力网络,"算力网络 的技术机理：Ultra Ethernet Specification v1.0.2：### Table 2-5 - Application Use Case Mapping to UET Profiles | | Application Use Case | | UET Profile(s) with Optimal Use-Case Support | | --- | --- | --- | --- | | *CCL | | Any of AI Base, AI Full, or HPC | | | *MPI | | HPC | | | SHMEM | | Either AI Full or HPC | | | UD | | Any of AI Base, AI Full, or HPC | |",[],算力网络 由 ### Table 2-5 - Application Use Case Mapping to UET Profiles | | Application ... 驱动,positive,,,,,industry_tech_ultra_ethernet_1_0_2_2026,Ultra Ethernet Specification v1.0.2,72,1 Profile Negotiation and Inter-Profile,1,"### Table 2-5 - Application Use Case Mapping to UET Profiles | | Application Use Case | | UET Profile(s) with Optimal Use-Case Support | | --- | --- | --- | --- | | *CCL | | Any of AI Base, AI Full, or HPC | | | *MPI | | HPC | | | SHMEM | | Either AI Full or HPC | | | UD | | Any of AI Base, AI Full, or HPC | |",0.78,2026,,auto,,,
claim_9f491c2fb83d4f32,mechanism,PCB,"PCB 的技术机理：Ultra Ethernet Specification v1.0.2：### Table 2-5 - Application Use Case Mapping to UET Profiles | | Application Use Case | | UET Profile(s) with Optimal Use-Case Support | | --- | --- | --- | --- | | *CCL | | Any of AI Base, AI Full, or HPC | | | *MPI | | HPC | | | SHMEM | | Either AI Full or HPC | | | UD | | Any of AI Base, AI Full, or HPC | |",[],PCB 由 ### Table 2-5 - Application Use Case Mapping to UET Profiles | | Application ... 驱动,positive,,,,,industry_tech_ultra_ethernet_1_0_2_2026,Ultra Ethernet Specification v1.0.2,72,1 Profile Negotiation and Inter-Profile,1,"### Table 2-5 - Application Use Case Mapping to UET Profiles | | Application Use Case | | UET Profile(s) with Optimal Use-Case Support | | --- | --- | --- | --- | | *CCL | | Any of AI Base, AI Full, or HPC | | | *MPI | | HPC | | | SHMEM | | Either AI Full or HPC | | | UD | | Any of AI Base, AI Full, or HPC | |",0.78,2026,,auto,,,
claim_63180c95fb848b8b,indicator,算力网络,算力网络 的可跟踪指标：Ultra Ethernet Specification v1.0.2：Table 2-7 - Libfabric UET Provider Configuration Parameters,[],算力网络 可通过 Table 2-7 - Libfabric UET Provider Configuration Parameters 跟踪,neutral,,parameters,,,industry_tech_ultra_ethernet_1_0_2_2026,Ultra Ethernet Specification v1.0.2,73,3 Configuration Information The libfabri,1,Table 2-7 - Libfabric UET Provider Configuration Parameters,0.78,2026,,auto,,,
claim_b519fe3decaa88a1,supply_chain,算力网络,算力网络 的产业传导：Ultra Ethernet Specification v1.0.2：Table 2-7 - Libfabric UET Provider Configuration Parameters,[],算力网络 的产业链传导涉及 Table 2-7 - Libfabric UET Provider Configuration Parameters,neutral,,,,,industry_tech_ultra_ethernet_1_0_2_2026,Ultra Ethernet Specification v1.0.2,73,3 Configuration Information The libfabri,1,Table 2-7 - Libfabric UET Provider Configuration Parameters,0.78,2026,,auto,,,
claim_857cf39a53b715a0,indicator,算力网络,算力网络 的可跟踪指标：Ultra Ethernet Specification v1.0.2：### Table 2-7 - Libfabric UET Provider Configuration Parameters | | Parameter | | Data Type | | Description | | --- | --- | --- | --- | --- | --- | | UET PROVIDER SERVICE PATH _ _ _ | | string | | Environment variable specifying the path name for an optional service configuration file containing user-defined service name strings and associated Indices.,[],算力网络 可通过 ### Table 2-7 - Libfabric UET Provider Configuration Parameters | | Parameter... 跟踪,neutral,,parameters,,,industry_tech_ultra_ethernet_1_0_2_2026,Ultra Ethernet Specification v1.0.2,73,3 Configuration Information The libfabri,1,### Table 2-7 - Libfabric UET Provider Configuration Parameters | | Parameter | | Data Type | | Description | | --- | --- | --- | --- | --- | --- | | UET PROVIDER SERVICE PATH _ _ _ | | string | | Environment variable specifying the path name for an optional service configuration file containing user-defined service name strings and associated Indices.,0.78,2026,,auto,,,
claim_5fa59e9eb3ab9f1a,supply_chain,算力网络,算力网络 的产业传导：Ultra Ethernet Specification v1.0.2：### Table 2-7 - Libfabric UET Provider Configuration Parameters | | Parameter | | Data Type | | Description | | --- | --- | --- | --- | --- | --- | | UET PROVIDER SERVICE PATH _ _ _ | | string | | Environment variable specifying the path name for an optional service configuration file containing user-defined service name strings and associated Indices.,[],算力网络 的产业链传导涉及 ### Table 2-7 - Libfabric UET Provider Configuration Parameters | | Parameter...,neutral,,,,,industry_tech_ultra_ethernet_1_0_2_2026,Ultra Ethernet Specification v1.0.2,73,3 Configuration Information The libfabri,1,### Table 2-7 - Libfabric UET Provider Configuration Parameters | | Parameter | | Data Type | | Description | | --- | --- | --- | --- | --- | --- | | UET PROVIDER SERVICE PATH _ _ _ | | string | | Environment variable specifying the path name for an optional service configuration file containing user-defined service name strings and associated Indices.,0.78,2026,,auto,,,
claim_84ccecfec0a973f8,supply_chain,算力网络,算力网络 的产业传导：Ultra Ethernet Specification v1.0.2：MUST be 0 | | | PIDonFEP | | 16 | | Process ID in context of fabric endpoint Meaning depends on the address mode | | | Fabric Address | | 128 | | IP address | | | Start Resource Index | | 12 | | Service Identifier • Index 0 is reserved for a UET provider-to-provider control channel o No standardized provider-to-provider control channel operations have been defined o The provider-to-provider control channel MAY be used for vendor-specific operations | | | Num Resource Indices | | 12 | | Number of,[],算力网络 的产业链传导涉及 MUST be 0 | | | PIDonFEP | | 16 | | Process ID in context of fabric endpoint ...,neutral,,,,,industry_tech_ultra_ethernet_1_0_2_2026,Ultra Ethernet Specification v1.0.2,83,1 Libfabric Addressing Libfabric provide,1,MUST be 0 | | | PIDonFEP | | 16 | | Process ID in context of fabric endpoint Meaning depends on the address mode | | | Fabric Address | | 128 | | IP address | | | Start Resource Index | | 12 | | Service Identifier • Index 0 is reserved for a UET provider-to-provider control channel o No standardized provider-to-provider control channel operations have been defined o The provider-to-provider control channel MAY be used for vendor-specific operations | | | Num Resource Indices | | 12 | | Number of,0.78,2026,,auto,,,
claim_397670ee484ff8be,supply_chain,算力网络,算力网络 的产业传导：Ultra Ethernet Specification v1.0.2：#define UET_ADDR_FLAG_FEP_CAP_V (1 << 0) /* FEP capabilities valid flag */ #define UET_ADDR_FLAG_FA_V (1 << 1) /* fabric address valid flag */ #define UET_ADDR_FLAG_PID_V (1 << 2) /* PIDonFEP valid flag */ #define UET_ADDR_FLAG_RI_V (1 << 3) /* resource index valid flag */ #define UET_ADDR_FLAG_INI_V (1 << 4) /* initiator id valid flag */ #define UET_ADDR_FLAG_ABS_MODE (1 << 5) /* absolute address mode */ #define UET_ADDR_FLAG_REL_MODE (0 << 5) /* relative address mode */ #define UET_ADDR_FLAG_I,[],算力网络 的产业链传导涉及 #define UET_ADDR_FLAG_FEP_CAP_V (1 << 0) /* FEP capabilities valid flag */ #d...,neutral,,,,,industry_tech_ultra_ethernet_1_0_2_2026,Ultra Ethernet Specification v1.0.2,84,AI,1,#define UET_ADDR_FLAG_FEP_CAP_V (1 << 0) /* FEP capabilities valid flag */ #define UET_ADDR_FLAG_FA_V (1 << 1) /* fabric address valid flag */ #define UET_ADDR_FLAG_PID_V (1 << 2) /* PIDonFEP valid flag */ #define UET_ADDR_FLAG_RI_V (1 << 3) /* resource index valid flag */ #define UET_ADDR_FLAG_INI_V (1 << 4) /* initiator id valid flag */ #define UET_ADDR_FLAG_ABS_MODE (1 << 5) /* absolute address mode */ #define UET_ADDR_FLAG_REL_MODE (0 << 5) /* relative address mode */ #define UET_ADDR_FLAG_I,0.78,2026,,auto,,,
claim_28bc364707ce36fe,mechanism,算力网络,算力网络 的技术机理：Ultra Ethernet Specification v1.0.2：The valid flags enable requests for specific components of a UET address on the fi getinfo() API (see section _ 2.2.5.2.2) and the fi endpoint() API (see section 2.2.5.3.5).,[],算力网络 由 The valid flags enable requests for specific components of a UET address on t... 驱动,positive,,,,,industry_tech_ultra_ethernet_1_0_2_2026,Ultra Ethernet Specification v1.0.2,84,AI,1,The valid flags enable requests for specific components of a UET address on the fi getinfo() API (see section _ 2.2.5.2.2) and the fi endpoint() API (see section 2.2.5.3.5).,0.78,2026,,auto,,,
claim_4f18c76d5340ca90,supply_chain,算力网络,算力网络 的产业传导：Ultra Ethernet Specification v1.0.2：| Informative Text: | | --- | | The Resource Index field of the UET address enables a multi-threaded application supporting multiple | | services to open a libfabric endpoint for each service.,[],算力网络 的产业链传导涉及 | Informative Text: | | --- | | The Resource Index field of the UET address e...,neutral,,,,,industry_tech_ultra_ethernet_1_0_2_2026,Ultra Ethernet Specification v1.0.2,84,2) and the fi_endpoint() API (see sectio,1,| Informative Text: | | --- | | The Resource Index field of the UET address enables a multi-threaded application supporting multiple | | services to open a libfabric endpoint for each service.,0.78,2026,,auto,,,
claim_887bf2436c74e4d4,mechanism,算力网络,算力网络 的技术机理：Ultra Ethernet Specification v1.0.2：| Informative Text: | | --- | | The Resource Index field of the UET address enables a multi-threaded application supporting multiple | | services to open a libfabric endpoint for each service.,[],算力网络 由 | Informative Text: | | --- | | The Resource Index field of the UET address e... 驱动,positive,,,,,industry_tech_ultra_ethernet_1_0_2_2026,Ultra Ethernet Specification v1.0.2,84,2) and the fi_endpoint() API (see sectio,1,| Informative Text: | | --- | | The Resource Index field of the UET address enables a multi-threaded application supporting multiple | | services to open a libfabric endpoint for each service.,0.78,2026,,auto,,,
claim_8d0029ca2d1a765b,mechanism,算力网络,算力网络 的技术机理：Ultra Ethernet Specification v1.0.2：### Table 2-22 - fi_msg() Send API Requirements | | fi msg() API _ | | Description | | Requirements | | SES Opcode | | --- | --- | --- | --- | --- | --- | --- | --- | | fi send _ | | The fi send() API transfers _ data to a remote endpoint | | API MUST be supported | | UET DATAGRAM SEND for _ _ FI EP DGRAM endpoint type _ _ UET SEND for FI EP RDM _ _ _ endpoint type | | | fi sendv _ | | The fi sendv() API adds _ support for a scattergather list to the fi send() _ API | | API MUST be supported Max,[],算力网络 由 ### Table 2-22 - fi_msg() Send API Requirements | | fi msg() API _ | | Descri... 驱动,positive,,,,,industry_tech_ultra_ethernet_1_0_2_2026,Ultra Ethernet Specification v1.0.2,98,Table 2-22 - fi_msg() Send API Requirements,1,### Table 2-22 - fi_msg() Send API Requirements | | fi msg() API _ | | Description | | Requirements | | SES Opcode | | --- | --- | --- | --- | --- | --- | --- | --- | | fi send _ | | The fi send() API transfers _ data to a remote endpoint | | API MUST be supported | | UET DATAGRAM SEND for _ _ FI EP DGRAM endpoint type _ _ UET SEND for FI EP RDM _ _ _ endpoint type | | | fi sendv _ | | The fi sendv() API adds _ support for a scattergather list to the fi send() _ API | | API MUST be supported Max,0.78,2026,,auto,,,
claim_15a5d25b0161d1f4,trend,算力网络,"算力网络 的技术趋势：Ultra Ethernet Specification v1.0.2：For the AI Full profile, messages with sizes >= UET_PROVIDER_MSG_RENDEZVOUS_SIZE bytes SHOULD be sent with the UET_DEFERRABLE_SEND semantic opcode.",[],"算力网络 由 For the AI Full profile, messages with sizes >= UET_PROVIDER_MSG_RENDEZVOUS_S... 驱动",neutral,,,,,industry_tech_ultra_ethernet_1_0_2_2026,Ultra Ethernet Specification v1.0.2,100,1 Unexpected Messages Unexpected message,1,"For the AI Full profile, messages with sizes >= UET_PROVIDER_MSG_RENDEZVOUS_SIZE bytes SHOULD be sent with the UET_DEFERRABLE_SEND semantic opcode.",0.78,2026,,auto,,,
claim_3f8ca19f6d934397,mechanism,算力网络,"算力网络 的技术机理：Ultra Ethernet Specification v1.0.2：If wildcard tags are not supported, the UET provider MUST fail the API request if any of the ignore bits are set The HPC profile MUST support wildcard tag matching | | fi trecvv _ | Like fi recvv() but with a tag _ | API MUST be supported by AI Full and HPC profiles | | fi trecvmsg _ | Like fi recvmsg() but with a tag _ | API MUST be supported by AI Full and HPC profiles |",[],"算力网络 由 If wildcard tags are not supported, the UET provider MUST fail the API reques... 驱动",positive,,,,,industry_tech_ultra_ethernet_1_0_2_2026,Ultra Ethernet Specification v1.0.2,101,1 Tagged Message Initiator ID Matching,1,"If wildcard tags are not supported, the UET provider MUST fail the API request if any of the ignore bits are set The HPC profile MUST support wildcard tag matching | | fi trecvv _ | Like fi recvv() but with a tag _ | API MUST be supported by AI Full and HPC profiles | | fi trecvmsg _ | Like fi recvmsg() but with a tag _ | API MUST be supported by AI Full and HPC profiles |",0.78,2026,,auto,,,
claim_8d0960c79aefdd04,mechanism,算力网络,算力网络 的技术机理：Ultra Ethernet Specification v1.0.2：### Table 2-24 - fi_tagged() Send API Requirements | | fi tagged() API _ | | Description | | Requirements | | SES Opcode | | --- | --- | --- | --- | --- | --- | --- | --- | | fi tsend _ | | Like fi send() but with tag _ | | API MUST be supported by AI Full and HPC profiles | | AI Full profile: • UET TAGGED SEND or _ _ • UET DEFERRABLE TSEND _ _ Use of UET TAGGED SEND vs.,[],算力网络 由 ### Table 2-24 - fi_tagged() Send API Requirements | | fi tagged() API _ | | ... 驱动,positive,,,,,industry_tech_ultra_ethernet_1_0_2_2026,Ultra Ethernet Specification v1.0.2,101,Table 2-24 - fi_tagged() Send API Requirements,1,### Table 2-24 - fi_tagged() Send API Requirements | | fi tagged() API _ | | Description | | Requirements | | SES Opcode | | --- | --- | --- | --- | --- | --- | --- | --- | | fi tsend _ | | Like fi send() but with tag _ | | API MUST be supported by AI Full and HPC profiles | | AI Full profile: • UET TAGGED SEND or _ _ • UET DEFERRABLE TSEND _ _ Use of UET TAGGED SEND vs.,0.78,2026,,auto,,,
claim_e3521771a8afe888,mechanism,算力网络,算力网络 的技术机理：Ultra Ethernet Specification v1.0.2：Implementations of the HPC profile MUST support setting the src_addr parameter of the fi_tagged() APIs to reference a specific source UET address.,[],算力网络 由 Implementations of the HPC profile MUST support setting the src_addr paramete... 驱动,positive,,,,,industry_tech_ultra_ethernet_1_0_2_2026,Ultra Ethernet Specification v1.0.2,102,2 Tagged Message Rendezvous The tagged m,1,Implementations of the HPC profile MUST support setting the src_addr parameter of the fi_tagged() APIs to reference a specific source UET address.,0.78,2026,,auto,,,
claim_02dd49fc86689702,mechanism,算力网络,算力网络 的技术机理：Ultra Ethernet Specification v1.0.2：### Table 2-25 - fi_rma() API Requirements | | fi rma() API _ | | Description | | Requirements | | SES Opcode | | --- | --- | --- | --- | --- | --- | --- | --- | | fi read _ | | The fi read() API requests that the _ remote endpoint transfer data from the remote memory region into the local data buffer | | API MUST be supported by AI Full and HPC profiles | | UET READ _ | | | fi readv _ | | The fi readv() API adds support for a _ scatter-gather list to fi read() _ | | Same as fi read() _ Maximum ,[],算力网络 由 ### Table 2-25 - fi_rma() API Requirements | | fi rma() API _ | | Description... 驱动,positive,,,,,industry_tech_ultra_ethernet_1_0_2_2026,Ultra Ethernet Specification v1.0.2,103,Table 2-25 - fi_rma() API Requirements,1,### Table 2-25 - fi_rma() API Requirements | | fi rma() API _ | | Description | | Requirements | | SES Opcode | | --- | --- | --- | --- | --- | --- | --- | --- | | fi read _ | | The fi read() API requests that the _ remote endpoint transfer data from the remote memory region into the local data buffer | | API MUST be supported by AI Full and HPC profiles | | UET READ _ | | | fi readv _ | | The fi readv() API adds support for a _ scatter-gather list to fi read() _ | | Same as fi read() _ Maximum ,0.78,2026,,auto,,,
claim_42c3c75684f0f0f8,bottleneck,算力网络,"算力网络 的约束或瓶颈：Ultra Ethernet Specification v1.0.2：_ | | API MUST be supported by all profiles The message size used with fi inject atomic() is _ _ limited by the inject size _ attribute of the transmit context, which is vendor specific | | UET ATOMIC _ | | | fi fetch atomic _ _ | | Fetching version of fi atomic() _ | | API MUST be supported by AI Full and HPC profiles | | UET FETCHING ATOMIC _ _ | | | fi fetch atomicv _ _ | | Fetching version of fi atomicv() _ | | API MUST be supported by AI Full and HPC profiles | | UET FETCHING ATOMIC _ _ | |","[""工业富联""]",算力网络 受 _ | | API MUST be supported by all profiles The message size used with fi inj... 约束,negative,,,,,industry_tech_ultra_ethernet_1_0_2_2026,Ultra Ethernet Specification v1.0.2,105,4 fi_atomic() APIs,1,"_ | | API MUST be supported by all profiles The message size used with fi inject atomic() is _ _ limited by the inject size _ attribute of the transmit context, which is vendor specific | | UET ATOMIC _ | | | fi fetch atomic _ _ | | Fetching version of fi atomic() _ | | API MUST be supported by AI Full and HPC profiles | | UET FETCHING ATOMIC _ _ | | | fi fetch atomicv _ _ | | Fetching version of fi atomicv() _ | | API MUST be supported by AI Full and HPC profiles | | UET FETCHING ATOMIC _ _ | |",0.78,2026,mentioned,auto,,,
claim_479a598232e17c16,mechanism,算力网络,"算力网络 的技术机理：Ultra Ethernet Specification v1.0.2：_ | | API MUST be supported by all profiles The message size used with fi inject atomic() is _ _ limited by the inject size _ attribute of the transmit context, which is vendor specific | | UET ATOMIC _ | | | fi fetch atomic _ _ | | Fetching version of fi atomic() _ | | API MUST be supported by AI Full and HPC profiles | | UET FETCHING ATOMIC _ _ | | | fi fetch atomicv _ _ | | Fetching version of fi atomicv() _ | | API MUST be supported by AI Full and HPC profiles | | UET FETCHING ATOMIC _ _ | |","[""工业富联""]",算力网络 由 _ | | API MUST be supported by all profiles The message size used with fi inj... 驱动,positive,,,,,industry_tech_ultra_ethernet_1_0_2_2026,Ultra Ethernet Specification v1.0.2,105,4 fi_atomic() APIs,1,"_ | | API MUST be supported by all profiles The message size used with fi inject atomic() is _ _ limited by the inject size _ attribute of the transmit context, which is vendor specific | | UET ATOMIC _ | | | fi fetch atomic _ _ | | Fetching version of fi atomic() _ | | API MUST be supported by AI Full and HPC profiles | | UET FETCHING ATOMIC _ _ | | | fi fetch atomicv _ _ | | Fetching version of fi atomicv() _ | | API MUST be supported by AI Full and HPC profiles | | UET FETCHING ATOMIC _ _ | |",0.78,2026,mentioned,auto,,,
claim_8243cd7bafe9abc1,trend,算力网络,"算力网络 的技术趋势：Ultra Ethernet Specification v1.0.2：FI HMEM HOST ALLOC, and _ _ _ _ _ _ _ _ FI MR DMABUF flags _ _ | |",[],"算力网络 由 FI HMEM HOST ALLOC, and _ _ _ _ _ _ _ _ FI MR DMABUF flags _ _ | | 驱动",neutral,,,,,industry_tech_ultra_ethernet_1_0_2_2026,Ultra Ethernet Specification v1.0.2,106,5 Collective APIs,1,"FI HMEM HOST ALLOC, and _ _ _ _ _ _ _ _ FI MR DMABUF flags _ _ | |",0.78,2026,,auto,,,
claim_88451e18f8a4a762,trend,算力网络,算力网络 的技术趋势：Ultra Ethernet Specification v1.0.2：2.2.6 Packet Delivery Modes This section specifies how the UET packet delivery mode is selected.,[],算力网络 由 2.2.6 Packet Delivery Modes This section specifies how the UET packet deliver... 驱动,neutral,,,,,industry_tech_ultra_ethernet_1_0_2_2026,Ultra Ethernet Specification v1.0.2,107,6 Libfabric API Error Codes The SES spec,1,2.2.6 Packet Delivery Modes This section specifies how the UET packet delivery mode is selected.,0.78,2026,,auto,,,
claim_fc667e565e27434f,trend,算力网络,"算力网络 的技术趋势：Ultra Ethernet Specification v1.0.2：The selection is based on the operation type, the message ordering modes that are configured, and vendor-specific policy.",[],"算力网络 由 The selection is based on the operation type, the message ordering modes that... 驱动",neutral,,,,,industry_tech_ultra_ethernet_1_0_2_2026,Ultra Ethernet Specification v1.0.2,108,7 Traffic Classes The SES sublayer is aw,1,"The selection is based on the operation type, the message ordering modes that are configured, and vendor-specific policy.",0.78,2026,,auto,,,
claim_9afb655af6c8fc56,trend,PCB,"PCB 的技术趋势：Ultra Ethernet Specification v1.0.2：The selection is based on the operation type, the message ordering modes that are configured, and vendor-specific policy.",[],"PCB 由 The selection is based on the operation type, the message ordering modes that... 驱动",neutral,,,,,industry_tech_ultra_ethernet_1_0_2_2026,Ultra Ethernet Specification v1.0.2,108,7 Traffic Classes The SES sublayer is aw,1,"The selection is based on the operation type, the message ordering modes that are configured, and vendor-specific policy.",0.78,2026,,auto,,,
claim_317de983ebc247d9,supply_chain,算力网络,算力网络 的产业传导：Ultra Ethernet Specification v1.0.2：### Remaining data: RUD | Implementation Note: | | --- | | Other sublayers of UET use additional traffic classes with associated DSCP values for services that are | | not visible to the libfabric provider.,[],算力网络 的产业链传导涉及 ### Remaining data: RUD | Implementation Note: | | --- | | Other sublayers of...,neutral,,,,,industry_tech_ultra_ethernet_1_0_2_2026,Ultra Ethernet Specification v1.0.2,108,Remaining data: RUD,1,### Remaining data: RUD | Implementation Note: | | --- | | Other sublayers of UET use additional traffic classes with associated DSCP values for services that are | | not visible to the libfabric provider.,0.78,2026,,auto,,,
claim_6a5f3080a3e278b1,supply_chain,PCB,PCB 的产业传导：Ultra Ethernet Specification v1.0.2：### Remaining data: RUD | Implementation Note: | | --- | | Other sublayers of UET use additional traffic classes with associated DSCP values for services that are | | not visible to the libfabric provider.,[],PCB 的产业链传导涉及 ### Remaining data: RUD | Implementation Note: | | --- | | Other sublayers of...,neutral,,,,,industry_tech_ultra_ethernet_1_0_2_2026,Ultra Ethernet Specification v1.0.2,108,Remaining data: RUD,1,### Remaining data: RUD | Implementation Note: | | --- | | Other sublayers of UET use additional traffic classes with associated DSCP values for services that are | | not visible to the libfabric provider.,0.78,2026,,auto,,,
claim_0bf5fd3b6de236eb,bottleneck,算力网络,"算力网络 的约束或瓶颈：Ultra Ethernet Specification v1.0.2：3 UE Transport Layer The Ultra Ethernet Transport (UET) layer is designed to handle the most challenging application scale, deliver packets reliably and securely, manage and avoid congestion within the network, and react to contention at the endpoints.",[],算力网络 受 3 UE Transport Layer The Ultra Ethernet Transport (UET) layer is designed to ... 约束,negative,,,,,industry_tech_ultra_ethernet_1_0_2_2026,Ultra Ethernet Specification v1.0.2,122,"1 UET Scope, Scale, and Reach This secti",1,"3 UE Transport Layer The Ultra Ethernet Transport (UET) layer is designed to handle the most challenging application scale, deliver packets reliably and securely, manage and avoid congestion within the network, and react to contention at the endpoints.",0.78,2026,,auto,,,
claim_85a5079f423bd4b8,mechanism,算力网络,"算力网络 的技术机理：Ultra Ethernet Specification v1.0.2：3 UE Transport Layer The Ultra Ethernet Transport (UET) layer is designed to handle the most challenging application scale, deliver packets reliably and securely, manage and avoid congestion within the network, and react to contention at the endpoints.",[],算力网络 由 3 UE Transport Layer The Ultra Ethernet Transport (UET) layer is designed to ... 驱动,positive,,,,,industry_tech_ultra_ethernet_1_0_2_2026,Ultra Ethernet Specification v1.0.2,122,"1 UET Scope, Scale, and Reach This secti",1,"3 UE Transport Layer The Ultra Ethernet Transport (UET) layer is designed to handle the most challenging application scale, deliver packets reliably and securely, manage and avoid congestion within the network, and react to contention at the endpoints.",0.78,2026,,auto,,,
claim_40e7dd0c666b1dda,bottleneck,数据中心,"数据中心 的约束或瓶颈：Ultra Ethernet Specification v1.0.2：3 UE Transport Layer The Ultra Ethernet Transport (UET) layer is designed to handle the most challenging application scale, deliver packets reliably and securely, manage and avoid congestion within the network, and react to contention at the endpoints.",[],数据中心 受 3 UE Transport Layer The Ultra Ethernet Transport (UET) layer is designed to ... 约束,negative,,,,,industry_tech_ultra_ethernet_1_0_2_2026,Ultra Ethernet Specification v1.0.2,122,"1 UET Scope, Scale, and Reach This secti",1,"3 UE Transport Layer The Ultra Ethernet Transport (UET) layer is designed to handle the most challenging application scale, deliver packets reliably and securely, manage and avoid congestion within the network, and react to contention at the endpoints.",0.78,2026,,auto,,,
claim_09a4fb3f8619eea4,mechanism,数据中心,"数据中心 的技术机理：Ultra Ethernet Specification v1.0.2：3 UE Transport Layer The Ultra Ethernet Transport (UET) layer is designed to handle the most challenging application scale, deliver packets reliably and securely, manage and avoid congestion within the network, and react to contention at the endpoints.",[],数据中心 由 3 UE Transport Layer The Ultra Ethernet Transport (UET) layer is designed to ... 驱动,positive,,,,,industry_tech_ultra_ethernet_1_0_2_2026,Ultra Ethernet Specification v1.0.2,122,"1 UET Scope, Scale, and Reach This secti",1,"3 UE Transport Layer The Ultra Ethernet Transport (UET) layer is designed to handle the most challenging application scale, deliver packets reliably and securely, manage and avoid congestion within the network, and react to contention at the endpoints.",0.78,2026,,auto,,,
claim_283635a1c2ec4f14,mechanism,算力网络,算力网络 的技术机理：Ultra Ethernet Specification v1.0.2：UET opportunistically considers support for frontend networks while not preventing applications in the scale-up network.,[],算力网络 由 UET opportunistically considers support for frontend networks while not preve... 驱动,positive,,,,,industry_tech_ultra_ethernet_1_0_2_2026,Ultra Ethernet Specification v1.0.2,122,AI,1,UET opportunistically considers support for frontend networks while not preventing applications in the scale-up network.,0.78,2026,,auto,,,
claim_d15241684faf999a,mechanism,算力网络,算力网络 的技术机理：Ultra Ethernet Specification v1.0.2：Figure 3-2 - UET Packet Structure 3.2.1 Semantic Sublayer (SES) The objective of UET’s semantic sublayer is to provide high-performance and highly scalable messaging to enable specialized AI and fully featured HPC deployments.,[],算力网络 由 Figure 3-2 - UET Packet Structure 3.2.1 Semantic Sublayer (SES) The objective... 驱动,positive,,,,,industry_tech_ultra_ethernet_1_0_2_2026,Ultra Ethernet Specification v1.0.2,125,1 Semantic Sublayer (SES) The objective,1,Figure 3-2 - UET Packet Structure 3.2.1 Semantic Sublayer (SES) The objective of UET’s semantic sublayer is to provide high-performance and highly scalable messaging to enable specialized AI and fully featured HPC deployments.,0.78,2026,,auto,,,
claim_f6c30b5340e68f4d,trend,算力网络,"算力网络 的技术趋势：Ultra Ethernet Specification v1.0.2：Unreliable, unordered delivery (UUD): As with most transport layers, UET provides an unreliable packet delivery mode.",[],"算力网络 由 Unreliable, unordered delivery (UUD): As with most transport layers, UET prov... 驱动",neutral,,,,,industry_tech_ultra_ethernet_1_0_2_2026,Ultra Ethernet Specification v1.0.2,127,"Reliable, unordered delivery for operati",1,"Unreliable, unordered delivery (UUD): As with most transport layers, UET provides an unreliable packet delivery mode.",0.78,2026,,auto,,,
claim_3455493c07ee3bc0,bottleneck,算力网络,算力网络 的约束或瓶颈：Ultra Ethernet Specification v1.0.2：Both RUDI and UUD traffic are not subject to UET congestion control and therefore it is not recommended for their traffic to share the same traffic class with either ROD or RUD traffic.,[],算力网络 受 Both RUDI and UUD traffic are not subject to UET congestion control and there... 约束,negative,,,,,industry_tech_ultra_ethernet_1_0_2_2026,Ultra Ethernet Specification v1.0.2,127,"Reliable, unordered delivery for operati",1,Both RUDI and UUD traffic are not subject to UET congestion control and therefore it is not recommended for their traffic to share the same traffic class with either ROD or RUD traffic.,0.78,2026,,auto,,,
claim_608ef12f161d4824,bottleneck,PCB,PCB 的约束或瓶颈：Ultra Ethernet Specification v1.0.2：Both RUDI and UUD traffic are not subject to UET congestion control and therefore it is not recommended for their traffic to share the same traffic class with either ROD or RUD traffic.,[],PCB 受 Both RUDI and UUD traffic are not subject to UET congestion control and there... 约束,negative,,,,,industry_tech_ultra_ethernet_1_0_2_2026,Ultra Ethernet Specification v1.0.2,127,"Reliable, unordered delivery for operati",1,Both RUDI and UUD traffic are not subject to UET congestion control and therefore it is not recommended for their traffic to share the same traffic class with either ROD or RUD traffic.,0.78,2026,,auto,,,
claim_e32ab1683b0ba563,bottleneck,算力网络,算力网络 的约束或瓶颈：Ultra Ethernet Specification v1.0.2：3.2.3 Congestion Management Sublayer (CMS) UET’s congestion management involves the combination of mechanisms for window-based congestion control and load balancing that is performed at each FEP.,[],算力网络 受 3.2.3 Congestion Management Sublayer (CMS) UET’s congestion management involv... 约束,negative,,,,,industry_tech_ultra_ethernet_1_0_2_2026,Ultra Ethernet Specification v1.0.2,128,3 Congestion Management Sublayer (CMS) U,1,3.2.3 Congestion Management Sublayer (CMS) UET’s congestion management involves the combination of mechanisms for window-based congestion control and load balancing that is performed at each FEP.,0.78,2026,,auto,,,
claim_22ed510146b034fb,trend,算力网络,算力网络 的技术趋势：Ultra Ethernet Specification v1.0.2：| Informative Text | | --- | | UET does not use connections but defines various packet transport modes.,[],算力网络 由 | Informative Text | | --- | | UET does not use connections but defines vario... 驱动,neutral,,,,,industry_tech_ultra_ethernet_1_0_2_2026,Ultra Ethernet Specification v1.0.2,128,3 Congestion Management Sublayer (CMS) U,1,| Informative Text | | --- | | UET does not use connections but defines various packet transport modes.,0.78,2026,,auto,,,
claim_75c2e47867373f03,trend,算力网络,算力网络 的技术趋势：Ultra Ethernet Specification v1.0.2：3.3 Profiles and Capabilities [normative] UET covers various application use cases utilizing different communication libraries and services with differing communication requirements for both HPC and AI.,[],算力网络 由 3.3 Profiles and Capabilities [normative] UET covers various application use ... 驱动,neutral,,,,,industry_tech_ultra_ethernet_1_0_2_2026,Ultra Ethernet Specification v1.0.2,131,7 Error Handling Each layer may generate,1,3.3 Profiles and Capabilities [normative] UET covers various application use cases utilizing different communication libraries and services with differing communication requirements for both HPC and AI.,0.78,2026,,auto,,,
claim_b078d082c9f192bd,trend,算力网络,算力网络 的技术趋势：Ultra Ethernet Specification v1.0.2：The following tables assume familiarity with the respective UET subsections.,[],算力网络 由 The following tables assume familiarity with the respective UET subsections. 驱动,neutral,,,,,industry_tech_ultra_ethernet_1_0_2_2026,Ultra Ethernet Specification v1.0.2,131,1 SES Transactions Table 3-1 defines the,1,The following tables assume familiarity with the respective UET subsections.,0.78,2026,,auto,,,
claim_fe1c2559368c0e7a,supply_chain,算力网络,算力网络 的产业传导：Ultra Ethernet Specification v1.0.2：### Table 3-1 - Profile Requirements for Supporting libfabric Transactions | Transaction | Description | AI Base | AI Full | HPC | | --- | --- | --- | --- | --- | | NO OP _ | Null message as defined by the UET NO OP _ _ opcode in SES section 3.4.6.2 | MUST | MUST | MUST | | SEND | Send a message that uses the buffer at head of the receive queue | MUST support at least 1 payload MTU request size | MUST support 4GB-1 request size | MUST support 4GB-1 request size | | DATAGRAM SEND | Used for UUD |,[],算力网络 的产业链传导涉及 ### Table 3-1 - Profile Requirements for Supporting libfabric Transactions | ...,neutral,,,,,industry_tech_ultra_ethernet_1_0_2_2026,Ultra Ethernet Specification v1.0.2,132,2 Buffer Addressing Mechanisms Implement,1,### Table 3-1 - Profile Requirements for Supporting libfabric Transactions | Transaction | Description | AI Base | AI Full | HPC | | --- | --- | --- | --- | --- | | NO OP _ | Null message as defined by the UET NO OP _ _ opcode in SES section 3.4.6.2 | MUST | MUST | MUST | | SEND | Send a message that uses the buffer at head of the receive queue | MUST support at least 1 payload MTU request size | MUST support 4GB-1 request size | MUST support 4GB-1 request size | | DATAGRAM SEND | Used for UUD |,0.78,2026,,auto,,,
claim_c9c4d7b980605101,mechanism,算力网络,算力网络 的技术机理：Ultra Ethernet Specification v1.0.2：### Table 3-1 - Profile Requirements for Supporting libfabric Transactions | Transaction | Description | AI Base | AI Full | HPC | | --- | --- | --- | --- | --- | | NO OP _ | Null message as defined by the UET NO OP _ _ opcode in SES section 3.4.6.2 | MUST | MUST | MUST | | SEND | Send a message that uses the buffer at head of the receive queue | MUST support at least 1 payload MTU request size | MUST support 4GB-1 request size | MUST support 4GB-1 request size | | DATAGRAM SEND | Used for UUD |,[],算力网络 由 ### Table 3-1 - Profile Requirements for Supporting libfabric Transactions | ... 驱动,positive,,,,,industry_tech_ultra_ethernet_1_0_2_2026,Ultra Ethernet Specification v1.0.2,132,2 Buffer Addressing Mechanisms Implement,1,### Table 3-1 - Profile Requirements for Supporting libfabric Transactions | Transaction | Description | AI Base | AI Full | HPC | | --- | --- | --- | --- | --- | | NO OP _ | Null message as defined by the UET NO OP _ _ opcode in SES section 3.4.6.2 | MUST | MUST | MUST | | SEND | Send a message that uses the buffer at head of the receive queue | MUST support at least 1 payload MTU request size | MUST support 4GB-1 request size | MUST support 4GB-1 request size | | DATAGRAM SEND | Used for UUD |,0.78,2026,,auto,,,
