evidence_id,claim_id,source_report_id,source_title,page,section,source_tier,text,as_of_date,quality
evidence_a27c8be776dfee72,claim_718cd680ce91b639,annual_000938_2025,2025年年度报告,39,市值管理制度和估值提升计划的制定落实情况,1,实现归属于上市公司股东的扣除非经常性损益的净利润16.35亿元，同比增长12.26%,2025,high
evidence_9c4d4129e01b3cce,claim_8f7931151f780f89,annual_000938_2025,2025年年度报告,16,主营业务分析,1,公司深化推进“算力×联接”战略，聚焦智算和国产化领域,2025,medium
evidence_3c3d3e1269fb91ff,claim_1ca7b303e456db62,annual_000938_2025,2025年年度报告,16,主营业务分析,1,公司深化推进“算力×联接”战略，聚焦智算和国产化领域,2025,medium
evidence_3542a534e14d8e9c,claim_17a9034acac8aa62,annual_000938_2025,2025年年度报告,18,核心竞争力,1,公司发布H3C UniStor Polaris X20000 系列多个新款型,2025,high
evidence_b85aba47bdfbf492,claim_1a76131c6a5e475e,annual_000938_2025,2025年年度报告,14,优质的客户资源和丰富的数字化转型实践经验,1,中国X86服务器市场份额12.5%，位列第三,2025,medium
evidence_c825576e6cb199ad,claim_21601efb6f564694,annual_000938_2025,2025年年度报告,24,单位：元,1,"表格：2024年研发费用5,101,818,089.81元",2025,medium
evidence_5d9651aa2a8fb4bc,claim_7f468d86f99ff665,annual_000938_2025,2025年年度报告,17,力利用率，关键部件实现液冷散热，为万亿参数模型训练提供强大支持，兼具高效与绿色特性。,1,发布基于国产关键芯片与核心元器件的800G 国芯智算交换机,2025,medium
evidence_70e6dc83988edbb2,claim_3ecb647b4264a73b,annual_000938_2025,2025年年度报告,17,力利用率，关键部件实现液冷散热，为万亿参数模型训练提供强大支持，兼具高效与绿色特性。,1,发布基于国产关键芯片与核心元器件的800G 国芯智算交换机,2025,medium
evidence_298b6db42fd29eed,claim_b516cfe00ba56b44,annual_000938_2025,2025年年度报告,17,力利用率，关键部件实现液冷散热，为万亿参数模型训练提供强大支持，兼具高效与绿色特性。,1,发布基于国产关键芯片与核心元器件的800G 国芯智算交换机,2025,medium
evidence_df533270253d3893,claim_e58cd7cd0c1bcf14,annual_000938_2025,2025年年度报告,32,√适用 □不适用,1,4、法律风险：因相关法律法规发生变化或交易对手违反相关法律法规，可能造成合约无法正常执行而给公司带来损失。,2025,high
evidence_9470592405d4755b,claim_62cbc8c6b7971e12,annual_000938_2025,2025年年度报告,15,覆盖全球的销售网络,1,同上,2025,medium
evidence_e7bfc4fb1f045cf6,claim_db16bcccac98a8f2,annual_000938_2025,2025年年度报告,36,资金需求及使用计划,1,致力于成为以“AI in ALL”为核心的全球化云网边端解决方案服务商,2025,high
evidence_46002849673ca812,claim_bf755ba88fa647bc,annual_000938_2025,2025年年度报告,8,注册变更情况,1,作为数字化及AI解决方案领导者，公司提供全栈智能化的信息通信（ICT）基础设施、云与智能平台，以及数字化转型及智能化升级解决方案。,2025,high
evidence_9707e23637d032c1,claim_369325682d0ee64e,annual_000938_2025,2025年年度报告,16,主营业务分析,1,公司实现归属于上市公司股东的净利润16.86亿元,2025,medium
evidence_d4fe1cb51860429b,claim_373d8356d6e9917a,annual_000938_2025,2025年年度报告,35,公司未来发展的展望,1,公司将持续深化智算技术创新，进行产品迭代升级,2025,medium
evidence_396b483c523eeac8,claim_910bc7e4f9d2267f,annual_000938_2025,2025年年度报告,26,费用,1,完成数据中心控制器 7.4 版本发布,2025,medium
evidence_ac0d438f47c853df,claim_01629214b9a108bc,annual_000938_2025,2025年年度报告,26,费用,1,完成数据中心控制器 7.4 版本发布,2025,medium
evidence_56f5f65e06acd86a,claim_925ae9cb0136b04c,annual_000938_2025,2025年年度报告,113,基本情况,1,作为数字化及AI解决方案提供者,2025,medium
evidence_1f518d20100583ce,claim_358e971d2878e5a9,annual_000938_2025,2025年年度报告,25,费用,1,完成高密400GE框式和盒式交换机发布,2025,medium
evidence_6a06690e6aca67b7,claim_ef10e0987f9a926e,annual_000938_2025,2025年年度报告,25,费用,1,完成高密400GE框式和盒式交换机发布,2025,medium
evidence_3716813d22582e66,claim_8af38d7e82dc98d6,annual_000938_2025,2025年年度报告,189,合并财务报表主要项目注释（续）,1,"合计65,889,803,802.79 23,721,239,458.45 87,985,663.22 (7,067,182,306.07) 82,631,846,618.39",2025,high
evidence_f79414241f0723b8,claim_8afdf341280b6c2e,annual_000938_2025,2025年年度报告,18,核心竞争力,1,公司发布多款全场景Wi-Fi 7 新产品,2025,medium
evidence_f471cb6d6fe38135,claim_629bec7296ecdefd,annual_000938_2025,2025年年度报告,37,报告期内接待调研、沟通、采访等活动,1,随着公司经营规模的不断扩大，人员成本、房租、物流等各项经营成本及费用可能随之上涨，进而压缩公司的利润空间，对公司整体利润的提升产生不利影响。,2025,high
evidence_d6ea17a3b3f578d8,claim_82cf22506d55d3ff,annual_000938_2025,2025年年度报告,100,营业收入,1,"研发费用53 5,101,818,089.81",2025,medium
evidence_a03582fde1eea08d,claim_645243006dfa1828,annual_000938_2025,2025年年度报告,15,覆盖全球的销售网络,1,率先发布第一款矿用本安Wi-Fi 7 产品,2025,medium
evidence_d3d262d5b5b691a7,claim_748ff1a5a05785bd,annual_000938_2025,2025年年度报告,199,合并财务报表主要项目注释（续）,1,"2025年经营活动产生的现金流量净额3,486,751,492.84元",2025,high
evidence_2d2f369546dea4a4,claim_d43ac4f93bc1463a,annual_000938_2025,2025年年度报告,17,力利用率，关键部件实现液冷散热，为万亿参数模型训练提供强大支持，兼具高效与绿色特性。,1,H3C UniPoD S80000 超节点产品，大幅提升通信效率和模型算力利用率，关键部件实现液冷散热，为万亿参数模型训练提供强大支持,2025,high
evidence_d5e1adbace207dc5,claim_d6bdfa51efa89be5,annual_000938_2025,2025年年度报告,17,力利用率，关键部件实现液冷散热，为万亿参数模型训练提供强大支持，兼具高效与绿色特性。,1,H3C UniPoD S80000 超节点产品，大幅提升通信效率和模型算力利用率，关键部件实现液冷散热，为万亿参数模型训练提供强大支持,2025,high
evidence_2a0fc664f3e167f5,claim_f7b4f838c774d2e0,annual_000938_2025,2025年年度报告,17,力利用率，关键部件实现液冷散热，为万亿参数模型训练提供强大支持，兼具高效与绿色特性。,1,关键部件实现液冷散热,2025,medium
evidence_86dadddedc30a379,claim_3ea85d2531a51867,annual_000938_2025,2025年年度报告,17,力利用率，关键部件实现液冷散热，为万亿参数模型训练提供强大支持，兼具高效与绿色特性。,1,关键部件实现液冷散热,2025,medium
evidence_d4588eb9ede8e3c7,claim_f823104dd82e6ab2,annual_000938_2025,2025年年度报告,9,□是 √否,1,"营业收入（元）2025年96,748,339,344.03",2025,medium
evidence_49ba05da9a6c2a54,claim_c6f3a68f14d8593d,annual_000938_2025,2025年年度报告,100,营业收入,1,"净利润 1,982,277,033.02",2025,medium
evidence_0b79d6c0781a4cac,claim_b76ac700cace816f,annual_000938_2025,2025年年度报告,26,费用,1,完成 CAS 虚拟化产品升级版本发布,2025,medium
evidence_6aa38021d445355e,claim_f93c1a1cced68d8d,annual_000938_2025,2025年年度报告,19,抢抓产业机遇，助力国内行业客户增强数智化水平,1,公司服务器、交换机、路由器、安全等产品中标包括中国移动、中国电信、中国联通、中国铁塔在内的多个集采项目。,2025,high
evidence_0253ed8461418842,claim_cc11a72dcfa34aaf,annual_000938_2025,2025年年度报告,20,单位：元,1,IT产品分销与供应链服务占营业收入比重：26.42%。,2025,medium
evidence_1e9bb081ce48f5f6,claim_356a9efca2db3373,annual_000938_2025,2025年年度报告,35,公司未来发展的展望,1,公司作为数字化及AI解决方案领导者，为人工智能...提供...产品,2025,high
evidence_da729a569eaea67f,claim_6db91fe410e0225c,annual_000938_2025,2025年年度报告,13,核心竞争力分析,1,公司陆续推出百业灵犀私域大模型、灵犀使能平台、灵犀推理引擎、灵犀AI助手、灵犀Cube一体机及多个行业智能体,2025,high
evidence_612b3a5a001f005a,claim_c9649fdc60d4a333,annual_000938_2025,2025年年度报告,172,合并财务报表主要项目注释（续）,1,本集团对商誉进行减值测试...经测试认定本集团收购新华三产生的商誉资产未发生减值,2025,high
evidence_07b5136466254acb,claim_10268372747b4434,annual_000938_2025,2025年年度报告,80,单位：万元,1,"报告期内委托理财的余额为54,809.27万元，存在逾期未收回风险。",2025,high
evidence_e13df2c2b93533a3,claim_7fe7cd33049a554c,annual_000938_2025,2025年年度报告,108,89 -减：营业外支出,1,"研发费用2,415,370.08 8,990,983.65",2025,medium
evidence_479da010923e2b74,claim_dced247484972cce,annual_000938_2025,2025年年度报告,28,单位：元,1,"表格中经营活动产生的现金流量净额2025年3,486,751,492.84元",2025,high
evidence_1cc4142483f4a173,claim_f64de6cbd3434dcc,annual_000938_2025,2025年年度报告,14,优质的客户资源和丰富的数字化转型实践经验,1,中国数据中心交换机市场份额33.1%，排名第二,2025,medium
evidence_e16452cdae3428ea,claim_f44beeb8f081cfa9,annual_000938_2025,2025年年度报告,14,优质的客户资源和丰富的数字化转型实践经验,1,中国数据中心交换机市场份额33.1%，排名第二,2025,medium
evidence_864989142daa952a,claim_ac4d35305cbacf60,annual_000938_2025,2025年年度报告,27,公司研发投入情况,1,完成业内首发MegaBook 双系统平板产品发布,2025,medium
evidence_efa6577d7dfc70c0,claim_d907fd076658ebc2,annual_000938_2025,2025年年度报告,113,基本情况,1,为客户提供网络、计算、存储、云计算、安全和智能终端等全栈智能化信息通信（ICT）基础设施、云与智能平台，以及数字化转型及智能化升级的解决方案。,2025,high
evidence_3b615a4d547d6a0e,claim_1e96b2b1d9e273be,annual_000938_2025,2025年年度报告,39,市值管理制度和估值提升计划的制定落实情况,1,公司制定了“质量回报双提升”行动方案，具体举措包括夯实主业优势、坚持技术创新等,2025,high
evidence_60af2878a2b9bb6e,claim_a1f0a6584503e682,annual_000938_2025,2025年年度报告,130,重要会计政策及会计估计（续）,1,本集团将内部研究开发项目的支出，区分为研究阶段支出和开发阶段支出,2025,high
evidence_20afb03a074f87b8,claim_faf8bbdb9b1a3c82,annual_000938_2025,2025年年度报告,24,费用,1,持续在网络、安全、计算、存储、云计算、人工智能等重点领域的研发投入，夯实“云—网—安—算—存—端”全栈业务布局,2025,high
evidence_868b43c7690f7b55,claim_f83d72017735e5e2,annual_000938_2025,2025年年度报告,18,核心竞争力,1,公司防火墙AI 运维助手可提升防火墙在业务部署、故障诊断和知识问答等方面的智能化水平,2025,high
evidence_99f51961f37e9ab9,claim_eb2a4948c332d836,annual_000938_2025,2025年年度报告,36,资金需求及使用计划,1,以芯模社区为平台,2025,medium
evidence_5ccdef7b55e6d31d,claim_60dab9bde6c5f01d,annual_000938_2025,2025年年度报告,17,力利用率，关键部件实现液冷散热，为万亿参数模型训练提供强大支持，兼具高效与绿色特性。,1,公司发布了面向极速交易场景的新一代国芯超低时延交换机,2025,medium
evidence_da68b915dbb2af98,claim_19a9afb7adb8d603,annual_000938_2025,2025年年度报告,17,力利用率，关键部件实现液冷散热，为万亿参数模型训练提供强大支持，兼具高效与绿色特性。,1,公司发布了面向极速交易场景的新一代国芯超低时延交换机,2025,medium
evidence_7fa3c03c46191b5e,claim_e8e1b19d47399ab3,annual_000938_2025,2025年年度报告,17,力利用率，关键部件实现液冷散热，为万亿参数模型训练提供强大支持，兼具高效与绿色特性。,1,发布基于DDC（Diversity Dynamic-Connectivity，多元动态联接）架构的新一代无损网络解决方案,2025,high
evidence_f5310a71883de00c,claim_00d13e3b37232513,annual_000938_2025,2025年年度报告,17,力利用率，关键部件实现液冷散热，为万亿参数模型训练提供强大支持，兼具高效与绿色特性。,1,发布基于DDC（Diversity Dynamic-Connectivity，多元动态联接）架构的新一代无损网络解决方案,2025,high
evidence_87809f2dc3abd232,claim_915d216f03cb4341,annual_000938_2025,2025年年度报告,13,核心竞争力分析,1,公司坚持“算力×联接”战略，重视技术创新，构建了包括全栈智能的底层数字基础设施、中层云与智能平台、上层AI“训—推—用”使能平台在内的一体化AI赋能平台,2025,high
evidence_4514867497a5f3a5,claim_c452213166251cce,annual_000938_2025,2025年年度报告,19,抢抓产业机遇，助力国内行业客户增强数智化水平,1,与多家头部互联网客户持续推进大规模算力集群与超节点系统建设。,2025,high
evidence_42d3975236d91dac,claim_a33b1a9dd4409985,annual_000938_2025,2025年年度报告,36,资金需求及使用计划,1,若未来全球经济增长持续放缓或我国宏观经济出现短期波动、数字化建设投资放缓，可能对公司经营产生一定的影响,2025,high
evidence_59a1207f59108525,claim_a3e7461db9b29584,annual_000938_2025,2025年年度报告,19,抢抓产业机遇，助力国内行业客户增强数智化水平,1,以金融智算整体解决方案、广域网解决方案等多方位解决方案为银行及券商客户打造数智化升级引擎。,2025,high
evidence_ab87af9d80bd461a,claim_4dcad95b3d50a2c1,annual_000938_2025,2025年年度报告,100,营业收入,1,"研发费用53 4,952,674,806.36",2025,medium
evidence_7a87a9c850a2bcea,claim_58a08d39cb363cde,annual_000938_2025,2025年年度报告,27,公司研发投入情况,1,"表格中2025年研发投入金额为4,952,674,806.36元，2024年为5,101,818,089.81元。",2025,high
evidence_85a365670cae1047,claim_c699492f19b8938a,annual_000938_2025,2025年年度报告,20,单位：元,1,"分产品：ICT 基础设施与服务，2025年收入76,846,762,924.64元，占营业收入比重79.43%。",2025,high
evidence_56ecc799cc68c787,claim_f9f8740111fa32d6,annual_000938_2025,2025年年度报告,14,优质的客户资源和丰富的数字化转型实践经验,1,中国以太网交换机市场份额34.5%，排名第二,2025,medium
evidence_e9bd3aecb1148150,claim_08cb9a2d03c1811b,annual_000938_2025,2025年年度报告,39,市值管理制度和估值提升计划的制定落实情况,1,2025年度实现营业收入967.48亿元，同比增长22.43%,2025,high
evidence_922948231a6bf9f7,claim_ccfe8ab25ada85ba,annual_000938_2025,2025年年度报告,34,公司控制的结构化主体情况,1,新华三集团主要业务包括网络产品、服务器、存储产品、安全产品、云计算产品、互联网信息技术产品的研发、生产、销售等,2025,high
evidence_a9ac9156496764ef,claim_d4cc9f7e8e60b7c5,annual_000938_2025,2025年年度报告,113,基本情况,1,为客户提供网络、计算、存储、云计算、安全和智能终端等全栈智能化信息通信（ICT）基础设施、云与智能平台，以及数字化转型及智能化升级的解决方案。,2025,high
evidence_7502752c8330bf1a,claim_ad7cba9cdd19c2ac,annual_000938_2025,2025年年度报告,191,合并财务报表主要项目注释（续）,1,"2024年度研发费用合计5,101,818,089.81元",2025,medium
evidence_c870d2e5b42de9d4,claim_f73c7e6d50667ace,annual_000938_2025,2025年年度报告,18,核心竞争力,1,推出新一代SD-WAN 智能路由器,2025,medium
evidence_c8f604e3c2efa2a6,claim_c3452206efabb2e3,annual_000938_2025,2025年年度报告,35,公司未来发展的展望,1,不断巩固和增强公司在全栈智算解决方案领域的领先优势,2025,medium
evidence_989d0acdb73a2b71,claim_6e2edf0f600289ed,annual_000938_2025,2025年年度报告,8,注册变更情况,1,作为数字化及AI解决方案领导者，公司提供全栈智能化的信息通信（ICT）基础设施、云与智能平台，以及数字化转型及智能化升级解决方案。,2025,high
evidence_764bd751dc89bf7a,claim_b35b910bf9c64920,annual_000938_2025,2025年年度报告,189,合并财务报表主要项目注释（续）,1,"合计 65,889,803,802.79",2025,medium
evidence_ff61fad9c146a662,claim_1099137886eb4629,annual_000938_2025,2025年年度报告,27,公司研发投入情况,1,全景运维地图升级，实现多域统一可视、仿真验证,2025,medium
evidence_5bf8c37e0a07d4b5,claim_be932bdab7386eba,annual_000938_2025,2025年年度报告,28,单位：元,1,"表格中经营活动产生的现金流量净额2024年2,440,755,824.85元",2025,high
evidence_fab4051e0f7ddd36,claim_2d5ca4048f58a4e3,annual_000938_2025,2025年年度报告,35,公司未来发展的展望,1,也面临着竞争加剧与供应链波动等多重挑战,2025,medium
evidence_6c4cb6be2323f544,claim_f4b91fb8b8c459f4,annual_000938_2025,2025年年度报告,136,重要会计政策及会计估计（续）,1,数据中心建造服务是数据中心建造环节的具体服务形式,2025,medium
evidence_203b90facec89821,claim_247007d4db2a87e7,annual_000938_2025,2025年年度报告,136,重要会计政策及会计估计（续）,1,数据中心建造服务是数据中心建造环节的具体服务形式,2025,medium
evidence_65d684c92c8f2181,claim_b329ed227ba9f45d,annual_000938_2025,2025年年度报告,36,资金需求及使用计划,1,公司将持续探索开辟智算业务新赛道,2025,medium
evidence_1b21b0e20d7da023,claim_20d2225cc92878ff,annual_000938_2025,2025年年度报告,108,89 -减：营业外支出,1,"研发费用2,415,370.08 8,990,983.65",2025,medium
evidence_bb253d50ca96acfa,claim_c5972132c5285396,annual_000938_2025,2025年年度报告,19,抢抓产业机遇，助力国内行业客户增强数智化水平,1,提升IP网络市场份额；以业务感知与分析方案积极助力运营商IP网络流量经营分析能力建设。,2025,high
evidence_9d9f5332e75e1279,claim_c23e025e48a554b7,annual_000938_2025,2025年年度报告,13,核心竞争力分析,1,公司陆续推出百业灵犀私域大模型、灵犀使能平台、灵犀推理引擎、灵犀AI助手、灵犀Cube一体机及多个行业智能体,2025,high
evidence_9d2ba22c242a9c7a,claim_bf15c5ae3da421bc,annual_000938_2025,2025年年度报告,35,公司未来发展的展望,1,公司将重点构建并完善算力调优能力,2025,medium
evidence_a50e54aaa40f220e,claim_5cf67c7591dc431b,annual_000938_2025,2025年年度报告,16,主营业务分析,1,公司深化推进“算力×联接”战略,2025,medium
evidence_e2f865f517714fd3,claim_79007aebd67c04e7,annual_000938_2025,2025年年度报告,13,核心竞争力分析,1,公司灵犀智算解决方案持续迭代，具备为客户提供算力调度及大模型落地的全栈能力,2025,high
evidence_0b8f3dfabf6b20f3,claim_c14b9a80d9854123,annual_000938_2025,2025年年度报告,18,核心竞争力,1,AI 安全系列智能体覆盖安全运营、设备运维、高级威胁检测三大领域,2025,high
evidence_9891cb22e08ad58c,claim_039b4e73155c6e71,annual_000938_2025,2025年年度报告,19,抢抓产业机遇，助力国内行业客户增强数智化水平,1,与中国移动积极推动算力网络发展，共同完成业界首次800G以太网智算协同训练的现网技术试验。,2025,high
evidence_6ad2a6f352050d82,claim_9864bc202baa0719,annual_000938_2025,2025年年度报告,19,抢抓产业机遇，助力国内行业客户增强数智化水平,1,与中国移动积极推动算力网络发展，共同完成业界首次800G以太网智算协同训练的现网技术试验。,2025,high
evidence_453b1b1ecd0de14e,claim_90dab156594aa3d9,annual_000938_2025,2025年年度报告,13,核心竞争力分析,1,公司陆续推出百业灵犀私域大模型、灵犀使能平台、灵犀推理引擎、灵犀AI助手、灵犀Cube一体机及多个行业智能体,2025,high
evidence_89b4eb4ab3c75fd1,claim_962ef56b9bd56f44,annual_000938_2025,2025年年度报告,15,覆盖全球的销售网络,1,同上,2025,medium
evidence_10d3b064f2774608,claim_984fcfa5df35f10d,annual_000938_2025,2025年年度报告,17,力利用率，关键部件实现液冷散热，为万亿参数模型训练提供强大支持，兼具高效与绿色特性。,1,公司重点推进CPO 技术与Scale-up 整机柜两大前沿技术方向研究,2025,high
evidence_2f0b5802d31e9264,claim_6d38ddeb63effea9,annual_000938_2025,2025年年度报告,17,力利用率，关键部件实现液冷散热，为万亿参数模型训练提供强大支持，兼具高效与绿色特性。,1,公司重点推进CPO 技术与Scale-up 整机柜两大前沿技术方向研究,2025,high
evidence_93c03fe859928c5a,claim_47b133abe8ede0f3,annual_000938_2025,2025年年度报告,17,力利用率，关键部件实现液冷散热，为万亿参数模型训练提供强大支持，兼具高效与绿色特性。,1,公司重点推进CPO 技术与Scale-up 整机柜两大前沿技术方向研究,2025,high
evidence_924354e0285383cd,claim_3e6a9d1b4cc665a8,annual_000938_2025,2025年年度报告,12,管理层讨论与分析,1,作为数字化及AI解决方案领导者，公司立足新一代信息通信领域，为客户提供全栈智能化的信息通信（ICT）基础设施、云与智能平台，以及数字化转型及智能化升级解决方案。,2025,high
evidence_e645ff60e4b0cd0e,claim_5cc5afba0dea8d15,annual_000938_2025,2025年年度报告,14,优质的客户资源和丰富的数字化转型实践经验,1,中国企业网路由器市场份额31.5%，排名第二,2025,medium
evidence_d45c2c134587b7b4,claim_26b3a0240328a1a7,annual_000938_2025,2025年年度报告,53,内部控制审计报告,1,定量标准：重大缺陷：潜在风险事件可能造成的直接财产损失金额8000 万元以上,2025,high
evidence_615cd0b98847db50,claim_65d890dec3367866,annual_000938_2025,2025年年度报告,113,基本情况,1,为客户提供网络、计算、存储、云计算、安全和智能终端等全栈智能化信息通信（ICT）基础设施、云与智能平台，以及数字化转型及智能化升级的解决方案。,2025,high
evidence_736571ef5891c487,claim_4a013ddeefecbc69,annual_000938_2025,2025年年度报告,18,核心竞争力,1,升级智算安全解决方案,2025,medium
evidence_fb43b728ed2baa05,claim_4d47149dadd09dd1,annual_000938_2025,2025年年度报告,19,抢抓产业机遇，助力国内行业客户增强数智化水平,1,深挖智算市场商机；持续落地大中型智算中心建设项目，巩固智算市场优势地位。,2025,high
evidence_3c3fe2e48bf5e3d9,claim_c466aa14ecb9aa97,annual_000938_2025,2025年年度报告,19,抢抓产业机遇，助力国内行业客户增强数智化水平,1,深挖智算市场商机；持续落地大中型智算中心建设项目，巩固智算市场优势地位。,2025,high
evidence_0801182d9f104b51,claim_e233d77d5d4f2083,annual_000938_2025,2025年年度报告,16,主营业务分析,1,公司百业灵犀ICT大模型,2025,medium
evidence_01f4edc38dc84dea,claim_7dab13f58619da41,annual_000938_2025,2025年年度报告,36,资金需求及使用计划,1,（3）经营风险,2025,medium
evidence_20b76d7446f39313,claim_9587da5b932c8d3d,annual_000938_2025,2025年年度报告,15,覆盖全球的销售网络,1,推出H3C UniPoD S80000 超节点产品,2025,medium
evidence_70ddb18fb7ea6b4d,claim_d409bf107fd9b929,annual_000938_2025,2025年年度报告,20,单位：元,1,毛利率 14.59%,2025,medium
evidence_c761d881234bfb9c,claim_10044f1e69c620a1,annual_000938_2025,2025年年度报告,14,优质的客户资源和丰富的数字化转型实践经验,1,公司“H3C绿洲平台”入选教育部优秀解决方案,2025,medium
evidence_cd8d074cd2b74124,claim_175b941e60423467,annual_000938_2025,2025年年度报告,32,√适用 □不适用,1,公司进行外汇套期保值业务会存在一定的风险：1、汇率波动风险：由于外汇市场存在各种影响汇率走势的复杂因素，不确定性较大，如未来汇率走势与公司判断的汇率波动方向发生大幅偏离，实际汇率将与公司外汇套期保值合约锁定汇率出现较大偏差，将给公司带来损失。,2025,high
evidence_cd7736327ac3cbca,claim_a86d06b3e328aadb,annual_000938_2025,2025年年度报告,53,内部控制审计报告,1,定量标准：营业收入潜在错报：一般缺陷：错报≤营业收入总额的0.5%；利润总额潜在错报：一般缺陷：错报≤利润总额的5%；资产总额潜在错报：一般缺陷：错报≤资产总额的0.5%；所有者权益潜在错报：一般缺陷：错报≤所有者权益总额的1.5%,2025,high
evidence_0cce369bcd7426b2,claim_2a6ef71eb305a6b3,annual_000938_2025,2025年年度报告,25,费用,1,推出新一代DDC2产品,2025,medium
evidence_29cee1ffa8c30a13,claim_17a82cae48cd84f0,annual_000938_2025,2025年年度报告,25,费用,1,推出新一代DDC2产品,2025,medium
evidence_0870b626e9769da5,claim_3518b9ec81924325,annual_000938_2025,2025年年度报告,191,合并财务报表主要项目注释（续）,1,"2025年度研发费用合计4,952,674,806.36元",2025,medium
evidence_1425a1b8562238b1,claim_91c20950faf2903c,annual_000938_2025,2025年年度报告,34,公司控制的结构化主体情况,1,新华三集团主要业务包括网络产品、服务器、存储产品、安全产品、云计算产品、互联网信息技术产品的研发、生产、销售等,2025,high
evidence_564b08a253c02a5e,claim_606a7d5a8d3ef627,annual_000938_2025,2025年年度报告,12,管理层讨论与分析,1,主要产品及服务包括：4、云与智能：云操作系统、虚拟化平台、超融合产品、大数据平台、数据库等；,2025,high
evidence_c8d0940c1545d007,claim_722e2e40ddd53186,annual_000938_2025,2025年年度报告,113,基本情况,1,为客户提供网络、计算、存储、云计算、安全和智能终端等全栈智能化信息通信（ICT）基础设施、云与智能平台，以及数字化转型及智能化升级的解决方案。,2025,high
evidence_6b0130645339b0c5,claim_8461094d7a07d3db,annual_000938_2025,2025年年度报告,55,巩固拓展脱贫攻坚成果、乡村振兴的情况,1,中共中央、国务院印发了《乡村全面振兴规划（2024—2027 年）》...公司积极响应国家乡村振兴战略号召,2025,high
evidence_57e57a5b999403fb,claim_13d5d1d404ba4391,annual_000938_2025,2025年年度报告,19,抢抓产业机遇，助力国内行业客户增强数智化水平,1,报告期内，公司推出海外子品牌Aolynk，专注为全球中小企业提供一站式数字化赋能。,2025,high
evidence_09c93cc1ee12c69d,claim_eecc7a4d0bb887e2,annual_000938_2025,2025年年度报告,13,核心竞争力分析,1,公司将AI技术广泛融入产品和解决方案中，持续推动产品智能化升级,2025,high
evidence_dd865d3843492df3,claim_99542b3d28300d01,annual_000938_2025,2025年年度报告,36,资金需求及使用计划,1,重点聚焦“芯模联动”(芯片研发与算法模型深度协同)战略,2025,medium
evidence_b75ebe75fd15d46d,claim_b5a657503bee3645,annual_000938_2025,2025年年度报告,27,公司研发投入情况,1,静态故障检测+秒级自愈，保障网络稳定可靠,2025,medium
evidence_359a88886dafbab4,claim_4c411ca88ebc0343,annual_000938_2025,2025年年度报告,39,市值管理制度和估值提升计划的制定落实情况,1,根据《上市公司监管指引第10号——市值管理》等规定，公司制定了《市值管理制度》,2025,high
evidence_43d3dc87df2174b0,claim_f662d4046e35d96b,annual_000938_2025,2025年年度报告,34,公司控制的结构化主体情况,1,新华三集团主要业务包括网络产品、服务器、存储产品、安全产品、云计算产品、互联网信息技术产品的研发、生产、销售等,2025,high
evidence_c7bf01405b5c792c,claim_36be301be45c74dd,annual_000938_2025,2025年年度报告,27,公司研发投入情况,1,表格中2025年和2024年研发投入资本化的金额均为--。,2025,medium
evidence_cddb3ab5e576a8ff,claim_fec12c43404f8bf4,annual_000938_2025,2025年年度报告,17,力利用率，关键部件实现液冷散热，为万亿参数模型训练提供强大支持，兼具高效与绿色特性。,1,公司灵犀智算方案迭代至V5.0 版本，全面支持私域训推、大规模训练、垂直行业类AI 应用开发三类智算中心的建设需求,2025,high
evidence_ed494454f6169d17,claim_85f1707c36e3e49e,annual_000938_2025,2025年年度报告,17,力利用率，关键部件实现液冷散热，为万亿参数模型训练提供强大支持，兼具高效与绿色特性。,1,公司灵犀智算方案迭代至V5.0 版本，全面支持私域训推、大规模训练、垂直行业类AI 应用开发三类智算中心的建设需求,2025,high
evidence_d03ab0362af79eaf,claim_e633e50e671a1090,annual_000938_2025,2025年年度报告,17,力利用率，关键部件实现液冷散热，为万亿参数模型训练提供强大支持，兼具高效与绿色特性。,1,公司灵犀智算方案迭代至V5.0 版本，全面支持私域训推、大规模训练、垂直行业类AI 应用开发三类智算中心的建设需求,2025,high
evidence_fb4b17afa4f2cf00,claim_f9f3902b04dc5f60,annual_000938_2025,2025年年度报告,35,公司未来发展的展望,1,也面临着竞争加剧与供应链波动等多重挑战,2025,medium
evidence_e5a895cb773c9ac3,claim_82e37c3fe5f63925,annual_000938_2025,2025年年度报告,20,单位：元,1,"国内收入：2025年92,037,811,596.19元，占营业收入比重95.13%。",2025,high
evidence_8b175ab32a58300b,claim_ae011869e17543ad,annual_000938_2025,2025年年度报告,100,营业收入,1,"减：营业成本49 82,631,846,618.39",2025,medium
evidence_56bfae942242a20b,claim_0e917becb12d15d6,annual_000938_2025,2025年年度报告,24,费用,1,持续在网络、安全、计算、存储、云计算、人工智能等重点领域的研发投入，夯实“云—网—安—算—存—端”全栈业务布局,2025,high
evidence_2a076af4a57c2a19,claim_55160b947ae8148d,annual_000938_2025,2025年年度报告,25,费用,1,完成新一代R5500系列服务器发布,2025,medium
evidence_a7bbd1c7b068f53e,claim_0b67c497c44cce1b,annual_000938_2025,2025年年度报告,25,费用,1,完成新一代R5500系列服务器发布,2025,medium
evidence_4794dd9e3d3ff2e4,claim_aab1aa66b0c8a375,annual_000938_2025,2025年年度报告,16,主营业务分析,1,推出LinSeer Cube 大模型一体机,2025,medium
evidence_8b1827cff9677df6,claim_afea90b0f8463594,annual_000938_2025,2025年年度报告,15,覆盖全球的销售网络,1,发布了新一代数字基础设施智能化方案“LinSeer ICT 智能体”,2025,high
evidence_53ee59b6cf871ccd,claim_29808f2ad13285a1,annual_000938_2025,2025年年度报告,18,核心竞争力,1,推出AI 数据平台解决方案,2025,medium
evidence_829e17f6a7a0530b,claim_93d33d9a75ad8683,annual_000938_2025,2025年年度报告,36,资金需求及使用计划,1,在“图灵小镇”不断扩大建设数量及运营规模的同时,2025,medium
evidence_88bea3b95c790957,claim_2e38894f02b85426,annual_000938_2025,2025年年度报告,20,收入与成本,1,公司积极探索与本地伙伴的协同模式，推动云网安一体化能力在海外落地,2025,high
evidence_68380e0d4422acbd,claim_55a16668112e4ed0,annual_000938_2025,2025年年度报告,26,费用,1,完成 CloudOS 7.0 软件特性增强版本发布,2025,medium
evidence_97de9adc2bb38cf0,claim_866134060f4ba5ca,annual_000938_2025,2025年年度报告,24,单位：元,1,表格：研发费用同比增减-2.92%,2025,medium
evidence_4e724eb218900ae2,claim_4a3e790b7fb08e7c,annual_000938_2025,2025年年度报告,20,收入与成本,1,解决数字化转型'最后一公里'难题,2025,medium
evidence_3f0f7e0c172370bc,claim_0895bcb3e93d8a8b,annual_000938_2025,2025年年度报告,15,覆盖全球的销售网络,1,同上,2025,medium
evidence_e04acf4152a5c744,claim_7e8ea51ada11f9bc,annual_000938_2025,2025年年度报告,113,基本情况,1,为客户提供网络、计算、存储、云计算、安全和智能终端等全栈智能化信息通信（ICT）基础设施、云与智能平台，以及数字化转型及智能化升级的解决方案。,2025,high
evidence_f2faf3d302ec47fb,claim_b39707573cbe8ce0,annual_000938_2025,2025年年度报告,15,覆盖全球的销售网络,1,同上,2025,medium
evidence_01e24a9760d16e6b,claim_883aba9c423bdfd8,annual_000938_2025,2025年年度报告,12,管理层讨论与分析,1,国务院《关于深入实施“人工智能+”行动的意见》...为行业高质量发展赋能,2025,high
evidence_885b519b02c45811,claim_066853f229ed78cc,annual_000938_2025,2025年年度报告,27,公司研发投入情况,1,丰富 AI 算力产品布局，持续提升 AI 解决方案能力与市场地位,2025,high
evidence_5f16c7a07d19727f,claim_8f7c4ef220171053,annual_000938_2025,2025年年度报告,37,报告期内接待调研、沟通、采访等活动,1,公司业务所涉足的领域专业性较强，加之现代企业竞争日益激烈，公司将面临着人力资源成本上升、技术人员和核心业务骨干缺乏的风险。,2025,high
evidence_1e4cb17b6f62bbb8,claim_f97bb3582e901a18,annual_000938_2025,2025年年度报告,113,基本情况,1,为客户提供网络、计算、存储、云计算、安全和智能终端等全栈智能化信息通信（ICT）基础设施、云与智能平台，以及数字化转型及智能化升级的解决方案。,2025,high
evidence_75e0e34a8bf9cacf,claim_d9fac22ea365e17b,annual_000938_2025,2025年年度报告,16,主营业务分析,1,公司打造了以高速无损网络、人工智能服务器、下一代存储、算力调度管理平台为核心的全栈智算解决方案,2025,high
evidence_b3cbb585319a1ae4,claim_9b6ff2e0fff99aa9,annual_000938_2025,2025年年度报告,16,主营业务分析,1,公司打造了以高速无损网络、人工智能服务器、下一代存储、算力调度管理平台为核心的全栈智算解决方案,2025,high
evidence_6d1e8d3e500d78b5,claim_c86f0da6890d0a6d,annual_000938_2025,2025年年度报告,113,基本情况,1,作为数字化及AI解决方案提供者,2025,medium
evidence_3a70f2db9f48386a,claim_841e7a088b3d87d5,annual_000938_2025,2025年年度报告,21,单位：元,1,产品分类：ICT基础设施与服务,2025,medium
evidence_c6ac1c1fc82dee1a,claim_879b6991d81d8e27,annual_000938_2025,2025年年度报告,20,单位：元,1,ICT基础设施与服务占营业收入比重：79.43%。,2025,medium
evidence_570cbd8f62145adf,claim_f23ba80a7e7b059b,annual_000938_2025,2025年年度报告,100,营业收入,1,"营业收入49 79,024,078,451.16",2025,medium
evidence_3539ead8e2a2b93d,claim_7f5e7f33f7464c78,annual_000938_2025,2025年年度报告,35,公司未来发展的展望,1,为人工智能、云计算、大数据、物联网等新兴技术在行业应用提供技术领先的计算、网络、存储和安全等软硬件产品,2025,high
evidence_8dcd7bcb67341e59,claim_8f98bc41363475ce,annual_000938_2025,2025年年度报告,17,力利用率，关键部件实现液冷散热，为万亿参数模型训练提供强大支持，兼具高效与绿色特性。,1,2025 年Cloudnet 云管业务快速增长,2025,medium
evidence_aeed058b10d13be9,claim_10f684f134d2e5f3,annual_000938_2025,2025年年度报告,17,力利用率，关键部件实现液冷散热，为万亿参数模型训练提供强大支持，兼具高效与绿色特性。,1,2025 年Cloudnet 云管业务快速增长,2025,medium
evidence_fb76dcf2b40c40d9,claim_4175f2c0cbe35c49,annual_000938_2025,2025年年度报告,12,管理层讨论与分析,1,主要产品及服务包括：6、智能终端：商用笔记本电脑、商用台式机、智慧云屏、AI工作站等。,2025,high
evidence_f192c4cd69438726,claim_3c67425705ddb124,annual_000938_2025,2025年年度报告,24,费用,1,持续在网络、安全、计算、存储、云计算、人工智能等重点领域的研发投入，夯实“云—网—安—算—存—端”全栈业务布局,2025,high
evidence_1658264100b8324a,claim_b5d64a55cd28f6c5,annual_000938_2025,2025年年度报告,108,89 -减：营业外支出,1,"营业收入4 115,158,438.75 258,272,495.85",2025,high
evidence_0cf18dbeaec10dfd,claim_97a18c82911d38eb,annual_000938_2025,2025年年度报告,19,抢抓产业机遇，助力国内行业客户增强数智化水平,1,推出交通大模型、交通智算解决方案、城轨行业智能体。,2025,medium
evidence_a0c65da9ace67518,claim_67098d22c142c855,annual_000938_2025,2025年年度报告,12,管理层讨论与分析,1,基础层聚焦智算中心等核心算力设施,2025,medium
evidence_04d6b89fb65adabe,claim_db1c3a3524c2cb21,annual_000938_2025,2025年年度报告,12,管理层讨论与分析,1,基础层聚焦智算中心等核心算力设施,2025,medium
evidence_b38e9ae2d4fd012c,claim_c6717830f7bd3403,annual_000938_2025,2025年年度报告,55,巩固拓展脱贫攻坚成果、乡村振兴的情况,1,聚焦信息基础设施、公共支撑平台、数字应用场景、保障体系建设、建设运营管理等数字乡村建设场景,2025,high
evidence_13daeb6c98b60c24,claim_ed229687c6db0742,annual_000938_2025,2025年年度报告,16,主营业务分析,1,公司打造了以高速无损网络、人工智能服务器、下一代存储、算力调度管理平台为核心的全栈智算解决方案,2025,high
evidence_872e2265b0581796,claim_047d1df5a82cca69,annual_000938_2025,2025年年度报告,16,主营业务分析,1,公司打造了以高速无损网络、人工智能服务器、下一代存储、算力调度管理平台为核心的全栈智算解决方案,2025,high
evidence_d90c8ce367b6a673,claim_bf3beea5628c0f86,annual_000938_2025,2025年年度报告,15,覆盖全球的销售网络,1,公司在网络、服务器、存储、云计算、安全等重点领域掌握核心技术，包括Comware、AD-NET、U-Center、CloudOS、UltraStor、BMC、傲飞算力平台、灵犀使能平台等平台与核心底层软件以及相应的硬件产品IP,2025,high
evidence_8c29ec02ad48ae72,claim_996e037bdf4813cb,annual_000938_2025,2025年年度报告,15,覆盖全球的销售网络,1,同上,2025,medium
evidence_e0803f564201d17c,claim_f6eafd01e27c7143,annual_000938_2025,2025年年度报告,21,公司实物销售收入是否大于劳务收入,1,"国外 | 4,710,527,747.84 | 3,601,208,503.46 | 23.55% | 53.59% | 73.58% | -8.81%",2025,high
evidence_48a237f47d905a98,claim_9f1022263721f489,annual_000938_2025,2025年年度报告,26,费用,1,完成全场景丰富Wi-Fi 7 AP 款型及管理平台增强项目发布,2025,high
evidence_dfcfefd500cb8562,claim_bd3dffb19971bcd9,annual_000938_2025,2025年年度报告,20,单位：元,1,"分产品：IT 产品分销与供应链服务，2025年收入25,561,918,394.39元，占营业收入比重26.42%。",2025,high
evidence_d4f0eb4757ce3510,claim_f919f888e8ca5a98,annual_000938_2025,2025年年度报告,100,营业收入,1,"营业收入49 96,748,339,344.03",2025,medium
evidence_8126a837e06652bd,claim_a1f5ad7de8afc6ed,annual_000938_2025,2025年年度报告,20,单位：元,1,毛利率比上年同期增减 -2.80%,2025,medium
evidence_22cefada822a1920,claim_c72804f9f1f2afb1,annual_000938_2025,2025年年度报告,13,核心竞争力分析,1,公司深度布局“云—网—安—算—存—端”全产业链，提供网络、计算、存储、安全、终端等全栈智能ICT基础设施产品、先进的云与智能平台和数字化解决方案,2025,high
evidence_de3ce4c583191ccf,claim_23866a4d0de9d982,annual_000938_2025,2025年年度报告,18,核心竞争力,1,公司数据中心交换机和高端路由器成功通过欧洲高级网络测试中心（EANTC）2025 互通性测试,2025,high
evidence_577470b7accd615a,claim_02affb443dcf6eb5,annual_000938_2025,2025年年度报告,18,核心竞争力,1,公司数据中心交换机和高端路由器成功通过欧洲高级网络测试中心（EANTC）2025 互通性测试,2025,high
evidence_3fc060b8f388fe5b,claim_d1429b36fe6525be,annual_000938_2025,2025年年度报告,113,基本情况,1,为客户提供网络、计算、存储、云计算、安全和智能终端等全栈智能化信息通信（ICT）基础设施、云与智能平台，以及数字化转型及智能化升级的解决方案。,2025,high
evidence_bd7ec5a6ace81dba,claim_0de4e7164a09e41a,annual_000938_2025,2025年年度报告,26,费用,1,完成园区网控制器 7.3 版本发布,2025,medium
evidence_5f965ee22081e8e5,claim_566351b869a39c0a,annual_000938_2025,2025年年度报告,27,公司研发投入情况,1,表格中2025年研发投入占营业收入比例为5.12%，2024年为6.46%。,2025,high
evidence_3e78b5eaf7a9d1f8,claim_81c42aa30a18c4aa,annual_000938_2025,2025年年度报告,21,公司实物销售收入是否大于劳务收入,1,"国内 | 92,037,811,596.19 | 79,030,638,114.93 | 14.13% | 21.17% | 25.03% | -2.66%",2025,high
evidence_915b7feb038245ba,claim_07596b1a8a86bbfb,annual_000938_2025,2025年年度报告,20,单位：元,1,"国外收入：2025年4,710,527,747.84元，占营业收入比重4.87%。",2025,high
evidence_84f3fbc0f7c20eca,claim_59881ca5d4c8eb3b,annual_000938_2025,2025年年度报告,26,费用,1,完成安全大模型和安全智能体产品发布,2025,medium
evidence_4e5905969b2a20a1,claim_04acf9e6bb4c6970,annual_000938_2025,2025年年度报告,26,费用,1,全场景Wi-Fi 7组网方案增强,2025,medium
evidence_4bfb78ea3e1295f8,claim_6e8d2ff980ade96a,annual_000938_2025,2025年年度报告,13,核心竞争力分析,1,公司陆续推出百业灵犀私域大模型、灵犀使能平台、灵犀推理引擎、灵犀AI助手、灵犀Cube一体机及多个行业智能体,2025,high
evidence_4c8624914acf0e97,claim_d65245018bf79cbc,annual_000938_2025,2025年年度报告,21,单位：元,1,产品分类：IT产品分销与供应链服务,2025,medium
evidence_cc746abc488b142f,claim_4b0e1b81f1f98dcc,annual_000938_2025,2025年年度报告,14,优质的客户资源和丰富的数字化转型实践经验,1,参与19个国家部委(局)级、26个省级和200多个地市县级地区的政务云开发工作,2025,high
evidence_9b2c62b11e3ddf7c,claim_bb8a1140c4cfa96f,annual_000938_2025,2025年年度报告,113,基本情况,1,作为数字化及AI解决方案提供者，为客户提供网络、计算、存储、云计算、安全和智能终端等全栈智能化信息通信（ICT）基础设施、云与智能平台，以及数字化转型及智能化升级的解决方案。,2025,high
evidence_0b2ed9734b2637d1,claim_e25aba65a50bd42b,annual_000938_2025,2025年年度报告,39,市值管理制度和估值提升计划的制定落实情况,1,实现归属于上市公司股东的净利润16.86亿元，同比增长7.19%,2025,high
evidence_654cf5c6e9f64db1,claim_fe220ce25ee100eb,annual_000938_2025,2025年年度报告,19,抢抓产业机遇，助力国内行业客户增强数智化水平,1,强化政企DICT市场合作。,2025,medium
evidence_ffe30c55c9161525,claim_53ad2342f7f9081f,annual_000938_2025,2025年年度报告,15,覆盖全球的销售网络,1,2025年，公司又陆续推出多款液冷技术创新产品及配套解决方案,2025,high
evidence_8e82ad55912ae945,claim_7f02b8c5788b03ce,annual_000938_2025,2025年年度报告,15,覆盖全球的销售网络,1,2025年，公司又陆续推出多款液冷技术创新产品及配套解决方案,2025,high
evidence_048e286b6bf76b67,claim_815b2b7e135a6193,annual_000938_2025,2025年年度报告,39,市值管理制度和估值提升计划的制定落实情况,1,实现归属于上市公司股东的净利润16.86亿元，同比增长7.19%,2025,high
evidence_346d16126f51f601,claim_438880ae9685c80e,annual_000938_2025,2025年年度报告,113,基本情况,1,为客户提供网络、计算、存储、云计算、安全和智能终端等全栈智能化信息通信（ICT）基础设施、云与智能平台，以及数字化转型及智能化升级的解决方案。,2025,high
evidence_98e0c90c723e9650,claim_98b0e0a7735cedc6,annual_000938_2025,2025年年度报告,14,优质的客户资源和丰富的数字化转型实践经验,1,中国企业网园区交换机市场份额36.2%，排名第二,2025,medium
evidence_4743ed1cf77a4b96,claim_535484df684d81c3,annual_000938_2025,2025年年度报告,17,力利用率，关键部件实现液冷散热，为万亿参数模型训练提供强大支持，兼具高效与绿色特性。,1,公司H3C UniServer G7 系列模块化服务器以丰富的软硬件生态兼容性，适用于集群训练、训推一体、边缘推理等场景,2025,high
evidence_3e6416ec7e18d47d,claim_daa69b975cc5c2bf,annual_000938_2025,2025年年度报告,17,力利用率，关键部件实现液冷散热，为万亿参数模型训练提供强大支持，兼具高效与绿色特性。,1,公司H3C UniServer G7 系列模块化服务器以丰富的软硬件生态兼容性，适用于集群训练、训推一体、边缘推理等场景,2025,high
evidence_dd389cf2e5b66363,claim_1f10d743cab4346b,annual_000938_2025,2025年年度报告,39,市值管理制度和估值提升计划的制定落实情况,1,实现归属于上市公司股东的扣除非经常性损益的净利润16.35亿元，同比增长12.26%,2025,high
evidence_d5b86f922679caff,claim_5848522e78531048,annual_000938_2025,2025年年度报告,15,覆盖全球的销售网络,1,同上,2025,medium
evidence_4034330410325e00,claim_45dc1378060d1f5c,annual_000938_2025,2025年年度报告,9,□是 √否,1,"归属于上市公司股东的净利润（元）2025年1,685,521,754.82",2025,high
evidence_ec5ef9e69d33c4b2,claim_6483fea6cc669340,annual_000938_2025,2025年年度报告,55,巩固拓展脱贫攻坚成果、乡村振兴的情况,1,公司积极响应国家乡村振兴战略号召，以数智技术赋能乡村振兴,2025,medium
evidence_aa393efddc4d6f8d,claim_431ec1555f4425d8,annual_000938_2025,2025年年度报告,188,合并财务报表主要项目注释（续）,1,"2024年主营业务收入78,865,531,368.92元",2025,medium
evidence_f6071efab7855898,claim_59eede2b83719b93,annual_000938_2025,2025年年度报告,174,合并财务报表主要项目注释（续）,1,毛利率14.8%,2025,medium
evidence_62e0cad737d3fced,claim_0ea49ca0075e27c8,annual_000938_2025,2025年年度报告,26,费用,1,完成广域网控制器 7.4 版本发布,2025,medium
evidence_18e1ac66c55dfc14,claim_d43f83855ef020de,annual_000938_2025,2025年年度报告,24,况如下：,1,主要研发项目名称：灵犀智算解决方案,2025,medium
evidence_62ca0ee94539c183,claim_4db0ea1182e00d3c,annual_000938_2025,2025年年度报告,27,公司研发投入情况,1,针对大模型行业落地中如何有效进行私域数据使用的平台,2025,medium
evidence_8e39d25daa477261,claim_e8937b19e5626ff8,annual_000938_2025,2025年年度报告,25,费用,1,完成新一代SR6616路由器架构升级产品发布,2025,medium
evidence_9556030b4f973b5f,claim_5f45aa8054cc1543,annual_000938_2025,2025年年度报告,39,市值管理制度和估值提升计划的制定落实情况,1,2025年度实现营业收入967.48亿元，同比增长22.43%,2025,high
evidence_ce718bd15cb7deab,claim_a5e88b18734a8240,annual_000938_2025,2025年年度报告,18,核心竞争力,1,充分利用开放、灵活和高效的RISC-V 架构,2025,medium
evidence_5be47622b95d319a,claim_55844791b2dc1e96,annual_000938_2025,2025年年度报告,12,管理层讨论与分析,1,主要产品及服务包括：1、网络设备：交换机、路由器、WLAN、SDN、PON、智能管理与运维服务等；,2025,high
evidence_eea6e1bec629c924,claim_9e57e74d3fa5018d,annual_000938_2025,2025年年度报告,12,管理层讨论与分析,1,主要产品及服务包括：2、服务器：通用计算服务器、人工智能计算服务器、关键业务计算服务器、边缘计算服务器等；,2025,high
evidence_fb2b8a3d1c278e2d,claim_39bb8e1dac235956,annual_000938_2025,2025年年度报告,27,公司研发投入情况,1,完成 LinSeer MegaCube AI 一体机发布,2025,medium
evidence_fee1e3a6e6dd752b,claim_04bcbea111032a1c,annual_000938_2025,2025年年度报告,14,优质的客户资源和丰富的数字化转型实践经验,1,联合运营商累计建设48个中大型智算中心,2025,medium
evidence_6f52062fdc6ed1de,claim_4febe7b44a4597ba,annual_000938_2025,2025年年度报告,14,优质的客户资源和丰富的数字化转型实践经验,1,联合运营商累计建设48个中大型智算中心,2025,medium
evidence_8f1c557b873ff438,claim_e9c5a87c5e4df248,annual_000938_2025,2025年年度报告,100,营业收入,1,"减：营业成本49 65,282,115,477.87",2025,medium
evidence_242d180d73c16880,claim_eda2af08a97888a1,annual_000938_2025,2025年年度报告,18,核心竞争力,1,合作伙伴首推“算力快线解决方案”,2025,medium
evidence_213244d29db0470f,claim_21aa25f4b47e0029,annual_000938_2025,2025年年度报告,26,费用,1,通过新一代处理器及FPGA 加速卡升级，新建连接性能同比提升 160%,2025,high
evidence_6bf5299a88089c7e,claim_ab7fda3215380193,annual_000938_2025,2025年年度报告,26,费用,1,通过新一代处理器及FPGA 加速卡升级，新建连接性能同比提升 160%,2025,high
evidence_c9ec34f0415442e4,claim_101ef1aae79c155a,annual_000938_2025,2025年年度报告,24,费用,1,持续在网络、安全、计算、存储、云计算、人工智能等重点领域的研发投入，夯实“云—网—安—算—存—端”全栈业务布局,2025,high
evidence_6c9f9112c9780da4,claim_2379cd97ed1c7ff8,annual_000938_2025,2025年年度报告,32,√适用 □不适用,1,同上。,2025,medium
evidence_45c34bed80433e6a,claim_bd67046e2847e3d7,annual_000938_2025,2025年年度报告,25,费用,1,完成下一代分布式存储X20000升级版本发布,2025,medium
evidence_2a86646e89c2409c,claim_9263f5acadddf08b,annual_000938_2025,2025年年度报告,24,费用,1,持续在网络、安全、计算、存储、云计算、人工智能等重点领域的研发投入，夯实“云—网—安—算—存—端”全栈业务布局,2025,high
evidence_47956d618754f313,claim_ac3449b0e73c0d6f,annual_000938_2025,2025年年度报告,25,费用,1,完成新一代R4700和4900系列服务器发布,2025,medium
evidence_1abb2beb214aeb43,claim_70b990dec57cf301,annual_000938_2025,2025年年度报告,24,单位：元,1,"表格：2025年研发费用4,952,674,806.36元",2025,medium
evidence_be42c8abb3a0a122,claim_902f3c4b3b192c67,annual_000938_2025,2025年年度报告,130,重要会计政策及会计估计（续）,1,当存在市价大幅度下跌等表明资产可能发生减值的迹象时，计提无形资产减值准备,2025,high
evidence_c445bb6a42547c79,claim_98bda214d41c7127,annual_000938_2025,2025年年度报告,53,内部控制审计报告,1,定量标准：一般缺陷：潜在风险事件可能造成的直接财产损失金额在2000 万元（含2000 万元）以下,2025,high
evidence_1ce9f2e5329eecc5,claim_5e1836c589937750,annual_000938_2025,2025年年度报告,188,合并财务报表主要项目注释（续）,1,"2024年营业收入79,024,078,451.16元",2025,medium
evidence_6ed70aefcb8313d5,claim_d9aeb10717c57165,annual_000938_2025,2025年年度报告,188,合并财务报表主要项目注释（续）,1,"2025年营业收入96,748,339,344.03元",2025,medium
evidence_6632e9d6c4e7b866,claim_4cc764dfb2cdf476,annual_000938_2025,2025年年度报告,147,税项（续）,1,根据《财政部 税务总局关于进一步完善研发费用税前加计扣除政策的公告》（财税〔2023〕7 号）规定，企业开展研发活动中实际发生的研发费用，未形成无形资产计入当期损益的，在按规定据实扣除的基础上，自2023 年1 月1 日起，再按照实际发生额的100%在税前加计扣除；形成无形资产的，自2023 年1 月1 日起，按照无形资产成本的200%在税前摊销。,2025,high
evidence_f893c8486f6d2384,claim_b1cbda9ed43cd146,annual_000938_2025,2025年年度报告,34,公司控制的结构化主体情况,1,新华三集团主要业务包括网络产品、服务器、存储产品、安全产品、云计算产品、互联网信息技术产品的研发、生产、销售等,2025,high
evidence_f424ba15dc9a84e2,claim_996a0d9343adf185,annual_000938_2025,2025年年度报告,12,管理层讨论与分析,1,国务院《关于深入实施“人工智能+”行动的意见》...明确算力基础设施建设、行业深度融合等发展方向,2025,high
evidence_98eec47269eda1fe,claim_42d3f6b1ec002186,annual_000938_2025,2025年年度报告,15,覆盖全球的销售网络,1,同上,2025,medium
evidence_bbcf9d3b142b56fa,claim_ae38a401e7b332e7,annual_000938_2025,2025年年度报告,10,非经常性损益项目及金额,1,表格显示紫光股份2025年各季度归属于上市公司股东的扣除非经常性损益的净利润数据。,2025,high
evidence_2e1233056e50896d,claim_1d524260a40f0154,annual_000938_2025,2025年年度报告,8,注册变更情况,1,作为数字化及AI解决方案领导者，公司提供全栈智能化的信息通信（ICT）基础设施、云与智能平台，以及数字化转型及智能化升级解决方案。,2025,high
evidence_3e77449813770969,claim_61d72f2f0cf4d0e0,annual_000938_2025,2025年年度报告,21,公司实物销售收入是否大于劳务收入,1,"直销 | 48,566,509,801.63 | 44,985,319,544.58 | 7.37% | 52.28% | 61.53% | -5.31%",2025,high
evidence_4079333c92368671,claim_3304f2396a1c414f,annual_000938_2025,2025年年度报告,16,主营业务分析,1,公司实现营业收入967.48亿元,2025,medium
evidence_9f619083ca8f5b39,claim_9c3676fc870c4367,annual_000938_2025,2025年年度报告,25,费用,1,完成多通道汇聚主机和系列全光入室影终端产品发布,2025,medium
evidence_5e1f89b40a601d96,claim_7cd9488ae19cc56f,annual_000938_2025,2025年年度报告,130,重要会计政策及会计估计（续）,1,研究阶段的支出，于发生时计入当期损益,2025,medium
evidence_dc023a16b84d3d20,claim_de8ffab288c26bdc,annual_000938_2025,2025年年度报告,53,内部控制审计报告,1,定量标准：营业收入潜在错报：重大缺陷：营业收入总额的1%＜错报；利润总额潜在错报：重大缺陷：利润总额的10%＜错报；资产总额潜在错报：重大缺陷：资产总额的1%＜错报；所有者权益潜在错报：重大缺陷：所有者权益总额的3%＜错报,2025,high
evidence_1e51910fe2388c8b,claim_b86a0fbe8d705a2d,annual_000938_2025,2025年年度报告,16,主营业务分析,1,公司打造了以高速无损网络、人工智能服务器、下一代存储、算力调度管理平台为核心的全栈智算解决方案,2025,high
evidence_55ff1db4dd09f5fd,claim_f8e5353a1ec6afba,annual_000938_2025,2025年年度报告,16,主营业务分析,1,公司打造了以高速无损网络、人工智能服务器、下一代存储、算力调度管理平台为核心的全栈智算解决方案,2025,high
evidence_862b07b2a2eb00cf,claim_691125969b66daba,annual_000938_2025,2025年年度报告,34,公司控制的结构化主体情况,1,"新华三集团营业收入75,980,744,968.15元",2025,medium
evidence_8296de073d4ca634,claim_c1591980019a323f,annual_000938_2025,2025年年度报告,26,费用,1,完成SecPath M9000 防火墙硬件架构升级产品发布,2025,medium
evidence_3b613c9c2257e095,claim_78d012c7fb72b6f6,annual_000938_2025,2025年年度报告,8,注册变更情况,1,作为数字化及AI解决方案领导者，公司提供全栈智能化的信息通信（ICT）基础设施、云与智能平台，以及数字化转型及智能化升级解决方案。,2025,high
evidence_34d570a74b26d74d,claim_7d51d13fadae1a9d,annual_000938_2025,2025年年度报告,10,非经常性损益项目及金额,1,表格显示紫光股份2025年各季度经营活动产生的现金流量净额数据。,2025,high
evidence_60292c56fd782ca6,claim_1990c964b4d8b64a,annual_000938_2025,2025年年度报告,113,基本情况,1,为客户提供网络、计算、存储、云计算、安全和智能终端等全栈智能化信息通信（ICT）基础设施、云与智能平台，以及数字化转型及智能化升级的解决方案。,2025,high
evidence_b9df028ae9698514,claim_1030ce67c7139c8a,annual_000938_2025,2025年年度报告,36,资金需求及使用计划,1,（2）技术和产品研发风险,2025,medium
evidence_08a9fe7ec24d6a41,claim_ca697d6a670f1299,annual_000938_2025,2025年年度报告,32,√适用 □不适用,1,同上。,2025,medium
evidence_ef992facf5f60b17,claim_eabdfacbde8edd31,annual_000938_2025,2025年年度报告,32,√适用 □不适用,1,3、履约风险：外汇套期保值业务存在合约到期无法履约造成违约而带来的风险。,2025,high
evidence_b48af3ae0aa5ac34,claim_69c40c362579353d,annual_000938_2025,2025年年度报告,20,单位：元,1,"营业收入合计：2025年96,748,339,344.03元，占营业收入比重100%。",2025,high
evidence_4e433fd9a1829a7b,claim_83d5ef52c432f265,annual_000938_2025,2025年年度报告,20,单位：元,1,分产品：ICT 基础设施与服务,2025,medium
evidence_33c1c56dc045d717,claim_2d7f1a307c52e938,annual_000938_2025,2025年年度报告,17,力利用率，关键部件实现液冷散热，为万亿参数模型训练提供强大支持，兼具高效与绿色特性。,1,发布全光网络5.0 解决方案,2025,medium
evidence_efc8eadd616c79f8,claim_76fab2caa2d965ee,annual_000938_2025,2025年年度报告,17,力利用率，关键部件实现液冷散热，为万亿参数模型训练提供强大支持，兼具高效与绿色特性。,1,发布全光网络5.0 解决方案,2025,medium
evidence_e7eb8340251244ef,claim_251d8d14183748b6,annual_000938_2025,2025年年度报告,9,□是 √否,1,"经营活动产生的现金流量净额（元）2025年3,486,751,492.84",2025,high
evidence_93dd6ce410b62600,claim_3a5b1b29b99afa42,annual_000938_2025,2025年年度报告,20,单位：元,1,"营业收入 96,748,339,344.03",2025,medium
evidence_cc9a2068741e96cb,claim_ddad0bc9ef2e9b28,annual_000938_2025,2025年年度报告,91,财务报告,1,"其中商品销售收入为人民币90,464百万元",2025,medium
evidence_ffc01b52d79bddce,claim_fe7ad29824fc4bfb,annual_000938_2025,2025年年度报告,17,力利用率，关键部件实现液冷散热，为万亿参数模型训练提供强大支持，兼具高效与绿色特性。,1,公司重点推进CPO 技术与Scale-up 整机柜两大前沿技术方向研究,2025,high
evidence_b367242a0e24450c,claim_8d79b795987fbcb5,annual_000938_2025,2025年年度报告,17,力利用率，关键部件实现液冷散热，为万亿参数模型训练提供强大支持，兼具高效与绿色特性。,1,公司重点推进CPO 技术与Scale-up 整机柜两大前沿技术方向研究,2025,high
evidence_0993ad36f0dbe68c,claim_014fc43016ce7d46,annual_000938_2025,2025年年度报告,17,力利用率，关键部件实现液冷散热，为万亿参数模型训练提供强大支持，兼具高效与绿色特性。,1,公司重点推进CPO 技术与Scale-up 整机柜两大前沿技术方向研究,2025,high
evidence_acfc401aca5284c3,claim_08f29d554f05a06f,annual_000938_2025,2025年年度报告,35,公司未来发展的展望,1,为人工智能、云计算、大数据、物联网等新兴技术在行业应用提供技术领先的计算、网络、存储和安全等软硬件产品,2025,high
evidence_c9524770567aa575,claim_89d5fc64ba0935d0,annual_000938_2025,2025年年度报告,32,√适用 □不适用,1,2、内部控制风险：外汇套期保值业务专业性较强，复杂程度较高，可能会由于内部控制机制不完善而造成操作风险。,2025,high
evidence_37857b4333c4c9c7,claim_6ea6c4b4d83035ed,annual_000938_2025,2025年年度报告,17,力利用率，关键部件实现液冷散热，为万亿参数模型训练提供强大支持，兼具高效与绿色特性。,1,51.2T CPO 硅光数据中心交换机产品融合核心技术优势,2025,medium
evidence_c8a1784b2ffc724b,claim_4b75c92cbc47de78,annual_000938_2025,2025年年度报告,17,力利用率，关键部件实现液冷散热，为万亿参数模型训练提供强大支持，兼具高效与绿色特性。,1,51.2T CPO 硅光数据中心交换机产品融合核心技术优势,2025,medium
evidence_ece7396e61647758,claim_9460529a6272c976,annual_000938_2025,2025年年度报告,17,力利用率，关键部件实现液冷散热，为万亿参数模型训练提供强大支持，兼具高效与绿色特性。,1,51.2T CPO 硅光数据中心交换机产品融合核心技术优势,2025,medium
evidence_eb3520fa9b327573,claim_edab62f0c1b3531c,annual_000938_2025,2025年年度报告,108,89 -减：营业外支出,1,"营业收入4 115,158,438.75 258,272,495.85",2025,high
evidence_8399201acd2b9baf,claim_fcbc4a38f7e09c17,annual_000938_2025,2025年年度报告,24,费用,1,夯实“云—网—安—算—存—端”全栈业务布局,2025,medium
evidence_7d8cdad890454a73,claim_c86aa5cb2d6503a2,annual_000938_2025,2025年年度报告,188,合并财务报表主要项目注释（续）,1,"2025年主营业务收入96,267,600,254.58元",2025,medium
evidence_e2e3e39dbb99da21,claim_28dec6dc757c3933,annual_000938_2025,2025年年度报告,9,□是 √否,1,"归属于上市公司股东的扣除非经常性损益的净利润（元）2025年1,634,660,607.17",2025,high
evidence_e5635d092dc3e490,claim_54529e51680c45eb,annual_000938_2025,2025年年度报告,16,主营业务分析,1,全面升级灵犀使能平台能力,2025,medium
evidence_9e5b42bd8afc98af,claim_786b543211cb3f90,annual_000938_2025,2025年年度报告,10,非经常性损益项目及金额,1,表格显示紫光股份2025年各季度归属于上市公司股东的净利润数据。,2025,high
evidence_17c5fd1658eb2a83,claim_1b8c49c51f0be91f,annual_000938_2025,2025年年度报告,36,资金需求及使用计划,1,（1）宏观经济环境变化风险,2025,medium
evidence_1199374993128b43,claim_e86577a8938d03aa,annual_000938_2025,2025年年度报告,35,公司未来发展的展望,1,为人工智能、云计算、大数据、物联网等新兴技术在行业应用提供技术领先的计算、网络、存储和安全等软硬件产品,2025,high
evidence_245fadf6958eee4f,claim_08bc403973413c05,annual_000938_2025,2025年年度报告,19,抢抓产业机遇，助力国内行业客户增强数智化水平,1,积极探索并实践AI智能体在政务场景的落地应用。,2025,medium
evidence_7f1e19fcb72fabe8,claim_1844481fc1845cae,annual_000938_2025,2025年年度报告,53,内部控制审计报告,1,定量标准：营业收入潜在错报：重要缺陷：营业收入总额的0.5%＜错报≤营业收入总额的1%；利润总额潜在错报：重要缺陷：利润总额的5%＜错报≤利润总额的10%；资产总额潜在错报：重要缺陷：资产总额的0.5%＜错报≤资产总额的1%；所有者权益潜在错报：重要缺陷：所有者权益总额的1.5%＜错报≤所有者权益总额的3%,2025,high
evidence_92d01cc7cb5d98f3,claim_a92a59d1eb7640b7,annual_000938_2025,2025年年度报告,14,优质的客户资源和丰富的数字化转型实践经验,1,中国UTM防火墙市场份额21.1%，位列第三,2025,medium
evidence_afe16c7c20387975,claim_19f4ab4f459308dd,annual_000938_2025,2025年年度报告,26,费用,1,完成新一代超融合版本发布,2025,medium
evidence_cfa6a81b9f146bec,claim_36409c894358759c,annual_000938_2025,2025年年度报告,13,核心竞争力分析,1,公司陆续推出百业灵犀私域大模型、灵犀使能平台、灵犀推理引擎、灵犀AI助手、灵犀Cube一体机及多个行业智能体,2025,high
evidence_e973ff9528d93ba3,claim_ef9f1477d89bfe75,annual_000938_2025,2025年年度报告,20,单位：元,1,营业收入同比增减：22.43%。,2025,medium
evidence_0626611247bdf104,claim_92a4152f9abe8f11,annual_000938_2025,2025年年度报告,32,√适用 □不适用,1,公司根据财政部《企业会计准则第22 号——金融工具确认和计量》《企业会计准则第24 号——套期会计》《企业会计准则第 37 号——金融工具列报》相关规定及其指南，对开展的外汇套期保值业务进行相应的核算处理。,2025,high
evidence_73c6e853353e9d70,claim_d8e76bd568d9219a,annual_000938_2025,2025年年度报告,25,费用,1,发布基于DeepSeek大模型一体机全系列产品,2025,medium
evidence_db97b71094ecd1dc,claim_a00c1f5652607493,annual_000938_2025,2025年年度报告,25,费用,1,发布基于DeepSeek大模型一体机全系列产品,2025,medium
evidence_3a5c7b68d1fda513,claim_730cad3a82706f98,annual_000938_2025,2025年年度报告,24,费用,1,公司深化“AI in ALL”、“AI for ALL”技术战略，持续在网络、安全、计算、存储、云计算、人工智能等重点领域的研发投入,2025,high
evidence_a9bec37b93c45ddb,claim_9b8edd67bb9f212b,annual_000938_2025,2025年年度报告,14,优质的客户资源和丰富的数字化转型实践经验,1,公司在中国企业网交换机市场份额36.1%，排名第一,2025,medium
evidence_c8588349999926b8,claim_ce5212963ef3bf1e,annual_000938_2025,2025年年度报告,19,抢抓产业机遇，助力国内行业客户增强数智化水平,1,公司深度参与多地智算中心、政务云、政务网项目建设；与多家头部互联网客户持续推进大规模算力集群与超节点系统建设；持续落地大中型智算中心建设项目。,2025,high
evidence_d2a5cc37152cdad6,claim_c4fe5e6998aa7a21,annual_000938_2025,2025年年度报告,19,抢抓产业机遇，助力国内行业客户增强数智化水平,1,公司深度参与多地智算中心、政务云、政务网项目建设；与多家头部互联网客户持续推进大规模算力集群与超节点系统建设；持续落地大中型智算中心建设项目。,2025,high
evidence_b56680d0002b02dc,claim_ce83012a40753e17,annual_000938_2025,2025年年度报告,20,单位：元,1,分产品：IT 产品分销与供应链服务,2025,medium
evidence_5a28ddfdd9190207,claim_fa567175dac2db40,annual_000938_2025,2025年年度报告,18,核心竞争力,1,公司数据中心交换机和高端路由器成功通过欧洲高级网络测试中心（EANTC）2025 互通性测试,2025,high
evidence_44f138b8c461d34b,claim_11388c2637d11026,annual_000938_2025,2025年年度报告,18,核心竞争力,1,公司数据中心交换机和高端路由器成功通过欧洲高级网络测试中心（EANTC）2025 互通性测试,2025,high
evidence_e5fed25fbc128963,claim_94823df37c2ccd40,annual_000938_2025,2025年年度报告,16,主营业务分析,1,公司发布了 “LinSeer ICT 智能体”,2025,medium
evidence_fb75d085915d753e,claim_804ba5f07470ee4f,annual_000938_2025,2025年年度报告,18,核心竞争力,1,发布智能制造无线网络解决方案,2025,medium
evidence_e656642d4fe601ec,claim_569e8a89d3c1e357,annual_000938_2025,2025年年度报告,20,单位：元,1,营业收入比上年同期增减 22.43%,2025,medium
evidence_1952cfdbc88050d1,claim_3b947bc5a873e53a,annual_000938_2025,2025年年度报告,21,公司实物销售收入是否大于劳务收入,1,"经销 | 48,181,829,542.40 | 37,646,527,073.81 | 21.87% | 2.23% | 0.57% | 1.29%",2025,high
evidence_5d37f7eeb5d59591,claim_e5057ea7d16ec227,annual_000938_2025,2025年年度报告,19,抢抓产业机遇，助力国内行业客户增强数智化水平,1,参与新一代AI Infra体系建设，从计算、存储、网络等多维度共同打造面向超大规模模型的基础架构。,2025,high
evidence_f3a333d113e35656,claim_0e13c71a7edc8021,annual_000938_2025,2025年年度报告,10,非经常性损益项目及金额,1,表格显示紫光股份2025年各季度营业收入数据。,2025,medium
evidence_101c1f0c7e3359c4,claim_9891ff7f29da8c99,annual_000938_2025,2025年年度报告,100,营业收入,1,"净利润 2,171,084,501.45",2025,medium
evidence_d2d5a092e757cef3,claim_17f68a8a170aa61f,annual_000938_2025,2025年年度报告,14,优质的客户资源和丰富的数字化转型实践经验,1,公司金融智算解决方案服务多家头部银行及券商等客户,2025,medium
evidence_aec879991776018a,claim_425075d72afcfd73,annual_000938_2025,2025年年度报告,12,管理层讨论与分析,1,基础层聚焦智算中心等核心算力设施,2025,medium
evidence_d652ebfdceec73b7,claim_2bc5ac5b49ca328f,annual_000938_2025,2025年年度报告,12,管理层讨论与分析,1,基础层聚焦智算中心等核心算力设施,2025,medium
evidence_aed4440ce4daaa32,claim_c78f8fb28a7346ba,annual_000938_2025,2025年年度报告,14,优质的客户资源和丰富的数字化转型实践经验,1,中国企业级WLAN市场份额27.9%，持续位列第一,2025,medium
evidence_c98560976a9dd2c8,claim_8d1a539a6ed49139,annual_000938_2025,2025年年度报告,34,公司控制的结构化主体情况,1,新华三集团主要业务包括网络产品、服务器、存储产品、安全产品、云计算产品、互联网信息技术产品的研发、生产、销售等,2025,high
evidence_681ed37a5b27ce06,claim_5ffefbbe58855410,annual_000938_2025,2025年年度报告,24,费用,1,公司深化“AI in ALL”、“AI for ALL”技术战略，持续在网络、安全、计算、存储、云计算、人工智能等重点领域的研发投入,2025,high
evidence_26d87cd39ec3ecd8,claim_78e94b24edeb6fa3,annual_000938_2025,2025年年度报告,35,公司未来发展的展望,1,为人工智能、云计算、大数据、物联网等新兴技术在行业应用提供技术领先的计算、网络、存储和安全等软硬件产品,2025,high
evidence_c9c95572ae440840,claim_c3345d9dbfc7d1bd,annual_000938_2025,2025年年度报告,27,公司研发投入情况,1,构建满足智算需求的专属云,2025,medium
evidence_ea46854949ff2a8d,claim_a6242d0a29e26d8e,annual_000938_2025,2025年年度报告,53,内部控制审计报告,1,定量标准：重要缺陷：潜在风险事件可能造成的直接财产损失金额在2000 万元-8000万元（含8000 万元）之间,2025,high
evidence_61112d1079cb726e,claim_0717765d4c6dda9a,annual_000938_2025,2025年年度报告,16,主营业务分析,1,公司打造了以高速无损网络、人工智能服务器、下一代存储、算力调度管理平台为核心的全栈智算解决方案,2025,high
evidence_e17c3bc7030f76a0,claim_e8470b923bd1c733,annual_000938_2025,2025年年度报告,16,主营业务分析,1,公司打造了以高速无损网络、人工智能服务器、下一代存储、算力调度管理平台为核心的全栈智算解决方案,2025,high
evidence_1c147e639fb28bce,claim_d68cafdacaeb7266,annual_000938_2025,2025年年度报告,26,费用,1,发布 AI 安全系列智能体,2025,medium
evidence_45e1229b3b88cf3b,claim_a4e6f32a9970a435,annual_000938_2025,2025年年度报告,91,财务报告,1,"2025年紫光股份有限公司合并财务报表中营业收入为人民币96,748百万元",2025,high
evidence_2bd75e81043fb7a9,claim_b8a678776ca10ec0,annual_000938_2025,2025年年度报告,174,合并财务报表主要项目注释（续）,1,毛利率14.8%-15.7%,2025,medium
evidence_ef9c025af30e6f7e,claim_d7c1c31dd913d9eb,annual_000938_2025,2025年年度报告,24,费用,1,持续在网络、安全、计算、存储、云计算、人工智能等重点领域的研发投入，夯实“云—网—安—算—存—端”全栈业务布局,2025,high
evidence_f29043031ff591b8,claim_4dc0f107b3d8f728,annual_000938_2025,2025年年度报告,24,费用,1,面对以人工智能、云计算、大数据等为代表的新一代数字技术融合趋势,2025,high
evidence_23991161e3f4a55e,claim_4cae4f6bd0d7c0b0,annual_000938_2025,2025年年度报告,34,公司控制的结构化主体情况,1,新华三集团主要业务包括网络产品、服务器、存储产品、安全产品、云计算产品、互联网信息技术产品的研发、生产、销售等,2025,high
evidence_c5418d76bdd65a67,claim_d508cf1c450c0825,industry_tech_deepseek_v3_2025,DeepSeek-V3 Technical Report,1,DeepSeek-AI,2,"To achieve efficient inference and cost-effective training, DeepSeek-V3 adopts Multi-head Latent Attention (MLA) and DeepSeekMoE architectures, which were thoroughly validated in DeepSeek-V2.",2025,high
evidence_631695d0aeb8c684,claim_ec0a33210f9e9ff0,industry_tech_deepseek_v3_2025,DeepSeek-V3 Technical Report,4,Introduction,2,"To further push the boundaries of open-source model capabilities, we scale up our models and introduce DeepSeek-V3, a large Mixture-of-Experts (MoE) model with 671B parameters, of which 37B are activated for each token.",2025,high
evidence_e230b42ce8441c79,claim_4e4d71cafe361ebc,industry_tech_deepseek_v3_2025,DeepSeek-V3 Technical Report,4,Introduction,2,"To further push the boundaries of open-source model capabilities, we scale up our models and introduce DeepSeek-V3, a large Mixture-of-Experts (MoE) model with 671B parameters, of which 37B are activated for each token.",2025,high
evidence_9a65af598c183f19,claim_e39851c934e9a17a,industry_tech_deepseek_v3_2025,DeepSeek-V3 Technical Report,4,Introduction,2,"To further push the boundaries of open-source model capabilities, we scale up our models and introduce DeepSeek-V3, a large Mixture-of-Experts (MoE) model with 671B parameters, of which 37B are activated for each token.",2025,high
evidence_3bebf6189a859ab3,claim_739afb682afaba04,industry_tech_deepseek_v3_2025,DeepSeek-V3 Technical Report,4,Introduction,2,"To further push the boundaries of open-source model capabilities, we scale up our models and introduce DeepSeek-V3, a large Mixture-of-Experts (MoE) model with 671B parameters, of which 37B are activated for each token.",2025,high
evidence_83b3d5592e1add0b,claim_3d043b6b808b16b0,industry_tech_deepseek_v3_2025,DeepSeek-V3 Technical Report,4,Introduction,2,"In addition, we also develop efficient cross-node all-to-all communication kernels to fully utilize InfiniBand (IB) and NVLink bandwidths.",2025,high
evidence_72f10d631240552d,claim_0acb0cf8b10771f7,industry_tech_deepseek_v3_2025,DeepSeek-V3 Technical Report,4,Introduction,2,"In addition, we also develop efficient cross-node all-to-all communication kernels to fully utilize InfiniBand (IB) and NVLink bandwidths.",2025,high
evidence_064dc9e5d935ed15,claim_1bc3d6491387cbb7,industry_tech_deepseek_v3_2025,DeepSeek-V3 Technical Report,4,Introduction,2,"In addition, we also develop efficient cross-node all-to-all communication kernels to fully utilize InfiniBand (IB) and NVLink bandwidths.",2025,high
evidence_b0f108b56ffb4c0e,claim_42f03b010d04ccf1,industry_tech_deepseek_v3_2025,DeepSeek-V3 Technical Report,4,Introduction,2,"In addition, we also develop efficient cross-node all-to-all communication kernels to fully utilize InfiniBand (IB) and NVLink bandwidths.",2025,high
evidence_96be8d82431a4dd6,claim_e1734de8359e60fd,industry_tech_deepseek_v3_2025,DeepSeek-V3 Technical Report,6,Architecture,2,"Subsequently, we introduce our infrastructures, encompassing our compute clusters, the training framework, the support for FP8 training, the inference deployment strategy, and our suggestions on future hardware design.",2025,high
evidence_2075a2ba89035d27,claim_26de099b0ce0fc3e,industry_tech_deepseek_v3_2025,DeepSeek-V3 Technical Report,6,Architecture,2,"Subsequently, we introduce our infrastructures, encompassing our compute clusters, the training framework, the support for FP8 training, the inference deployment strategy, and our suggestions on future hardware design.",2025,high
evidence_a28d216c74b0d72c,claim_45d84cd785682b42,industry_tech_deepseek_v3_2025,DeepSeek-V3 Technical Report,6,Basic Architecture,2,"For efficient inference and economical training, DeepSeek-V3 also adopts MLA and DeepSeekMoE, which have been thoroughly validated by DeepSeek-V2.",2025,high
evidence_feaaa4b4db1488d3,claim_34bb7cf0564cc0a4,industry_tech_deepseek_v3_2025,DeepSeek-V3 Technical Report,12,Training Framework,2,"Secondly, we develop efficient cross-node all-to-all communication kernels to fully utilize IB and NVLink bandwidths and conserve Streaming Multiprocessors (SMs) dedicated to communication.",2025,high
evidence_a623c11de18c40ce,claim_4a1d3f6838f35a1f,industry_tech_deepseek_v3_2025,DeepSeek-V3 Technical Report,12,Training Framework,2,"Secondly, we develop efficient cross-node all-to-all communication kernels to fully utilize IB and NVLink bandwidths and conserve Streaming Multiprocessors (SMs) dedicated to communication.",2025,high
evidence_d57f08b135df11c9,claim_5f6f9344690cfa35,industry_tech_deepseek_v3_2025,DeepSeek-V3 Technical Report,12,Training Framework,2,"Secondly, we develop efficient cross-node all-to-all communication kernels to fully utilize IB and NVLink bandwidths and conserve Streaming Multiprocessors (SMs) dedicated to communication.",2025,high
evidence_83c071a2a7ff08d6,claim_498e21e847cf3d23,industry_tech_deepseek_v3_2025,DeepSeek-V3 Technical Report,12,Training Framework,2,"Secondly, we develop efficient cross-node all-to-all communication kernels to fully utilize IB and NVLink bandwidths and conserve Streaming Multiprocessors (SMs) dedicated to communication.",2025,high
evidence_aa28641e4a047212,claim_5d9e3b78853c2ddd,industry_tech_deepseek_v3_2025,DeepSeek-V3 Technical Report,12,Training Framework,2,"This overlap also ensures that, as the model further scales up, as long as we maintain a constant computation-to-communication ratio, we can still employ fine-grained experts across nodes while achieving a near-zero all-to-all communication overhead.",2025,high
evidence_a9cfb34c0072434e,claim_4cb7ea49be36b5a8,industry_tech_deepseek_v3_2025,DeepSeek-V3 Technical Report,12,Training Framework,2,"This overlap also ensures that, as the model further scales up, as long as we maintain a constant computation-to-communication ratio, we can still employ fine-grained experts across nodes while achieving a near-zero all-to-all communication overhead.",2025,high
evidence_8de47c0b7f448703,claim_66466382be7b834a,industry_tech_deepseek_v3_2025,DeepSeek-V3 Technical Report,12,Training Framework,2,"This overlap also ensures that, as the model further scales up, as long as we maintain a constant computation-to-communication ratio, we can still employ fine-grained experts across nodes while achieving a near-zero all-to-all communication overhead.",2025,high
evidence_491bfebbca824e56,claim_a971a456c8ce59b7,industry_tech_deepseek_v3_2025,DeepSeek-V3 Technical Report,12,Training Framework,2,"This overlap also ensures that, as the model further scales up, as long as we maintain a constant computation-to-communication ratio, we can still employ fine-grained experts across nodes while achieving a near-zero all-to-all communication overhead.",2025,high
evidence_a6de68d85de6f636,claim_b0658d3ec8010737,industry_tech_deepseek_v3_2025,DeepSeek-V3 Technical Report,20,Suggestions on Hardware Design,2,"Furthermore, to reduce application programming complexity, we aim for this hardware to unify the IB (scale-out) and NVLink (scale-up) networks from the perspective of the computation units.",2025,high
evidence_d924db3f91ef2bfe,claim_aea0e086f7f121a0,industry_tech_deepseek_v3_2025,DeepSeek-V3 Technical Report,20,Suggestions on Hardware Design,2,"Furthermore, to reduce application programming complexity, we aim for this hardware to unify the IB (scale-out) and NVLink (scale-up) networks from the perspective of the computation units.",2025,high
evidence_98e7d3c0534e0088,claim_939e9fa0ceb07d21,industry_tech_deepseek_v3_2025,DeepSeek-V3 Technical Report,20,Compute Hardware,2,"In the current Tensor Core implementation of the NVIDIA Hopper architecture, FP8 GEMM suffers from limited accumulation precision.",2025,high
evidence_f3721cfaa12f9335,claim_a91ea08d8feb9286,industry_tech_deepseek_v3_2025,DeepSeek-V3 Technical Report,22,Hyper-Parameters,2,"In MLA, we set the number of attention heads 𝑛ℎto 128 and the per-head dimension 𝑑ℎ to 128.",2025,high
evidence_3f668de1f27a7a2e,claim_7cd3119e533c50c2,industry_tech_deepseek_v3_2025,DeepSeek-V3 Technical Report,22,Hyper-Parameters,2,"As DeepSeek-V2, DeepSeek-V3 also employs additional RMSNorm layers after the compressed latent vectors, and multiplies additional scaling factors at the width bottlenecks.",2025,high
evidence_7e73ebe6f6634623,claim_d2c4dd3bee9bef3a,industry_tech_deepseek_v3_2025,DeepSeek-V3 Technical Report,22,Hyper-Parameters,2,"As DeepSeek-V2, DeepSeek-V3 also employs additional RMSNorm layers after the compressed latent vectors, and multiplies additional scaling factors at the width bottlenecks.",2025,high
evidence_b175cfbf71d7331d,claim_a02261d2c6026175,industry_tech_deepseek_v3_2025,DeepSeek-V3 Technical Report,24,Evaluations,2,"In addition, we perform language-modeling-based evaluation for Pile-test and use Bits-Per-Byte (BPB) as the metric to guarantee fair comparison among models using different tokenizers.",2025,high
evidence_8ec3c12f566b23c2,claim_f6ea548e81369e89,industry_tech_deepseek_v3_2025,DeepSeek-V3 Technical Report,24,AI,2,"Note that due to the changes in our evaluation framework over the past months, the performance",2025,high
evidence_d8c1bddd8de2fe89,claim_c5245446316e32f8,industry_tech_deepseek_v3_2025,DeepSeek-V3 Technical Report,24,AI,2,"Note that due to the changes in our evaluation framework over the past months, the performance",2025,high
evidence_ccb97d70f0391084,claim_96545e29b4153301,industry_tech_deepseek_v3_2025,DeepSeek-V3 Technical Report,31,Standard Evaluation,2,Sonnet-1022 0513 V3 | Architecture # Activated Params # Total Params | MoE MoE 21B 21B 236B 236B | Dense Dense - - 72B 405B - - 72B 405B - - | MoE 37B 671B | | --- | --- | --- | --- |,2025,high
evidence_605ebe1bd0af4458,claim_72ef8815aed022c5,industry_tech_deepseek_v3_2025,DeepSeek-V3 Technical Report,32,AI,2,"On the factual knowledge benchmark, SimpleQA, DeepSeek-V3 falls behind GPT-4o and Claude-Sonnet, primarily due to its design focus and resource allocation.",2025,high
evidence_2811225f3933b2b5,claim_d91a1d99c4e6e4e7,industry_tech_deepseek_v3_2025,DeepSeek-V3 Technical Report,32,AI,2,"On the factual knowledge benchmark, SimpleQA, DeepSeek-V3 falls behind GPT-4o and Claude-Sonnet, primarily due to its design focus and resource allocation.",2025,high
evidence_d5e7e1dd87674e2b,claim_430dc170382950cf,industry_tech_deepseek_v3_2025,DeepSeek-V3 Technical Report,37,AI,2,Deepseekmoe: Towards ultimate expert specialization in mixture-of-experts language models.,2025,high
evidence_fc7245f4f797c00f,claim_8f1ae1d082df0134,industry_tech_deepseek_v3_2025,DeepSeek-V3 Technical Report,40,AI,2,"Ccpm: A chinese classical poetry matching dataset, 2021.",2025,high
evidence_a8d36771bbf12c5c,claim_9b0c3a775c7dca00,industry_tech_deepseek_v3_2025,DeepSeek-V3 Technical Report,41,AI,2,FP8-LM: Training FP8 large language models.,2025,high
evidence_e47bd5e276015caf,claim_5054e81ee652f3b9,industry_tech_fire_flyer_ai_hpc_2024,Fire-Flyer AI-HPC Cost-Effective Software-Hardware Co-Design for Deep Learning,1,AI,2,China research@deepseek.com Abstract—The rapid progress in Deep Learning (DL) and Large Language Models (LLMs) has exponentially increased demands of computational power and bandwidth.,2024,high
evidence_fcab59d0ea6df8e2,claim_81a0245513807f2a,industry_tech_fire_flyer_ai_hpc_2024,Fire-Flyer AI-HPC Cost-Effective Software-Hardware Co-Design for Deep Learning,2,AI,2,"Model FLOPs Utilization (MFU), which assesses the ratio of observed throughput to theoretical maximum throughput (assuming 100% peak FLOPS), serves as the standard metric for evaluating training efficiency.",2024,high
evidence_6917339253d6d493,claim_79c75ec0a7de2e19,industry_tech_fire_flyer_ai_hpc_2024,Fire-Flyer AI-HPC Cost-Effective Software-Hardware Co-Design for Deep Learning,2,AI,2,"Model FLOPs Utilization (MFU), which assesses the ratio of observed throughput to theoretical maximum throughput (assuming 100% peak FLOPS), serves as the standard metric for evaluating training efficiency.",2024,high
evidence_c45f93c087613770,claim_4935bb382be403dd,industry_tech_fire_flyer_ai_hpc_2024,Fire-Flyer AI-HPC Cost-Effective Software-Hardware Co-Design for Deep Learning,3,AI,2," TPUv Gaudi  KNL K  GTX  HBME HBM  Pentium  HBM   NVLink . GDDR HBM GDDR PCIe . NVLink .  PCIe . PCIe . .         There are additional strategies and algorithms to accelerate training or reduce memory usage, such as Activation Recomputation [34], [35], as well as enhanced communication and computation overlap during parallelism [36], among others.",2024,high
evidence_61a7e29e2a3e8e8b,claim_c83560b34c2e63e9,industry_tech_fire_flyer_ai_hpc_2024,Fire-Flyer AI-HPC Cost-Effective Software-Hardware Co-Design for Deep Learning,3,AI,2," TPUv Gaudi  KNL K  GTX  HBME HBM  Pentium  HBM   NVLink . GDDR HBM GDDR PCIe . NVLink .  PCIe . PCIe . .         There are additional strategies and algorithms to accelerate training or reduce memory usage, such as Activation Recomputation [34], [35], as well as enhanced communication and computation overlap during parallelism [36], among others.",2024,high
evidence_4c8dd62a502704eb,claim_adb1a3b6e9fa9a93,industry_tech_fire_flyer_ai_hpc_2024,Fire-Flyer AI-HPC Cost-Effective Software-Hardware Co-Design for Deep Learning,4,AI,2, CPU CPU   Root Port Root Port Root Port Root Port   nvlink nvlink nvlink nvlink . .          Figure 3: Size of Model Parameter and Accelerator Memory Figure 4: In-node Architecture: 8 PCIe GPUs and 1 InfiniBand (IB) NIC are directly connected to the CPU.,2024,high
evidence_df841a5d2c24c8f6,claim_3b0a52b4aa195dee,industry_tech_fire_flyer_ai_hpc_2024,Fire-Flyer AI-HPC Cost-Effective Software-Hardware Co-Design for Deep Learning,4,AI,2, CPU CPU   Root Port Root Port Root Port Root Port   nvlink nvlink nvlink nvlink . .          Figure 3: Size of Model Parameter and Accelerator Memory Figure 4: In-node Architecture: 8 PCIe GPUs and 1 InfiniBand (IB) NIC are directly connected to the CPU.,2024,high
evidence_b295714b7bba4f98,claim_0195a0e9d5d0cf6e,industry_tech_fire_flyer_ai_hpc_2024,Fire-Flyer AI-HPC Cost-Effective Software-Hardware Co-Design for Deep Learning,4,AI,2,"As models continue to grow larger, DL training requires thousands of GPUs.",2024,high
evidence_9bc31f8f202f1347,claim_0de95c474912009e,industry_tech_fire_flyer_ai_hpc_2024,Fire-Flyer AI-HPC Cost-Effective Software-Hardware Co-Design for Deep Learning,4,AI,2,"As models continue to grow larger, DL training requires thousands of GPUs.",2024,high
evidence_94d34a91c9e2c584,claim_fa173d88fe9a505e,industry_tech_fire_flyer_ai_hpc_2024,Fire-Flyer AI-HPC Cost-Effective Software-Hardware Co-Design for Deep Learning,4,AI,2,### Table I: Our Arch and DGX-A100 Server Hardware Details | | Our PCIe Arch | DGX-A100 | | --- | --- | --- | | CPU | 2 * AMD 32 Cores EPYC Rome/Milan CPU | 2 * AMD 64 Cores EPYC 7742 CPU | | Memory | 512GB 16-Channels DDR4-3200Mhz | 2048GB 16-Channels DDR4-3200Mhz | | GPU | 8 * PCIe-A100-40GB | 8 * SXM-A100-40GB | | NICs | 1 * Mellanox InfiniBand cx6 200Gbps NIC | 9 * Mellanox InfiniBand cx6 200Gbps NIC | | NVLINK | 600 GB/s between each pair of GPUs | 600 GB/s interconnect among all 8 GPUs |,2024,high
evidence_fb335e6904dfcb22,claim_1b9cf3f26569dea5,industry_tech_fire_flyer_ai_hpc_2024,Fire-Flyer AI-HPC Cost-Effective Software-Hardware Co-Design for Deep Learning,4,AI,2,### Table I: Our Arch and DGX-A100 Server Hardware Details | | Our PCIe Arch | DGX-A100 | | --- | --- | --- | | CPU | 2 * AMD 32 Cores EPYC Rome/Milan CPU | 2 * AMD 64 Cores EPYC 7742 CPU | | Memory | 512GB 16-Channels DDR4-3200Mhz | 2048GB 16-Channels DDR4-3200Mhz | | GPU | 8 * PCIe-A100-40GB | 8 * SXM-A100-40GB | | NICs | 1 * Mellanox InfiniBand cx6 200Gbps NIC | 9 * Mellanox InfiniBand cx6 200Gbps NIC | | NVLINK | 600 GB/s between each pair of GPUs | 600 GB/s interconnect among all 8 GPUs |,2024,high
evidence_fbe9e9bef45d9392,claim_06b5c8c14e7ef75d,industry_tech_fire_flyer_ai_hpc_2024,Fire-Flyer AI-HPC Cost-Effective Software-Hardware Co-Design for Deep Learning,4,AI,2,### Table I: Our Arch and DGX-A100 Server Hardware Details | | Our PCIe Arch | DGX-A100 | | --- | --- | --- | | CPU | 2 * AMD 32 Cores EPYC Rome/Milan CPU | 2 * AMD 64 Cores EPYC 7742 CPU | | Memory | 512GB 16-Channels DDR4-3200Mhz | 2048GB 16-Channels DDR4-3200Mhz | | GPU | 8 * PCIe-A100-40GB | 8 * SXM-A100-40GB | | NICs | 1 * Mellanox InfiniBand cx6 200Gbps NIC | 9 * Mellanox InfiniBand cx6 200Gbps NIC | | NVLINK | 600 GB/s between each pair of GPUs | 600 GB/s interconnect among all 8 GPUs |,2024,high
evidence_06ca4d6e297e4c9b,claim_f3607a9487e86fa8,industry_tech_fire_flyer_ai_hpc_2024,Fire-Flyer AI-HPC Cost-Effective Software-Hardware Co-Design for Deep Learning,4,AI,2,### Table I: Our Arch and DGX-A100 Server Hardware Details | | Our PCIe Arch | DGX-A100 | | --- | --- | --- | | CPU | 2 * AMD 32 Cores EPYC Rome/Milan CPU | 2 * AMD 64 Cores EPYC 7742 CPU | | Memory | 512GB 16-Channels DDR4-3200Mhz | 2048GB 16-Channels DDR4-3200Mhz | | GPU | 8 * PCIe-A100-40GB | 8 * SXM-A100-40GB | | NICs | 1 * Mellanox InfiniBand cx6 200Gbps NIC | 9 * Mellanox InfiniBand cx6 200Gbps NIC | | NVLINK | 600 GB/s between each pair of GPUs | 600 GB/s interconnect among all 8 GPUs |,2024,high
evidence_7724888d5e24aaa2,claim_a0d5fe3a56696887,industry_tech_fire_flyer_ai_hpc_2024,Fire-Flyer AI-HPC Cost-Effective Software-Hardware Co-Design for Deep Learning,5,AI,2,"Cost Performance of Our Architecture We selected the Fat-Tree [9] topology as our primary network architecture due to its exceptionally high bisection bandwidth, making it the preferred choice for AI-HPC and highthroughput storage environments.",2024,high
evidence_14ffe1744f4552c3,claim_d022db3d6fc379e2,industry_tech_fire_flyer_ai_hpc_2024,Fire-Flyer AI-HPC Cost-Effective Software-Hardware Co-Design for Deep Learning,5,AI,2,"Cost Performance of Our Architecture We selected the Fat-Tree [9] topology as our primary network architecture due to its exceptionally high bisection bandwidth, making it the preferred choice for AI-HPC and highthroughput storage environments.",2024,high
evidence_f37a700a8739f9bf,claim_8175c52ffad4aa37,industry_tech_fire_flyer_ai_hpc_2024,Fire-Flyer AI-HPC Cost-Effective Software-Hardware Co-Design for Deep Learning,5,AI,2,"While there is a performance gap due to the inherent differences between PCIe card specifications and SXM, we generally achieved 80% of the DGX-A100 performance at merely 60% of the cost.",2024,high
evidence_0c7dcbc0854bd7c3,claim_e918fbefe5233472,industry_tech_fire_flyer_ai_hpc_2024,Fire-Flyer AI-HPC Cost-Effective Software-Hardware Co-Design for Deep Learning,5,AI,2,"While there is a performance gap due to the inherent differences between PCIe card specifications and SXM, we generally achieved 80% of the DGX-A100 performance at merely 60% of the cost.",2024,high
evidence_b6e615f4bb45a473,claim_0bfdce3511bbb398,industry_tech_fire_flyer_ai_hpc_2024,Fire-Flyer AI-HPC Cost-Effective Software-Hardware Co-Design for Deep Learning,6,AI,2,"Inter-node reduction, as shown in the Algorithm 2: 1) Use the Double Binary Tree Algorithm [65] for internode allreduce, facilitating transfers between nodes using RDMA verbs implementation.",2024,high
evidence_38def453c9e2b25b,claim_2f073d67094031bb,industry_tech_fire_flyer_ai_hpc_2024,Fire-Flyer AI-HPC Cost-Effective Software-Hardware Co-Design for Deep Learning,6,Reduced PCIe Bandwidth Consumption: Let,2,"As illustrated in Figure 7b, HFReduce with NVLink achieves inter-node bandwidths exceeding 10 GB/s.",2024,high
evidence_b02cabbcb198d3fb,claim_35f471a88f492e29,industry_tech_fire_flyer_ai_hpc_2024,Fire-Flyer AI-HPC Cost-Effective Software-Hardware Co-Design for Deep Learning,6,Reduced PCIe Bandwidth Consumption: Let,2,"As illustrated in Figure 7b, HFReduce with NVLink achieves inter-node bandwidths exceeding 10 GB/s.",2024,high
evidence_3eda328f8b148397,claim_5fc26c19f33042b9,industry_tech_fire_flyer_ai_hpc_2024,Fire-Flyer AI-HPC Cost-Effective Software-Hardware Co-Design for Deep Learning,8,NVLink Bridge Enables Tensor Parallel be,2,"1) NVLink Bridge Enables Tensor Parallel between PCIe GPUs: With the advent of LLMs, we integrated the NVLink Bridge into our system.",2024,high
evidence_2748df0d85ee0e3c,claim_f86af19697fa9f02,industry_tech_fire_flyer_ai_hpc_2024,Fire-Flyer AI-HPC Cost-Effective Software-Hardware Co-Design for Deep Learning,8,NVLink Bridge Enables Tensor Parallel be,2,"1) NVLink Bridge Enables Tensor Parallel between PCIe GPUs: With the advent of LLMs, we integrated the NVLink Bridge into our system.",2024,high
evidence_9e7e0c931b7fc0aa,claim_c098c90ca8cdcbab,industry_tech_fire_flyer_ai_hpc_2024,Fire-Flyer AI-HPC Cost-Effective Software-Hardware Co-Design for Deep Learning,8,NVLink Bridge Enables Tensor Parallel be,2,| LLAMA-13B TRAINING 64.118 STEP 32.508 / SECONDS 17.448 9.717 NUMBER OF GPUS | DEEPSEEKMOE-16B TRAINING 79.615 40.352 STEP / SECONDS 20.784 10.71 6.535 NUMBER OF GPUS | | --- | --- |,2024,high
evidence_11b1c315769abcbb,claim_00ef2ca39e40b5bd,industry_tech_fire_flyer_ai_hpc_2024,Fire-Flyer AI-HPC Cost-Effective Software-Hardware Co-Design for Deep Learning,8,NVLink Bridge Enables Tensor Parallel be,2,| LLAMA-13B TRAINING 64.118 STEP 32.508 / SECONDS 17.448 9.717 NUMBER OF GPUS | DEEPSEEKMOE-16B TRAINING 79.615 40.352 STEP / SECONDS 20.784 10.71 6.535 NUMBER OF GPUS | | --- | --- |,2024,high
evidence_aba7ca323110c821,claim_da97d84b3c773a5d,industry_tech_fire_flyer_ai_hpc_2024,Fire-Flyer AI-HPC Cost-Effective Software-Hardware Co-Design for Deep Learning,9,Overview: 3FS is our in-house developed,2,"However, the design and implementation of 3FS specifically focus on fully utilizing the high IOPS and throughput of NVMe SSDs and the RDMA network.",2024,high
evidence_c2859de4e6ac7bb6,claim_bb3b1c1b6d362977,industry_tech_fire_flyer_ai_hpc_2024,Fire-Flyer AI-HPC Cost-Effective Software-Hardware Co-Design for Deep Learning,9,3FS Storage Node Hardware: In Fire-Flyer,2,"With totally 360 * 200Gbps outbound InfiniBand HCAs, the system can total provide 9TB/s outbound bandwidh, and we actually achieved total read throughput of 8TB/s.",2024,high
evidence_1661c766d0287bed,claim_3e1753e9e7366706,industry_tech_fire_flyer_ai_hpc_2024,Fire-Flyer AI-HPC Cost-Effective Software-Hardware Co-Design for Deep Learning,9,3FS Storage Node Hardware: In Fire-Flyer,2,"With totally 360 * 200Gbps outbound InfiniBand HCAs, the system can total provide 9TB/s outbound bandwidh, and we actually achieved total read throughput of 8TB/s.",2024,high
evidence_d63583fb95012802,claim_b9fb2a3250ae283a,industry_tech_fire_flyer_ai_hpc_2024,Fire-Flyer AI-HPC Cost-Effective Software-Hardware Co-Design for Deep Learning,9,Table IV: Storage Node Hardware Details,2,### Table IV: Storage Node Hardware Details | CPU | 1 * AMD 64 Cores EPYC 7742 CPU | | --- | --- | | Memory | 512GB 8-Channels DDR4-3200Mhz | | NICs | 2 * Mellanox InfiniBand CX6 200Gbps NIC | | Data SSDs | 16 * 15.36TB PCIe 4.0x4 |,2024,high
evidence_3cc03361787f1eda,claim_fc3159d0f639eb40,industry_tech_fire_flyer_ai_hpc_2024,Fire-Flyer AI-HPC Cost-Effective Software-Hardware Co-Design for Deep Learning,9,Table IV: Storage Node Hardware Details,2,### Table IV: Storage Node Hardware Details | CPU | 1 * AMD 64 Cores EPYC 7742 CPU | | --- | --- | | Memory | 512GB 8-Channels DDR4-3200Mhz | | NICs | 2 * Mellanox InfiniBand CX6 200Gbps NIC | | Data SSDs | 16 * 15.36TB PCIe 4.0x4 |,2024,high
evidence_bff31833513d7eea,claim_2b085a610ab60d5b,industry_tech_fire_flyer_ai_hpc_2024,Fire-Flyer AI-HPC Cost-Effective Software-Hardware Co-Design for Deep Learning,10,AI,2,"How to tackle these hardware failures, promptly identify and categorize them, is a key issue to improve the online rate and overall utilization of cluster nodes.",2024,high
evidence_4505b660912b50fc,claim_ebc4641b951f772a,industry_tech_fire_flyer_ai_hpc_2024,Fire-Flyer AI-HPC Cost-Effective Software-Hardware Co-Design for Deep Learning,10,AI,2,"How to tackle these hardware failures, promptly identify and categorize them, is a key issue to improve the online rate and overall utilization of cluster nodes.",2024,high
evidence_a666da4e51947836,claim_1e55c31b08b895e4,industry_tech_fire_flyer_ai_hpc_2024,Fire-Flyer AI-HPC Cost-Effective Software-Hardware Co-Design for Deep Learning,11,GPU Xid Error: An Xid error [88] is a ge,2,"Discussion on Congestion Control in RDMA Networks 1) GPU Xid Error: An Xid error [88] is a general GPU fault message that originates from the NVIDIA driver, logged into the kernel or event log of the operating system.",2024,high
evidence_9ba44458be4b1373,claim_6b6113efef85bcc8,industry_tech_fire_flyer_ai_hpc_2024,Fire-Flyer AI-HPC Cost-Effective Software-Hardware Co-Design for Deep Learning,11,GPU Xid Error: An Xid error [88] is a ge,2,"Discussion on Congestion Control in RDMA Networks 1) GPU Xid Error: An Xid error [88] is a general GPU fault message that originates from the NVIDIA driver, logged into the kernel or event log of the operating system.",2024,high
evidence_2e5da0647f7062c1,claim_a2f7b2feb3f7ee7c,industry_tech_fire_flyer_ai_hpc_2024,Fire-Flyer AI-HPC Cost-Effective Software-Hardware Co-Design for Deep Learning,11,GPU Xid Error: An Xid error [88] is a ge,2,"To mitigate this, IB NICs use DCQCN (Data Center Quantized Congestion Notification) [93] as their congestion control algorithm.",2024,high
evidence_16ffedd45a9c1be0,claim_6e8d83803adf6b04,industry_tech_fire_flyer_ai_hpc_2024,Fire-Flyer AI-HPC Cost-Effective Software-Hardware Co-Design for Deep Learning,11,GPU Xid Error: An Xid error [88] is a ge,2,"To mitigate this, IB NICs use DCQCN (Data Center Quantized Congestion Notification) [93] as their congestion control algorithm.",2024,high
evidence_b5ac18e90879edf5,claim_b968b2eb24aacb31,industry_tech_fire_flyer_ai_hpc_2024,Fire-Flyer AI-HPC Cost-Effective Software-Hardware Co-Design for Deep Learning,11,Table V: Type of GPU Xid Errors and Its Causes,2,| | NVLink Error: Xid 74 | Xid74 indicates errors in NVLink.,2024,high
evidence_4259f409f6e645ba,claim_ae8a9177d0133d23,industry_tech_fire_flyer_ai_hpc_2024,Fire-Flyer AI-HPC Cost-Effective Software-Hardware Co-Design for Deep Learning,11,Table V: Type of GPU Xid Errors and Its Causes,2,| | NVLink Error: Xid 74 | Xid74 indicates errors in NVLink.,2024,high
evidence_1d122f5efd1fd739,claim_d1b4e09b1ef598fa,industry_tech_fire_flyer_ai_hpc_2024,Fire-Flyer AI-HPC Cost-Effective Software-Hardware Co-Design for Deep Learning,12,Construction Cost: Relative hardware cos,2,The decision to install NVLink should be based on actual needs due to its potential drawbacks.,2024,high
evidence_3a08c73ed9431664,claim_b3d29243503ee89e,industry_tech_fire_flyer_ai_hpc_2024,Fire-Flyer AI-HPC Cost-Effective Software-Hardware Co-Design for Deep Learning,12,AI,2,"Our next-generation PCIe architecture is designed for MoE (Mixture of Experts) LLM training, where all-to-all performance is crucial.",2024,high
evidence_e1bf256e085acbe7,claim_a7bb5d6758f15b4b,industry_tech_fire_flyer_ai_hpc_2024,Fire-Flyer AI-HPC Cost-Effective Software-Hardware Co-Design for Deep Learning,12,AI,2,"Our next-generation PCIe architecture is designed for MoE (Mixture of Experts) LLM training, where all-to-all performance is crucial.",2024,high
evidence_073ef35ddeffb770,claim_8403501974e97ff0,industry_tech_fire_flyer_ai_hpc_2024,Fire-Flyer AI-HPC Cost-Effective Software-Hardware Co-Design for Deep Learning,15,AI,2,"Huang, “Hostping: Diagnosing intra-host network bottlenecks in RDMA servers,” in 20th USENIX Symposium on Networked Systems Design and Implementation (NSDI 23).",2024,high
evidence_91a97792d7efa1a0,claim_964f83a4b1bafea0,industry_tech_fire_flyer_ai_hpc_2024,Fire-Flyer AI-HPC Cost-Effective Software-Hardware Co-Design for Deep Learning,15,AI,2,"Flor, “Adaptive routing in infiniband hardware,” in 2022 22nd IEEE International Symposium on Cluster, Cloud and Internet Computing (CCGrid), 2022, pp.",2024,high
evidence_47f80da843887a5d,claim_7e1f0be3ef4aade5,industry_tech_fire_flyer_ai_hpc_2024,Fire-Flyer AI-HPC Cost-Effective Software-Hardware Co-Design for Deep Learning,15,AI,2,"Zahavi, “Deploying Quality of Service and Congestion Control in InfiniBand-based Data Center Networks.” [Online].",2024,high
evidence_7ab05326b853ef40,claim_9800d84b2fcaf471,industry_tech_fire_flyer_ai_hpc_2024,Fire-Flyer AI-HPC Cost-Effective Software-Hardware Co-Design for Deep Learning,15,AI,2,"Hennecke, “Daos: A scale-out high performance storage stack for storage class memory,” in Supercomputing Frontiers, D.",2024,high
evidence_1d88d1b3f743c418,claim_97b48b81964542fe,industry_tech_flashattention_2022,FlashAttention Fast and Memory-Efficient Exact Attention with IO-Awareness,9,3 Benchmarking Attentio,2,"Additionally, block-sparse FlashAttention enables the Transformers to scale to sequence length 64K, achieving 63.1 accuracy4 on Path-256.",2022,high
evidence_7ccb795e461396ce,claim_5dddebee21da564f,industry_tech_flashattention_2022,FlashAttention Fast and Memory-Efficient Exact Attention with IO-Awareness,9,3 Benchmarking Attention,2,"4.3 Benchmarking Attention We vary sequence length and measure runtime and memory usage of FlashAttention and block-sparse FlashAttention against various attention baselines on one A100 GPU with 40 GB HBM, with dropout and a padding mask.",2022,high
evidence_f8858ae96950af97,claim_c70ed64af2a86a35,industry_tech_flashattention_2022,FlashAttention Fast and Memory-Efficient Exact Attention with IO-Awareness,10,AI,2,"The runtimes of many approximate/sparse attention mechanisms grow linearly with sequence length, but FlashAttention still runs faster than approximate and sparse attention for short sequences due to fewer memory accesses.",2022,high
evidence_f2212265ec1983f0,claim_3186724f844fd62f,industry_tech_flashattention_2022,FlashAttention Fast and Memory-Efficient Exact Attention with IO-Awareness,10,AI,2,"The runtimes of many approximate/sparse attention mechanisms grow linearly with sequence length, but FlashAttention still runs faster than approximate and sparse attention for short sequences due to fewer memory accesses.",2022,high
evidence_7c23a619d131ee92,claim_b0c148adda26e320,industry_tech_flashattention_2022,FlashAttention Fast and Memory-Efficient Exact Attention with IO-Awareness,30,AI,2,"Setup We measure runtime and memory usage of the attention computation with 8 heads of dimension 64, and batch size 16 on a machine with one A100 GPU with 40 GB of GPU HBM.",2022,high
evidence_e6e17c59cd966675,claim_3070e81364858633,industry_tech_flashattention_2022,FlashAttention Fast and Memory-Efficient Exact Attention with IO-Awareness,30,AI,2,"Setup We measure runtime and memory usage of the attention computation with 8 heads of dimension 64, and batch size 16 on a machine with one A100 GPU with 40 GB of GPU HBM.",2022,high
evidence_b2b5495301153f5c,claim_297bab92d8bd85d4,industry_tech_flashattention_2022,FlashAttention Fast and Memory-Efficient Exact Attention with IO-Awareness,31,AI,2,"These methods did not successfully run the backward pass with masking due to a bug in external libraries, so we measured them without masking to be generous.",2022,high
evidence_11a22c61bfe64333,claim_62cbf942242fc803,industry_tech_flashattention_2022,FlashAttention Fast and Memory-Efficient Exact Attention with IO-Awareness,31,AI,2,"These methods did not successfully run the backward pass with masking due to a bug in external libraries, so we measured them without masking to be generous.",2022,high
evidence_f58864aaac383ce2,claim_1ae5a9acd2ef9559,industry_tech_flashattention_2022,FlashAttention Fast and Memory-Efficient Exact Attention with IO-Awareness,31,AI,2,| Attention Method | 128 256 512 1024 2048 4096 8192 16384 32768 65536 | | --- | --- | | PyTorch Attention Megatron | 0.36 0.34 0.78 2.54 9.33 36.33 - - - - 0.40 0.40 1.10 3.65 16.19 - - - - - | | Reformer Local Attention Linformer Smyrf LSformer | 2.03 3.15 5.67 11.02 22.59 46.14 97.38 212.13 - - 0.83 0.86 1.01 2.20 7.13 14.32 28.60 57.79 117.67 - 0.67 0.52 0.69 0.71 1.65 3.18 6.15 12.16 24.17 52.39 2.27 2.34 3.91 7.44 14.71 29.22 58.27 116.41 - - 1.18 1.27 1.34 3.38 11.40 22.55 44.95 89.76 179,2022,high
evidence_02983b87e7971ff9,claim_b336e5cdbd08a8e2,industry_tech_heterogeneous_chiplets_ai_2024,Challenges and Opportunities to Enable Large-Scale Computing via Heterogeneous Chiplets,1,AI,2,The emerging chiplet technologies are enabling novel heterogeneous integration across different IP vendors.,2024,high
evidence_02ab64b3f85315c1,claim_a2b2cd530a277534,industry_tech_heterogeneous_chiplets_ai_2024,Challenges and Opportunities to Enable Large-Scale Computing via Heterogeneous Chiplets,1,CTC = TimeComp.,2,"From the deep learning inference aspect, for example in real-time application scenarios where low latency is required, ASICs are designed in the seek for better customization.",2024,high
evidence_ef6ec8b3fe565a26,claim_926135dfc418c29c,industry_tech_heterogeneous_chiplets_ai_2024,Challenges and Opportunities to Enable Large-Scale Computing via Heterogeneous Chiplets,2,AI,2,"TABLE I: Comparisons between chiplet and PCB, monolithic ASIC [10].",2024,high
evidence_a33af4f2dda67f68,claim_c29c4f07fcee69af,industry_tech_heterogeneous_chiplets_ai_2024,Challenges and Opportunities to Enable Large-Scale Computing via Heterogeneous Chiplets,2,AI,2,"TABLE I: Comparisons between chiplet and PCB, monolithic ASIC [10].",2024,high
evidence_2eeba79cd4d6837f,claim_f9c7a4ddd6b153ca,industry_tech_heterogeneous_chiplets_ai_2024,Challenges and Opportunities to Enable Large-Scale Computing via Heterogeneous Chiplets,2,AI,2,"There is a trend showing that every two years, the peak hardware throughput increases 3x but the bandwidth only increases 1.6x [15].",2024,high
evidence_3dab83f55e851492,claim_a1f0e684abbb916d,industry_tech_heterogeneous_chiplets_ai_2024,Challenges and Opportunities to Enable Large-Scale Computing via Heterogeneous Chiplets,2,AI,2,"There is a trend showing that every two years, the peak hardware throughput increases 3x but the bandwidth only increases 1.6x [15].",2024,high
evidence_8c0b98ffeb43bed3,claim_bfa683cacb3762fc,industry_tech_heterogeneous_chiplets_ai_2024,Challenges and Opportunities to Enable Large-Scale Computing via Heterogeneous Chiplets,2,AI,2,"### Integration Technology Design Cycle Cost/$ Integration Energy Efficiency Performance | Monolithic ASIC Chiplet PCB | >1 year >1,000,000 +++ +++ +++ months 1,000-1,000,000 ++ ++ ++ weeks 100-10,000 + + + | | --- | --- |",2024,high
evidence_f8913076d6324446,claim_bb40594c6cd3b6b0,industry_tech_heterogeneous_chiplets_ai_2024,Challenges and Opportunities to Enable Large-Scale Computing via Heterogeneous Chiplets,2,AI,2,"### Integration Technology Design Cycle Cost/$ Integration Energy Efficiency Performance | Monolithic ASIC Chiplet PCB | >1 year >1,000,000 +++ +++ +++ months 1,000-1,000,000 ++ ++ ++ weeks 100-10,000 + + + | | --- | --- |",2024,high
evidence_8871adf1280a4bbd,claim_6fe5e9f104cfc359,industry_tech_heterogeneous_chiplets_ai_2024,Challenges and Opportunities to Enable Large-Scale Computing via Heterogeneous Chiplets,3,AI,2,"Therefore, to decrease inference latency, chiplets with more memory channels or higher I/O bandwidth are preferred to be integrated into the SiP.",2024,high
evidence_d907387509e274f2,claim_228a580ac6d87b64,industry_tech_heterogeneous_chiplets_ai_2024,Challenges and Opportunities to Enable Large-Scale Computing via Heterogeneous Chiplets,3,AI,2,"At present, there are many parallel interface standards, such as Advanced Interface Bus (AIB) [22], Bunch of Wires (BoW) [24], high bandwidth memory (HBM) interconnect [26], Low-voltage-In-PackageINter-CONnect (LINPINCON) [27], Universal Chiplet Interconnect Express (UCIe) [34], Advanced Cost-driven Chiplet (ACC) [30].",2024,high
evidence_14bb711dc58ef9e8,claim_8b7b34267d3fd855,industry_tech_heterogeneous_chiplets_ai_2024,Challenges and Opportunities to Enable Large-Scale Computing via Heterogeneous Chiplets,3,AI,2,"At present, there are many parallel interface standards, such as Advanced Interface Bus (AIB) [22], Bunch of Wires (BoW) [24], high bandwidth memory (HBM) interconnect [26], Low-voltage-In-PackageINter-CONnect (LINPINCON) [27], Universal Chiplet Interconnect Express (UCIe) [34], Advanced Cost-driven Chiplet (ACC) [30].",2024,high
evidence_f9878ac34f067347,claim_9e8a2f402393c0ba,industry_tech_heterogeneous_chiplets_ai_2024,Challenges and Opportunities to Enable Large-Scale Computing via Heterogeneous Chiplets,3,AI,2,A report shows that packaging costs can be comparable with designing a chip due to the low yield of the complex packaging processing and the bounding defects [43].,2024,high
evidence_0234c86aed098fc4,claim_e1c950c0b34441d0,industry_tech_heterogeneous_chiplets_ai_2024,Challenges and Opportunities to Enable Large-Scale Computing via Heterogeneous Chiplets,3,AI,2,A report shows that packaging costs can be comparable with designing a chip due to the low yield of the complex packaging processing and the bounding defects [43].,2024,high
evidence_331bdabd8bfaf9bc,claim_4ccd886f64036f21,industry_tech_heterogeneous_chiplets_ai_2024,Challenges and Opportunities to Enable Large-Scale Computing via Heterogeneous Chiplets,4,AI,2,"### Protocol Institution Typical Energy Efficiency (pJ/bit) Maximum Speed (Gbps/wire) Fault Tolerance Mechanism | USR [21] AIB [22], [23] BoW [24], [25] HBM [26] LINPINCON [27] UCIe [28] AAC [29], [30] | \\ <0.6 [21] >20 [21] N/A Intel 0.85 (Gen1) 2 (Gen1) [22], 6.4 (Gen2) [23] N/A ODSA <0.25-1.0 [25] 32 [24] N/A JESDC \\ 6.4 ECC TSMC 0.424 2.8 N/A UCIe Union 0.25-1.25 [28] 32 GT/s [28] CRC + Retransmission China Chiplet Industry Alliance 2.5 [29] 128 [30] CRC + BER + Retransmission | | --- | --",2024,high
evidence_895ae3b7c6676cf5,claim_76b7a804e0463256,industry_tech_heterogeneous_chiplets_ai_2024,Challenges and Opportunities to Enable Large-Scale Computing via Heterogeneous Chiplets,4,AI,2,"### Protocol Institution Typical Energy Efficiency (pJ/bit) Maximum Speed (Gbps/wire) Fault Tolerance Mechanism | USR [21] AIB [22], [23] BoW [24], [25] HBM [26] LINPINCON [27] UCIe [28] AAC [29], [30] | \\ <0.6 [21] >20 [21] N/A Intel 0.85 (Gen1) 2 (Gen1) [22], 6.4 (Gen2) [23] N/A ODSA <0.25-1.0 [25] 32 [24] N/A JESDC \\ 6.4 ECC TSMC 0.424 2.8 N/A UCIe Union 0.25-1.25 [28] 32 GT/s [28] CRC + Retransmission China Chiplet Industry Alliance 2.5 [29] 128 [30] CRC + BER + Retransmission | | --- | --",2024,high
evidence_c1dd748d309249a2,claim_26a60c007f698fa3,industry_tech_heterogeneous_chiplets_ai_2024,Challenges and Opportunities to Enable Large-Scale Computing via Heterogeneous Chiplets,5,AI,2,"CONCLUSION With the boom in AI models and fast-increasing demands on performance and energy efficiency, heterogeneous integration based on chiplet becomes a promising way to keep scaling while minimizing the total cost.",2024,high
evidence_4e1f5e1ead0c325e,claim_20df03f74d5c0008,industry_tech_heterogeneous_chiplets_ai_2024,Challenges and Opportunities to Enable Large-Scale Computing via Heterogeneous Chiplets,5,AI,2,"y efficiency, heterogeneous integration based on chiplet becomes a promising way to keep scaling while minimizing the total cost.",2024,high
evidence_dca831207a88e332,claim_fe3e6e9f6d0432da,industry_tech_heterogeneous_chiplets_ai_2024,Challenges and Opportunities to Enable Large-Scale Computing via Heterogeneous Chiplets,6,AI,2,"Li et al., “Chiplet heterogeneous integration technology—status and challenges,” Electronics, vol.",2024,high
evidence_544747adf87fec11,claim_afebb1f57150b172,industry_tech_heterogeneous_chiplets_ai_2024,Challenges and Opportunities to Enable Large-Scale Computing via Heterogeneous Chiplets,6,AI,2,"Ma et al., “Tap-2.5d: A thermally-aware chiplet placement m",2024,high
evidence_746aba6c375aefff,claim_96422048bf12ec31,industry_tech_heterogeneous_chiplets_ai_2024,Challenges and Opportunities to Enable Large-Scale Computing via Heterogeneous Chiplets,6,[45] “IEEE Standard for Test Access Arch,2,"Eris et al., “Leveraging thermally-aware chiplet organization in 2.5 d systems to reclaim dark silicon,” in DATE.",2024,high
evidence_67247b3a791ba94c,claim_49b8ca51db5fac94,industry_tech_hir_photonics_2023,HIR 2023 Integrated Photonics,17,AI,1,Design tools for silicon photonics are available today and expanding rapidly AIM Photonics announced a Process Design Kit and multi-project wafer available in October of 2018.,2023,high
evidence_457678c70a4ba99f,claim_a70649f26b6349a7,industry_tech_hir_photonics_2023,HIR 2023 Integrated Photonics,25,AI,1,Today it is experiencing a flurry of interest due to the expectation that it will be one of the key sensors to enable autonomous driving.,2023,high
evidence_c151d1c2d38e4a84,claim_0bd0c52c69348df6,industry_tech_hir_photonics_2023,HIR 2023 Integrated Photonics,25,AI,1,Today it is experiencing a flurry of interest due to the expectation that it will be one of the key sensors to enable autonomous driving.,2023,high
evidence_c4e502895ea99bdd,claim_fa00a2dc98773fc7,industry_tech_hir_thermal_2023,HIR 2023 Thermal,9,5 Heterogeneous Integration for Harsh En,1,This power electronics power density increase to 100 kW/L represents a factor of 5 to 10 increase with respect to the state-of-the-art electric-drive vehicle power electronics.,2023,high
evidence_ba4e7f3cd5b0a8d1,claim_4b2ad10c436ca5ab,industry_tech_hir_thermal_2023,HIR 2023 Thermal,9,5 Heterogeneous Integration for Harsh En,1,This power electronics power density increase to 100 kW/L represents a factor of 5 to 10 increase with respect to the state-of-the-art electric-drive vehicle power electronics.,2023,high
evidence_b4a06895222a32dd,claim_fe4095e4551ad1ad,industry_tech_hir_thermal_2023,HIR 2023 Thermal,9,5 Heterogeneous Integration for Harsh En,1,This power electronics power density increase to 100 kW/L represents a factor of 5 to 10 increase with respect to the state-of-the-art electric-drive vehicle power electronics.,2023,high
evidence_3685144617444b02,claim_4b9200cbf228664b,industry_tech_hir_thermal_2023,HIR 2023 Thermal,9,5 Heterogeneous Integration for Harsh En,1,This power electronics power density increase to 100 kW/L represents a factor of 5 to 10 increase with respect to the state-of-the-art electric-drive vehicle power electronics.,2023,high
evidence_2260d3e97cc5ebea,claim_56155b8de6d49e29,industry_tech_hir_thermal_2023,HIR 2023 Thermal,9,5 Heterogeneous Integration for Harsh En,1,"Application of heterogeneous integration to harsh environments is challenging due to the 3D top-side contour of heterogeneous packages, the dissimilar junction limits of heterogeneous components in a system, and the extreme thermomechanical challenges imposed by the extreme temperature cycles.",2023,high
evidence_dc38a5cc79227c53,claim_1b3188e5e39e1642,industry_tech_hir_thermal_2023,HIR 2023 Thermal,9,5 Heterogeneous Integration for Harsh En,1,"Application of heterogeneous integration to harsh environments is challenging due to the 3D top-side contour of heterogeneous packages, the dissimilar junction limits of heterogeneous components in a system, and the extreme thermomechanical challenges imposed by the extreme temperature cycles.",2023,high
evidence_92c4690d53808249,claim_cf6e210ac51a0c63,industry_tech_irds_more_moore_2024,IRDS 2024 More Moore,6,INTRODUCTION,1,"Data and HPC servers – cache integration, memory, IO • AI accelerators in enterprise/cloud • Codec ASICs - 24/7/365 continuous run of video and audio (codec), 5 years minimum time • Networking – Always-on, 500W power envelope • Advanced driver assistance system (ADAS) chips – Autonomous driving • Memory and IO solutions for AI, graphics, HPC Novel compute fabrics • Neural processing unit",2024,high
evidence_f63f0a233cdb172b,claim_8bc24d67605316c3,industry_tech_irds_more_moore_2024,IRDS 2024 More Moore,6,INTRODUCTION,1,"Data and HPC servers – cache integration, memory, IO • AI accelerators in enterprise/cloud • Codec ASICs - 24/7/365 continuous run of video and audio (codec), 5 years minimum time • Networking – Always-on, 500W power envelope • Advanced driver assistance system (ADAS) chips – Autonomous driving • Memory and IO solutions for AI, graphics, HPC Novel compute fabrics • Neural processing unit",2024,high
evidence_f7e406d8e372cf18,claim_6ef144f59eb33c7b,industry_tech_irds_more_moore_2024,IRDS 2024 More Moore,9,CHALLENGES,1,CHALLENGES The goal of the semiconductor industry is to be able to continue to scale the technology to improve overall performance at reduced power and cost.,2024,high
evidence_26adc5aaf3e71f8d,claim_5c97ef1e946a6761,industry_tech_irds_outside_system_connectivity_2024,IRDS 2024 Outside System Connectivity,7,INTRODUCTION,1,"As IoE was used for a broader range of applications, some applications had unacceptably slow performance due to the latency of communicating with the cloud.",2024,high
evidence_3a8771f09dc57e3d,claim_c949001e537a5150,industry_tech_irds_outside_system_connectivity_2024,IRDS 2024 Outside System Connectivity,17,AI,1,"Optical I/O chiplets are being developed for integration with switches, but over time they may also be integrated on package with AI and CPU processors.",2024,high
evidence_e707359bc4213823,claim_b87b9c3a4e540eb0,industry_tech_irds_packaging_tutorial_2024,IRDS 2024 Executive Packaging Tutorial Part 1,9,AI,1,The downside of all these low-cost solutions resides in the implication that signal propagation delay resulted severely degraded right after the signal left the IC due to poor propagation properties of all the materials us,2024,high
evidence_7b549e0765c1a7b3,claim_fb69eaf851c07d2b,industry_tech_irds_packaging_tutorial_2024,IRDS 2024 Executive Packaging Tutorial Part 1,9,AI,1,ese low-cost solutions resides in the implication that signal propagation delay resulted severely degraded right after the signal left the IC due to poor propagation properties of all the materials used for the in-package interconnections related to their intrinsic electrical properties.,2024,high
evidence_deb3eae1d5c07fa2,claim_b4030752473782e4,industry_tech_irds_packaging_tutorial_2024,IRDS 2024 Executive Packaging Tutorial Part 1,10,AI,1,In the end this approach called 2.5D was successful and prevailed in the marketplace; for the first time the crucial role of advanced packaging stood up and forever changed the ro,2024,high
evidence_6b1ed8d73cb1c12a,claim_5bdd9b88c7dd7c42,industry_tech_irds_packaging_tutorial_2024,IRDS 2024 Executive Packaging Tutorial Part 1,10,AI,1,In the end this approach called 2.5D was successful and prevailed in the marketplace; for the first time the crucial role of advanced packaging stood up and forever changed the role of packaging from a passive participant to an active enabler.,2024,high
evidence_155591a85795762c,claim_5cffb20695e6f100,industry_tech_irds_packaging_tutorial_2024,IRDS 2024 Executive Packaging Tutorial Part 1,10,AI,1,In the end this approach called 2.5D was successful and prevailed in the marketplace; for the first time the crucial role of advanced packaging stood up and forever changed the role of packaging from a passive participant to an active enabler.,2024,high
evidence_a50e795548d5eadf,claim_d556f1896034df8c,industry_tech_irds_packaging_tutorial_2024,IRDS 2024 Executive Packaging Tutorial Part 1,11,AI,1,Among the newly created chapters a forward-looking chapter entitled “Heterogeneous Integration” was published and for the first time provided a novel view of the many integrated packaging and IC solutions coming in the next 15 years.,2024,high
evidence_e9c58e3d5ea1858a,claim_b803b060a85672ec,industry_tech_irds_packaging_tutorial_2024,IRDS 2024 Executive Packaging Tutorial Part 1,14,Table 2 Considerations for Signal Delay Analysis,1,"### Table 2 Considerations for Signal Delay Analysis | | Key Concepts | | Considerations | | --- | --- | --- | --- | | Impact of Technology Scaling | | • As technology nodes shrink, delays in ICs can become more significant due to increased resistance, capacitance, and variations in manufacturing.",2024,high
evidence_796762754642a28d,claim_7a89a4df808ad902,industry_tech_irds_packaging_tutorial_2024,IRDS 2024 Executive Packaging Tutorial Part 1,17,AI,1,AI and Edge Computing—The increasing adoption of AI and edge computing applications has fueled the development of SoCs with integrated AI accelerators and other specialized processing units.,2024,high
evidence_9a2ba2d460c42bca,claim_bd5ca1b5945f2384,industry_tech_irds_packaging_tutorial_2024,IRDS 2024 Executive Packaging Tutorial Part 1,26,2024 IRDS EXECUTIVE PACKAGING TUTORIAL—PART 1,1,| | Silicon | | Silicon substrates are used in advanced packaging techniques like silicon interposers in 2.5D and 3D ICs.,2024,high
evidence_295a4087a76a277f,claim_b7e38ef9cb05f511,industry_tech_irds_packaging_tutorial_2024,IRDS 2024 Executive Packaging Tutorial Part 1,34,Flip Chip Technology,1,"The use of C4 technology enabled higher clock speeds and better thermal management, which were crucial for the performance demands of this high-end processor.",2024,high
evidence_35ab8b746fcd761a,claim_1e0bb7065ee929e1,industry_tech_irds_packaging_tutorial_2024,IRDS 2024 Executive Packaging Tutorial Part 1,34,Flip Chip Technology,1,"The use of C4 technology enabled higher clock speeds and better thermal management, which were crucial for the performance demands of this high-end processor.",2024,high
evidence_f1f1eb8d5684b9a7,claim_51eccaa4dc68709f,industry_tech_irds_packaging_tutorial_2024,IRDS 2024 Executive Packaging Tutorial Part 1,50,Organic Laminates,1,"The following are important key trends expected to shape the future of semiconductor packaging: Advanced Packaging Technologies • 2.5D and 3D Packaging—These technologies enable stacking multiple chips on top of each other or side by side, leading to better performance and lower power consumption.",2024,high
evidence_68eaa1b6495376f9,claim_b89e30e6dcdb98c9,industry_tech_irds_packaging_tutorial_2024,IRDS 2024 Executive Packaging Tutorial Part 1,50,Organic Laminates,1,"The following are important key trends expected to shape the future of semiconductor packaging: Advanced Packaging Technologies • 2.5D and 3D Packaging—These technologies enable stacking multiple chips on top of each other or side by side, leading to better performance and lower power consumption.",2024,high
evidence_b5357de96e4a664a,claim_e6fafeeac3c9512a,industry_tech_irds_packaging_tutorial_2024,IRDS 2024 Executive Packaging Tutorial Part 1,51,AI,1,"3D Chips Stacking Thermal Management Stacking chips in integrated circuits, commonly known as 3D IC packaging, presents several thermal challenges.",2024,high
evidence_3805ad5864374e87,claim_1ea7cc2ac64c7643,industry_tech_irds_packaging_tutorial_2024,IRDS 2024 Executive Packaging Tutorial Part 1,51,AI,1,"3D Chips Stacking Thermal Management Stacking chips in integrated circuits, commonly known as 3D IC packaging, presents several thermal challenges.",2024,high
evidence_dfa3e64f0c550b4a,claim_0d37a8eff2acb638,industry_tech_irds_packaging_tutorial_2024,IRDS 2024 Executive Packaging Tutorial Part 1,54,Manufacturing Complexity—Creating and in,1,"Current State (2024)—Typical micropillar pitches in advanced packaging technologies, such as flip-chip and 2.5D/3D ICs, are in the range of 40-100 µm.",2024,high
evidence_de345a38e4d871f9,claim_443e9346a55c76fe,industry_tech_irds_packaging_tutorial_2024,IRDS 2024 Executive Packaging Tutorial Part 1,54,Manufacturing Complexity—Creating and in,1,"oved from larger pitch sizes (e.g., 250-300 µm) to much finer pitches (e.g., 60-80 µm).",2024,high
evidence_395b8624ba081088,claim_ee1a7d6e39bb63a1,industry_tech_irds_packaging_tutorial_2024,IRDS 2024 Executive Packaging Tutorial Part 1,55,AI,1,o Improved electrical and thermal performance due to shorter interconnect paths.,2024,high
evidence_b0548cbf5344d865,claim_f1183e97da443355,industry_tech_irds_packaging_tutorial_2024,IRDS 2024 Executive Packaging Tutorial Part 1,55,AI,1,o Improved electrical and thermal performance due to shorter interconnect paths.,2024,high
evidence_26ddccbae80617e5,claim_78583471551f21c0,industry_tech_irds_packaging_tutorial_2024,IRDS 2024 Executive Packaging Tutorial Part 1,59,AI,1,"Advanced Packaging and 3D Integration (2020s) • TSV Spacing—5 µm to 10 µm • Context—In the 2020s, TSVs became increasingly critical in high-performance computing, AI accelerators, and other advanced applications.",2024,high
evidence_71a138860a719194,claim_4cb916206d4bc7b0,industry_tech_irds_packaging_tutorial_2024,IRDS 2024 Executive Packaging Tutorial Part 1,78,AI,1,"Effective thermal management is crucial in applications where ICs operate at high power levels or in compact, high-density environments.",2024,high
evidence_22c50774f05b69e7,claim_d06af99b0001d4e4,industry_tech_irds_packaging_tutorial_2024,IRDS 2024 Executive Packaging Tutorial Part 1,84,AI,1,"| | | | | 2.5D/3D IC Substrates | | Typically, these substrates are slightly larger than the die themselves, ranging from 20 mm x 20 mm to 40 mm x 40 mm or more.",2024,high
evidence_ab444303fccc3b77,claim_973826797216cac5,industry_tech_irds_packaging_tutorial_2024,IRDS 2024 Executive Packaging Tutorial Part 1,95,3D Integration—CoWoS allows for the stac,1,SiP integrates multiple chiplets or dice into a single package using advanced 3D packaging techniques.,2024,high
evidence_1e0c309c6c07caba,claim_d998895eddeed8e3,industry_tech_irds_packaging_tutorial_2024,IRDS 2024 Executive Packaging Tutorial Part 1,95,AI,1,"Enhanced Thermal Management—The use of an interposer and the design of the CoWoS package can improve heat dissipation, which is essential for high-performance chips that generate significant amounts of heat.",2024,high
evidence_e9abb4e01b422302,claim_d6ea5ea938722301,industry_tech_irds_packaging_tutorial_2024,IRDS 2024 Executive Packaging Tutorial Part 1,95,AI,1,"Enhanced Thermal Management—The use of an interposer and the design of the CoWoS package can improve heat dissipation, which is essential for high-performance chips that generate significant amounts of heat.",2024,high
evidence_65ad971eb0c5bc94,claim_ce2314a092edb9f8,industry_tech_irds_packaging_tutorial_2024,IRDS 2024 Executive Packaging Tutorial Part 1,99,Xe-HPC Architecture:,1,"Advanced Packaging Technologies: o Foveros 3D Stacking—Intel’s Foveros technology enables 3D stacking of chiplets, where one tile can be stacked on top of another, significantly increasing density and performance while reducing latency.",2024,high
evidence_9e08f82a8e375faa,claim_21b600ae8d0ff937,industry_tech_irds_packaging_tutorial_2024,IRDS 2024 Executive Packaging Tutorial Part 1,99,Xe-HPC Architecture:,1,"Advanced Packaging Technologies: o Foveros 3D Stacking—Intel’s Foveros technology enables 3D stacking of chiplets, where one tile can be stacked on top of another, significantly increasing density and performance while reducing latency.",2024,high
evidence_b11ff24e3458fbd9,claim_5b2eed74309a78eb,industry_tech_irds_packaging_tutorial_2024,IRDS 2024 Executive Packaging Tutorial Part 1,99,AI,1,"ts multiple HBM stacks, ensuring sufficient memory bandwidth to keep the GPU cores fed with data.",2024,high
evidence_8f7c2eab39cc5089,claim_45c8e7761ee805a6,industry_tech_irds_packaging_tutorial_2024,IRDS 2024 Executive Packaging Tutorial Part 1,100,Compute Chiplets:,1,"o HBM2e Chiplets—The HBM2e memory is integrated as chiplets, providing high memory bandwidth directly on the package, reducing the need for external memory access and improving performance.",2024,high
evidence_fe5eadab3b917587,claim_609fe56fc3acced2,industry_tech_irds_packaging_tutorial_2024,IRDS 2024 Executive Packaging Tutorial Part 1,100,AI,1,"icant leap in GPU design, leveraging SiP with a multi-chiplet architecture and advanced packaging technologies like Foveros and EMIB.",2024,high
evidence_0bd6f481b49111b1,claim_b18aa8ca806560e8,industry_tech_irds_packaging_tutorial_2024,IRDS 2024 Executive Packaging Tutorial Part 1,101,High Bandwidth and Low Latency:,1,"o No Large Interposer Needed—Unlike traditional 2.5D packaging, which requires a large silicon interposer to connect chiplets, EMIB uses small, localized bridges, which simplifies the manufacturing process and reduces costs.",2024,high
evidence_0760e5f913687304,claim_52f9a46ed1d6b684,industry_tech_irds_packaging_tutorial_2024,IRDS 2024 Executive Packaging Tutorial Part 1,101,High Bandwidth and Low Latency:,1,"o No Large Interposer Needed—Unlike traditional 2.5D packaging, which requires a large silicon interposer to connect chiplets, EMIB uses small, localized bridges, which simplifies the manufacturing process and reduces costs.",2024,high
evidence_9e0ba777df17c510,claim_cbc7a8e8908d5054,industry_tech_irds_packaging_tutorial_2024,IRDS 2024 Executive Packaging Tutorial Part 1,104,Interconnect vs. Stacking:,1,"EMIB provides a robust solution for horizontal chiplet integration, offering high bandwidth and low latency communication, while Foveros allows for vertical stacking, increasing transistor density and enabling heterogeneous integration.",2024,high
evidence_a8371632acd4ccbc,claim_2179de41e79b5834,industry_tech_mlperf_inference_2019,MLPerf Inference Benchmark,14,AI,1,"Deng, “Open-sourcing fbgemm for state-of-the-art server-side inference,” https://engineering.fb.com/mlapplications/fbgemm/, Facebook, 2018.",2019,high
evidence_985e25682b227bdc,claim_22f06ca40622b1c3,industry_tech_pagedattention_vllm_2023,Efficient Memory Management for Large Language Model Serving with PagedAttention,9,1 Kernel-level Optimization,2,"5.1 Kernel-level Optimization Since PagedAttention introduces memory access patterns that are not efficiently supported by existing systems, we develop several GPU kernels for optimizing it.",2023,high
evidence_5e3bae9aafa9efd6,claim_e58547dd24fc641c,industry_tech_pagedattention_vllm_2023,Efficient Memory Management for Large Language Model Serving with PagedAttention,9,AI,2,"In the attention layers, the GPU workers read the KV cache according to the block table in the control message.",2023,high
evidence_831635303a0ac88c,claim_b2997ec53e28af86,industry_tech_pagedattention_vllm_2023,Efficient Memory Management for Large Language Model Serving with PagedAttention,15,AI,2,High-throughput Generative Inference of Large,2023,high
evidence_f2f7b12063807cfd,claim_4a40874b227167e5,industry_tech_ualink_200g_2025,UALink 200G 1.0 Specification,18,AI,1,"The protocols and interfaces defined in this specification are intended to support low latency Accelerator-to-Accelerator communication across System Nodes using direct read, write, and atomics transactions.",2025,high
evidence_25c17c8afd9f9f45,claim_9aa8e312a3c1c02a,industry_tech_ualink_200g_2025,UALink 200G 1.0 Specification,18,AI,1,"The protocols and interfaces defined in this specification are intended to support low latency Accelerator-to-Accelerator communication across System Nodes using direct read, write, and atomics transactions.",2025,high
evidence_da01e8fb214ca74f,claim_3dad35c504c37a73,industry_tech_ualink_200g_2025,UALink 200G 1.0 Specification,18,AI,1,The Accelerator is further attached to a set of UALink Links (blue) that connect to a Switch and then on to another set of UALink links to the remote Accelerator allowing UPLI transactions to be routed between Accelerators in different System Nodes (accesses can also be routed between Accelerators in the same System Node).,2025,high
evidence_56096ad9234e8106,claim_1c52137939b7258c,industry_tech_ualink_200g_2025,UALink 200G 1.0 Specification,20,AI,1,"| | Virtual Pod | A non-overlapping partition of a Pod where the Acclerators within the Virtual Pod may communicate with other Accelerators in the Virtual Pod, but no other Accelerators in the Pod.",2025,high
evidence_bbb267fbf4c04b38,claim_456c6cf0915b08bf,industry_tech_ualink_200g_2025,UALink 200G 1.0 Specification,20,AI,1,"| | Virtual Pod | A non-overlapping partition of a Pod where the Acclerators within the Virtual Pod may communicate with other Accelerators in the Virtual Pod, but no other Accelerators in the Pod.",2025,high
evidence_487ed7dae9c589bd,claim_ec73ebaa67b1ad78,industry_tech_ualink_200g_2025,UALink 200G 1.0 Specification,20,AI,1,A virtual pod belongs to one user (aka Tenant).,2025,high
evidence_5b9072a4acac3174,claim_bc44439ce0b84038,industry_tech_ualink_200g_2025,UALink 200G 1.0 Specification,22,1 Multi-Node Accelerator System,1,1 Introduction 1.1 Multi-Node Accelerator System The main purpose of this specification is to enable low latency and efficient communication between Accelerators.,2025,high
evidence_a504b99779a12039,claim_c55e08a75684caef,industry_tech_ualink_200g_2025,UALink 200G 1.0 Specification,22,1 Multi-Node Accelerator System,1,1 Introduction 1.1 Multi-Node Accelerator System The main purpose of this specification is to enable low latency and efficient communication between Accelerators.,2025,high
evidence_9029ba79a3fb43e7,claim_c9f7f039bb2c0b66,industry_tech_ualink_200g_2025,UALink 200G 1.0 Specification,29,5 UALink Coherency,1,"Since AI/ML workloads typically involve many Accelerators, software coherence enables applications to scale efficiently across scale-up Pods and scale-out clusters.",2025,high
evidence_aa523ca750137137,claim_245ac373e0b9a8e0,industry_tech_ualink_200g_2025,UALink 200G 1.0 Specification,29,5 UALink Coherency,1,"Since AI/ML workloads typically involve many Accelerators, software coherence enables applications to scale efficiently across scale-up Pods and scale-out clusters.",2025,high
evidence_07933b691fbd8be6,claim_9283a69d2219045b,industry_tech_ucie_2_whitepaper_2024,UCIe 2.0 Specification Continuing Innovation to Drive an Open Chiplet Ecosystem,1,,1,"Debendra Das Sharma Intel Senior Fellow and co-GM Memory and I/O Technologies Chair of UCIe Consortium Universal Chiplet Interconnect ExpressTM (UCIeTM) is an open industry standard interconnect offering high-bandwidth, low-latency, power-efficient, and cost-effective on-package connectivity between chiplets.",2024,high
evidence_1e965ce2b99771be,claim_5b552434b653902d,industry_tech_ucie_2_whitepaper_2024,UCIe 2.0 Specification Continuing Innovation to Drive an Open Chiplet Ecosystem,1,,1,"Debendra Das Sharma Intel Senior Fellow and co-GM Memory and I/O Technologies Chair of UCIe Consortium Universal Chiplet Interconnect ExpressTM (UCIeTM) is an open industry standard interconnect offering high-bandwidth, low-latency, power-efficient, and cost-effective on-package connectivity between chiplets.",2024,high
evidence_0d356bbf4a7fb64b,claim_173f07fdab9cec4a,industry_tech_ucie_2_whitepaper_2024,UCIe 2.0 Specification Continuing Innovation to Drive an Open Chiplet Ecosystem,2,,1,"The mechanisms supported include discovery of chiplets and their conﬁguration; initialization of chiplet structures and parameters (i.e., serial EEPROM replacement); ﬁrmware download; power and thermal management; error reporting; telemetry; retrieval of log and crash dump information; test and debug; initiation and reporting of self-test status; and various aspects of chiplet security.",2024,high
evidence_285851b0fb5c685d,claim_96c53801fe8ebeff,industry_tech_ucie_2_whitepaper_2024,UCIe 2.0 Specification Continuing Innovation to Drive an Open Chiplet Ecosystem,2,,1,"The mechanisms supported include discovery of chiplets and their conﬁguration; initialization of chiplet structures and parameters (i.e., serial EEPROM replacement); ﬁrmware download; power and thermal management; error reporting; telemetry; retrieval of log and crash dump information; test and debug; initiation and reporting of self-test status; and various aspects of chiplet security.",2024,high
evidence_ee3d882ac9caddef,claim_2da3e8e112357084,industry_tech_ucie_2_whitepaper_2024,UCIe 2.0 Specification Continuing Innovation to Drive an Open Chiplet Ecosystem,2,,1,"The mechanisms supported include discovery of chiplets and their conﬁguration; initialization of chiplet structures and parameters (i.e., serial EEPROM replacement); ﬁrmware download; power and thermal management; error reporting; telemetry; retrieval of log and crash dump information; test and debug; initiation and reporting of self-test status; and various aspects of chiplet security.",2024,high
evidence_09b385586a957c28,claim_216fed1dce395707,industry_tech_ucie_2_whitepaper_2024,UCIe 2.0 Specification Continuing Innovation to Drive an Open Chiplet Ecosystem,2,,1,"The mechanisms supported include discovery of chiplets and their conﬁguration; initialization of chiplet structures and parameters (i.e., serial EEPROM replacement); ﬁrmware download; power and thermal management; error reporting; telemetry; retrieval of log and crash dump information; test and debug; initiation and reporting of self-test status; and various aspects of chiplet security.",2024,high
evidence_169eb60042a8f5e6,claim_af1841f8ba1eba3c,industry_tech_ucie_2_whitepaper_2024,UCIe 2.0 Specification Continuing Innovation to Drive an Open Chiplet Ecosystem,3,,1,"Figure 2: UCIe Management fabric across chiplets, encompassing multiple usage models The UCIe DFx architecture (UDA) comprehends test, telemetry, and debug and is covered through the management fabric.",2024,high
evidence_b3ae8d927df7e281,claim_9355dc15ea44803e,industry_tech_ucie_2_whitepaper_2024,UCIe 2.0 Specification Continuing Innovation to Drive an Open Chiplet Ecosystem,4,,1,"Vertically-Integrated Chiplets for Signiﬁcant Power Performance Improvements with UCIe-3D When the UCIe Consortium was formed in March 2022, we released the well-deﬁned UCIe 1.0 Speciﬁcation addressing planar connectivity (2D and 2.5D).",2024,high
evidence_cd73e4faafdb96c2,claim_c998467fcc8e8aea,industry_tech_ucie_2_whitepaper_2024,UCIe 2.0 Specification Continuing Innovation to Drive an Open Chiplet Ecosystem,4,,1,"Vertically-Integrated Chiplets for Signiﬁcant Power Performance Improvements with UCIe-3D When the UCIe Consortium was formed in March 2022, we released the well-deﬁned UCIe 1.0 Speciﬁcation addressing planar connectivity (2D and 2.5D).",2024,high
evidence_a2c306848a840998,claim_e755adbf3ff026eb,industry_tech_ucie_2_whitepaper_2024,UCIe 2.0 Specification Continuing Innovation to Drive an Open Chiplet Ecosystem,5,,1,UCIe-3D offers the advantages of a real connection vs shore-line consumption with UCIe 2D/2.5D.,2024,high
evidence_4d404d481f78a147,claim_1b85b0d27664fee8,industry_tech_ucie_2_whitepaper_2024,UCIe 2.0 Specification Continuing Innovation to Drive an Open Chiplet Ecosystem,6,,1,"As shown in Table 1, even at 4 GT/s frequency, there are orders of magnitude improvement in bandwidth density over UCIe 2.5D at 32 GT/s (e.g., 300 TB/s/mm2 with UCIe-3D at 1 µm bump pitch vs 1.35 TB/s/mm2 with UCIe-2.5D at 25 µm bump pitch).",2024,high
evidence_cc8da7e92f2b4e0e,claim_45e72aca4f066e78,industry_tech_ucie_2_whitepaper_2024,UCIe 2.0 Specification Continuing Innovation to Drive an Open Chiplet Ecosystem,6,,1,"As shown in Table 1, even at 4 GT/s frequency, there are orders of magnitude improvement in bandwidth density over UCIe 2.5D at 32 GT/s (e.g., 300 TB/s/mm2 with UCIe-3D at 1 µm bump pitch vs 1.35 TB/s/mm2 with UCIe-2.5D at 25 µm bump pitch).",2024,high
evidence_d4948eaf6a2c3691,claim_ecf4e7a1471fc329,industry_tech_ucie_2_whitepaper_2024,UCIe 2.0 Specification Continuing Innovation to Drive an Open Chiplet Ecosystem,6,Conclusion,1,The manageability and DFx enhancements signify | | the on-going commitment to improve existing approaches whereas UCIe-3D denotes our willingness | | to take on the necessary challenges of delivering exponential improvements in power-efifcient | | performance.,2024,high
evidence_e08a30c79dfe67fa,claim_0d6644e458818c82,industry_tech_ucie_2_whitepaper_2024,UCIe 2.0 Specification Continuing Innovation to Drive an Open Chiplet Ecosystem,6,,1,"| | --- | | To conclude, I would like to paint a vision of system-in-a-package with several UCIe-3D chiplet | | stacks connected using existing UCIe-2.5D and UCIe-2D planar interconnects and all the | | enhancements to come.",2024,high
evidence_92935aa474f67207,claim_8a8a642052cd5b4a,industry_tech_ultra_ethernet_1_0_2_2026,Ultra Ethernet Specification v1.0.2,21,1 Background The Ultra Ethernet Consorti,1,"1 Introduction 1.1 Background The Ultra Ethernet Consortium (UEC) is an industry effort — involving many contributors including hyperscalers, system vendors, silicon providers, and others — with a mission to enhance Ethernet for use in AI and HPC.",2026,high
evidence_bf751a4a2c9726c5,claim_f4f3502f9b7cb3ce,industry_tech_ultra_ethernet_1_0_2_2026,Ultra Ethernet Specification v1.0.2,22,2 UE Transport Profiles UET specifies th,1,"1.1.2 UE Transport Profiles UET specifies three profiles: AI Base, AI Full, and HPC.",2026,high
evidence_acb849af6ddc8c18,claim_a8dd2b51fc9688b5,industry_tech_ultra_ethernet_1_0_2_2026,Ultra Ethernet Specification v1.0.2,38,AI,1,"A port implements a single Media Access Control (MAC) as defined by IEEE Std 802.3, optionally including any UE specific extensions, as required by the UET profile it complies with.",2026,high
evidence_690219d1d8782c1c,claim_6281f205b2fdbcf9,industry_tech_ultra_ethernet_1_0_2_2026,Ultra Ethernet Specification v1.0.2,45,1 Workloads [Informative] The informatio,1,UE targets the following four workloads: 1.,2026,high
evidence_7395b28da289d2e6,claim_c012f2625ee1e311,industry_tech_ultra_ethernet_1_0_2_2026,Ultra Ethernet Specification v1.0.2,45,1 Workloads [Informative] The informatio,1,"For lower latency, one can scale the operator dimension and decrease the",2026,high
evidence_15081f4c7905dd20,claim_e8be5be2dd74b6ea,industry_tech_ultra_ethernet_1_0_2_2026,Ultra Ethernet Specification v1.0.2,45,1 Workloads [Informative] The informatio,1,"For lower latency, one can scale the operator dimension and decrease the",2026,high
evidence_c67350bed80d87a9,claim_fb5ed7d4d994e1d5,industry_tech_ultra_ethernet_1_0_2_2026,Ultra Ethernet Specification v1.0.2,46,2 AI Inference Workloads AI inference wo,1,"For a 10 msec service level objective, one would need approximately 150-200 GiB/s throughput.",2026,high
evidence_ad325b6d37805eaa,claim_aded27cb871da565,industry_tech_ultra_ethernet_1_0_2_2026,Ultra Ethernet Specification v1.0.2,46,AI,1,"In practice, such models have high communication overheads (25-50%) with mostly small (single-packet) messages (2.5 kiB) in recurring patterns.",2026,high
evidence_5638ce5a10d34ff1,claim_2587e2330ed3d052,industry_tech_ultra_ethernet_1_0_2_2026,Ultra Ethernet Specification v1.0.2,46,AI,1,"In practice, such models have high communication overheads (25-50%) with mostly small (single-packet) messages (2.5 kiB) in recurring patterns.",2026,high
evidence_f55ef02e66be5e1f,claim_36935c1475333d7d,industry_tech_ultra_ethernet_1_0_2_2026,Ultra Ethernet Specification v1.0.2,47,"4 Client/Server (e.g., Storage Traffic)",1,"In other words, a goal of UE is to enable the migration of applications, relying on these Applications & Frameworks UE defined APIs Color Coding *MPI *CCL SHMEM provisioning Other OFA Ultra Ethernet UEC NIC Vendor libfabric OpenFabrics (OFI) other provider UE vendor provider Kernel.org optional netlink User Mode NetDev Kernel Mode UE Vendor Kernel Mode Driver Hardware UE Vendor FEP Figure 1-11 - UE Software Endpoint Stack frameworks, to UE-powered nodes without requiring change.",2026,high
evidence_8cd9e580d846ec7c,claim_64a24e840c7fcc2b,industry_tech_ultra_ethernet_1_0_2_2026,Ultra Ethernet Specification v1.0.2,47,"4 Client/Server (e.g., Storage Traffic)",1,"In other words, a goal of UE is to enable the migration of applications, relying on these Applications & Frameworks UE defined APIs Color Coding *MPI *CCL SHMEM provisioning Other OFA Ultra Ethernet UEC NIC Vendor libfabric OpenFabrics (OFI) other provider UE vendor provider Kernel.org optional netlink User Mode NetDev Kernel Mode UE Vendor Kernel Mode Driver Hardware UE Vendor FEP Figure 1-11 - UE Software Endpoint Stack frameworks, to UE-powered nodes without requiring change.",2026,high
evidence_221354ab44b69174,claim_214c216e60dbaf34,industry_tech_ultra_ethernet_1_0_2_2026,Ultra Ethernet Specification v1.0.2,47,"4 Client/Server (e.g., Storage Traffic)",1,"In other words, a goal of UE is to enable the migration of applications, relying on these Applications & Frameworks UE defined APIs Color Coding *MPI *CCL SHMEM provisioning Other OFA Ultra Ethernet UEC NIC Vendor libfabric OpenFabrics (OFI) other provider UE vendor provider Kernel.org optional netlink User Mode NetDev Kernel Mode UE Vendor Kernel Mode Driver Hardware UE Vendor FEP Figure 1-11 - UE Software Endpoint Stack frameworks, to UE-powered nodes without requiring change.",2026,high
evidence_a496d6b6c4c28517,claim_b236a9696fc77b3f,industry_tech_ultra_ethernet_1_0_2_2026,Ultra Ethernet Specification v1.0.2,47,"4 Client/Server (e.g., Storage Traffic)",1,"In other words, a goal of UE is to enable the migration of applications, relying on these Applications & Frameworks UE defined APIs Color Coding *MPI *CCL SHMEM provisioning Other OFA Ultra Ethernet UEC NIC Vendor libfabric OpenFabrics (OFI) other provider UE vendor provider Kernel.org optional netlink User Mode NetDev Kernel Mode UE Vendor Kernel Mode Driver Hardware UE Vendor FEP Figure 1-11 - UE Software Endpoint Stack frameworks, to UE-powered nodes without requiring change.",2026,high
evidence_f26c4473703b86ff,claim_3498fb4e75583673,industry_tech_ultra_ethernet_1_0_2_2026,Ultra Ethernet Specification v1.0.2,48,3 Switch Software Stack Figure 1-12 show,1,"Management Space SDN Controller (NMaaS) User Space Control Plane Application Containers UE Switch State Service (SWSS) e.g., Redis Switch Abstraction Interface (SAI) UE Technology Provider ASIC SDK Kernel Space Data Plane ASIC Drivers Hardware Switch Silicon UE Figure 1-12 - Switch Module Layering 1.4.4 Network Operating System (NOS) Interface The NOS provides essential services on switches for configuration and control.",2026,high
evidence_5fdb836c1c3eb5fc,claim_c401723904cd2376,industry_tech_ultra_ethernet_1_0_2_2026,Ultra Ethernet Specification v1.0.2,49,5 Networking,1,"Scale-up network 1.5.1.1 Frontend Network The frontend network is the operational network in datacenters that connects all compute nodes to the outside world (e.g., other datacenters or end customers on the Internet).",2026,high
evidence_21057948d0435fe8,claim_a37704d4d0f8f4b5,industry_tech_ultra_ethernet_1_0_2_2026,Ultra Ethernet Specification v1.0.2,49,5 Networking,1,"Scale-up network 1.5.1.1 Frontend Network The frontend network is the operational network in datacenters that connects all compute nodes to the outside world (e.g., other datacenters or end customers on the Internet).",2026,high
evidence_7e31cb5b41b77a50,claim_4bd316343ec92661,industry_tech_ultra_ethernet_1_0_2_2026,Ultra Ethernet Specification v1.0.2,50,2 Backend Scale-out Network The backend,1,"An AI-oriented backend scale-out network might include special-purpose optimizations such as switch support for collective operations over bulk data, while an HPC-oriented backend scale-out network might support latency optimizations only for small collectives.",2026,high
evidence_4a60867947e47d61,claim_b470b018b6d99118,industry_tech_ultra_ethernet_1_0_2_2026,Ultra Ethernet Specification v1.0.2,50,2 Backend Scale-out Network The backend,1,"An AI-oriented backend scale-out network might include special-purpose optimizations such as switch support for collective operations over bulk data, while an HPC-oriented backend scale-out network might support latency optimizations only for small collectives.",2026,high
evidence_8018a2a75a7b1ef1,claim_6fbb28c91ce27ea1,industry_tech_ultra_ethernet_1_0_2_2026,Ultra Ethernet Specification v1.0.2,52,2 UE Transport (UET) Objectives UET is f,1,"UET mainly targets RDMA service and attempts to provide the best, modernized, and highly optimized transport service for carrying RDMA in AI and HPC workloads.",2026,high
evidence_ba5c896f1d1ee949,claim_45f0d6d694db7803,industry_tech_ultra_ethernet_1_0_2_2026,Ultra Ethernet Specification v1.0.2,52,2 UE Transport (UET) Objectives UET is f,1,| Characteristic (2024) | Frontend | Backend Scale-out | Scale-up | | --- | --- | --- | --- | | | (Intra Data Center) | | | | Note: 1.,2026,high
evidence_0f70dd71f21b05e6,claim_5102265aa54d7a62,industry_tech_ultra_ethernet_1_0_2_2026,Ultra Ethernet Specification v1.0.2,52,2 UE Transport (UET) Objectives UET is f,1,"The intent is that when making trade-offs, the goal of | | supporting frontend or scale-up networks will not impact the performance of backend scale-out | | deployments and will not impact the schedule for this specification delivery.",2026,high
evidence_8ee679a8e97dea38,claim_8ae44bc192d2ebd2,industry_tech_ultra_ethernet_1_0_2_2026,Ultra Ethernet Specification v1.0.2,52,2 UE Transport (UET) Objectives UET is f,1,"### Table 1-2 - Characteristics of UET Deployment Model | Characteristic (2026+) | | Dedicated AI Training | Cloud AI/HPC | At Scale HPC | | --- | --- | --- | --- | --- | | | | Cluster | | | | Network scale (Ethernet ports) | 100k – 256k | | 256k | 80k – 256k | | Target unloaded one-way latency | 2 – 10 µs | | 2 – 10 µs | 2 – 10 µs | | Ethernet port speed | 800 G+ | | 400 G+ | 800 G+ | | Average network utilization | Up to 85% | | 20-40% overall BW 60-80% for AI cloud | Varies, 60-80% for BW-int",2026,high
evidence_8b2be901f9ba62d6,claim_2e308d16c749d35c,industry_tech_ultra_ethernet_1_0_2_2026,Ultra Ethernet Specification v1.0.2,52,2 UE Transport (UET) Objectives UET is f,1,"### Table 1-2 - Characteristics of UET Deployment Model | Characteristic (2026+) | | Dedicated AI Training | Cloud AI/HPC | At Scale HPC | | --- | --- | --- | --- | --- | | | | Cluster | | | | Network scale (Ethernet ports) | 100k – 256k | | 256k | 80k – 256k | | Target unloaded one-way latency | 2 – 10 µs | | 2 – 10 µs | 2 – 10 µs | | Ethernet port speed | 800 G+ | | 400 G+ | 800 G+ | | Average network utilization | Up to 85% | | 20-40% overall BW 60-80% for AI cloud | Varies, 60-80% for BW-int",2026,high
evidence_248eea6d3e66a744,claim_482ff7fc71c5dee3,industry_tech_ultra_ethernet_1_0_2_2026,Ultra Ethernet Specification v1.0.2,53,3 Network Fabric The network fabric cons,1,"While UET provides excellent performance on best-effort networks leveraging multi-pathing and improved congestion control assisted by network telemetry, it is also architected to run on lossless networks.",2026,high
evidence_dfaee2f95a5cf8d1,claim_363464291a633ff0,industry_tech_ultra_ethernet_1_0_2_2026,Ultra Ethernet Specification v1.0.2,53,3 Network Fabric The network fabric cons,1,"While UET provides excellent performance on best-effort networks leveraging multi-pathing and improved congestion control assisted by network telemetry, it is also architected to run on lossless networks.",2026,high
evidence_fada815768d0750f,claim_dc16963fee8fd806,industry_tech_ultra_ethernet_1_0_2_2026,Ultra Ethernet Specification v1.0.2,54,2 Data Plane,1,This network is not latency-sensitive and typically has low bandwidth requirements.,2026,high
evidence_aab166dd75656940,claim_dddfcb59e89f25bf,industry_tech_ultra_ethernet_1_0_2_2026,Ultra Ethernet Specification v1.0.2,58,2 Transport Layer UE transport layer spe,1,High network efficiency and reduced latency are achieved by allowing UET congestion management to enable mu,2026,high
evidence_05bba55ec69d506b,claim_bac9445ac6a41d12,industry_tech_ultra_ethernet_1_0_2_2026,Ultra Ethernet Specification v1.0.2,58,2 Transport Layer UE transport layer spe,1,High network efficiency and reduced latency are achieved by allowing UET congestion management to enable mu,2026,high
evidence_8dc3eb03c7c445f4,claim_3b8887d73f853fda,industry_tech_ultra_ethernet_1_0_2_2026,Ultra Ethernet Specification v1.0.2,58,AI,1,High network efficiency and reduced latency are achieved by allowing UET congestion management to enable multi-path packet spraying across the fabric and avoid hot spots when congestion signals arrive.,2026,high
evidence_9d942d4ce7e3190e,claim_fb186da82688016c,industry_tech_ultra_ethernet_1_0_2_2026,Ultra Ethernet Specification v1.0.2,58,AI,1,High network efficiency and reduced latency are achieved by allowing UET congestion management to enable multi-path packet spraying across the fabric and avoid hot spots when congestion signals arrive.,2026,high
evidence_54edb71697963741,claim_6da5aea4aa67ea5f,industry_tech_ultra_ethernet_1_0_2_2026,Ultra Ethernet Specification v1.0.2,59,3 Network Layer Optional UE network laye,1,"UE does not require any changes to the network layer, but UET congestion management expects support for explicit congestion notification (ECN) as specified in IETF RFC 3168, but with the additional constraint of marking congested packets when dequeuing for transmission instead of enqueuing.",2026,high
evidence_73d7cee88ac59f77,claim_ec6fc598d6889725,industry_tech_ultra_ethernet_1_0_2_2026,Ultra Ethernet Specification v1.0.2,59,3 Network Layer Optional UE network laye,1,"UE does not require any changes to the network layer, but UET congestion management expects support for explicit congestion notification (ECN) as specified in IETF RFC 3168, but with the additional constraint of marking congested packets when dequeuing for transmission instead of enqueuing.",2026,high
evidence_33c3ce061d81929a,claim_65132f6cb9a589d6,industry_tech_ultra_ethernet_1_0_2_2026,Ultra Ethernet Specification v1.0.2,62,1 UE Software Overview The UEC develops,1,The libfabric mapping specification defines how the libfabric v2.0 APIs are implemented using Ultra Ethernet Transport.,2026,high
evidence_b80c9cc944db4af2,claim_72574383bf77f5c0,industry_tech_ultra_ethernet_1_0_2_2026,Ultra Ethernet Specification v1.0.2,66,2 UE Libfabric Mapping This document spe,1,"2.2 UE Libfabric Mapping This document specifies the mapping between libfabric v2.0, also known as Open Fabrics Interfaces (OFI), and the Ultra Ethernet Transport (UET v1.0), as well as the requirements imposed on UET OFI providers.",2026,high
evidence_b8ec3eeccb117b57,claim_ea5f3c3a13e0b18f,industry_tech_ultra_ethernet_1_0_2_2026,Ultra Ethernet Specification v1.0.2,69,1 Application Use Cases Different applic,1,The three UET profiles in order of functionality (least to most) are: 1.,2026,high
evidence_13e5677289b09364,claim_208af9d7b31548d1,industry_tech_ultra_ethernet_1_0_2_2026,Ultra Ethernet Specification v1.0.2,69,Table 2-3 - UET Application Categories,1,### Table 2-3 - UET Application Categories | | Application Use Case | | Summary of Expected API Usage | | --- | --- | --- | --- | | *CCL | | • Reliable communication • Matching based on sender ID • Tagged messages using exact matching o With no guarantees about which tag matches if duplicate tags are used • Data transfers using RMA Write • Message and data ordering not required • Optional use of collective offload | | | *MPI | | • Reliable communication • Matching based on sender ID • Tagged mes,2026,high
evidence_229bb4e8bef9f4c9,claim_105c48eadf57784f,industry_tech_ultra_ethernet_1_0_2_2026,Ultra Ethernet Specification v1.0.2,69,Table 2-3 - UET Application Categories,1,### Table 2-3 - UET Application Categories | | Application Use Case | | Summary of Expected API Usage | | --- | --- | --- | --- | | *CCL | | • Reliable communication • Matching based on sender ID • Tagged messages using exact matching o With no guarantees about which tag matches if duplicate tags are used • Data transfers using RMA Write • Message and data ordering not required • Optional use of collective offload | | | *MPI | | • Reliable communication • Matching based on sender ID • Tagged mes,2026,high
evidence_e8a160103cfb1721,claim_7da68a5186fe1895,industry_tech_ultra_ethernet_1_0_2_2026,Ultra Ethernet Specification v1.0.2,70,1 Application Use Cases Different applic,1,### Table 2-4 - Per-Profile Libfabric Parameter Requirements | Structure | Field | Value(s) | | Required | | | | | Notes | | --- | --- | --- | --- | --- | --- | --- | --- | --- | --- | | | | | | AI | | AI | HPC | HPC | | | | | | | BASE | | FULL | | | | | fi info _ | | | | | | | | | | | | caps | FI LOCAL COMM _ _ FI REMOTE COMM _ _ FI MSG _ FI SEND _ FI RECV _ FI TAGGED (exact match)1 _ FI TAGGED (wildcard)1 _ FI DIRECTED RECV2 _ _ FI TAGGED DIRECTED RECV2 _ _ _ FI SELECTIVE COMPLETION _ _ FI SHA,2026,high
evidence_7ced77b67d6cd609,claim_6fdf20fff4cfc6b6,industry_tech_ultra_ethernet_1_0_2_2026,Ultra Ethernet Specification v1.0.2,71,1 Application Use Cases Different applic,1,| Structure | Field | Value(s) | | Required | | | | | Notes | | --- | --- | --- | --- | --- | --- | --- | --- | --- | --- | | | | | | AI | | AI | HPC | HPC | | | | | | | BASE | | FULL | | | | | | mr cnt _ | >= 8 | Y | | Y | | Y | | Floor is subject to overall availability of MR resources if MRs are a shared resource | | | tclass | FI TC BEST EFFORT _ _ _ FI TC UNSPEC _ _ DSCP value | Y Y Y | | Y Y Y | | Y Y Y | | Maps to default TC Maps to default TC | | | auth key size _ _ | 0 or 3 or FI AV AUT,2026,high
evidence_b917a7d27f8aa912,claim_042ce5ac7ba957b5,industry_tech_ultra_ethernet_1_0_2_2026,Ultra Ethernet Specification v1.0.2,72,1 Profile Negotiation and Inter-Profile,1,"Max PDU is the maximum payload of a single frame (i.e., UET payload) per definition in UE SES specification.",2026,high
evidence_774c87ee1187662f,claim_4f220c25b4ad97c5,industry_tech_ultra_ethernet_1_0_2_2026,Ultra Ethernet Specification v1.0.2,72,1 Profile Negotiation and Inter-Profile,1,"### Table 2-5 - Application Use Case Mapping to UET Profiles | | Application Use Case | | UET Profile(s) with Optimal Use-Case Support | | --- | --- | --- | --- | | *CCL | | Any of AI Base, AI Full, or HPC | | | *MPI | | HPC | | | SHMEM | | Either AI Full or HPC | | | UD | | Any of AI Base, AI Full, or HPC | |",2026,high
evidence_277fdbdee53697c2,claim_9f491c2fb83d4f32,industry_tech_ultra_ethernet_1_0_2_2026,Ultra Ethernet Specification v1.0.2,72,1 Profile Negotiation and Inter-Profile,1,"### Table 2-5 - Application Use Case Mapping to UET Profiles | | Application Use Case | | UET Profile(s) with Optimal Use-Case Support | | --- | --- | --- | --- | | *CCL | | Any of AI Base, AI Full, or HPC | | | *MPI | | HPC | | | SHMEM | | Either AI Full or HPC | | | UD | | Any of AI Base, AI Full, or HPC | |",2026,high
evidence_db3514119f70d7c0,claim_63180c95fb848b8b,industry_tech_ultra_ethernet_1_0_2_2026,Ultra Ethernet Specification v1.0.2,73,3 Configuration Information The libfabri,1,Table 2-7 - Libfabric UET Provider Configuration Parameters,2026,high
evidence_c5c912282b075cb0,claim_b519fe3decaa88a1,industry_tech_ultra_ethernet_1_0_2_2026,Ultra Ethernet Specification v1.0.2,73,3 Configuration Information The libfabri,1,Table 2-7 - Libfabric UET Provider Configuration Parameters,2026,high
evidence_2ffe86e3b93b9d59,claim_857cf39a53b715a0,industry_tech_ultra_ethernet_1_0_2_2026,Ultra Ethernet Specification v1.0.2,73,3 Configuration Information The libfabri,1,### Table 2-7 - Libfabric UET Provider Configuration Parameters | | Parameter | | Data Type | | Description | | --- | --- | --- | --- | --- | --- | | UET PROVIDER SERVICE PATH _ _ _ | | string | | Environment variable specifying the path name for an optional service configuration file containing user-defined service name strings and associated Indices.,2026,high
evidence_674979f9102b2ba8,claim_5fa59e9eb3ab9f1a,industry_tech_ultra_ethernet_1_0_2_2026,Ultra Ethernet Specification v1.0.2,73,3 Configuration Information The libfabri,1,### Table 2-7 - Libfabric UET Provider Configuration Parameters | | Parameter | | Data Type | | Description | | --- | --- | --- | --- | --- | --- | | UET PROVIDER SERVICE PATH _ _ _ | | string | | Environment variable specifying the path name for an optional service configuration file containing user-defined service name strings and associated Indices.,2026,high
evidence_dab33214f3edd0d2,claim_84ccecfec0a973f8,industry_tech_ultra_ethernet_1_0_2_2026,Ultra Ethernet Specification v1.0.2,83,1 Libfabric Addressing Libfabric provide,1,MUST be 0 | | | PIDonFEP | | 16 | | Process ID in context of fabric endpoint Meaning depends on the address mode | | | Fabric Address | | 128 | | IP address | | | Start Resource Index | | 12 | | Service Identifier • Index 0 is reserved for a UET provider-to-provider control channel o No standardized provider-to-provider control channel operations have been defined o The provider-to-provider control channel MAY be used for vendor-specific operations | | | Num Resource Indices | | 12 | | Number of,2026,high
evidence_586865450392085d,claim_397670ee484ff8be,industry_tech_ultra_ethernet_1_0_2_2026,Ultra Ethernet Specification v1.0.2,84,AI,1,#define UET_ADDR_FLAG_FEP_CAP_V (1 << 0) /* FEP capabilities valid flag */ #define UET_ADDR_FLAG_FA_V (1 << 1) /* fabric address valid flag */ #define UET_ADDR_FLAG_PID_V (1 << 2) /* PIDonFEP valid flag */ #define UET_ADDR_FLAG_RI_V (1 << 3) /* resource index valid flag */ #define UET_ADDR_FLAG_INI_V (1 << 4) /* initiator id valid flag */ #define UET_ADDR_FLAG_ABS_MODE (1 << 5) /* absolute address mode */ #define UET_ADDR_FLAG_REL_MODE (0 << 5) /* relative address mode */ #define UET_ADDR_FLAG_I,2026,high
evidence_30282c2c605f2c27,claim_28bc364707ce36fe,industry_tech_ultra_ethernet_1_0_2_2026,Ultra Ethernet Specification v1.0.2,84,AI,1,The valid flags enable requests for specific components of a UET address on the fi getinfo() API (see section _ 2.2.5.2.2) and the fi endpoint() API (see section 2.2.5.3.5).,2026,high
evidence_7eacc492a5fec983,claim_4f18c76d5340ca90,industry_tech_ultra_ethernet_1_0_2_2026,Ultra Ethernet Specification v1.0.2,84,2) and the fi_endpoint() API (see sectio,1,| Informative Text: | | --- | | The Resource Index field of the UET address enables a multi-threaded application supporting multiple | | services to open a libfabric endpoint for each service.,2026,high
evidence_a0ef73d67250461c,claim_887bf2436c74e4d4,industry_tech_ultra_ethernet_1_0_2_2026,Ultra Ethernet Specification v1.0.2,84,2) and the fi_endpoint() API (see sectio,1,| Informative Text: | | --- | | The Resource Index field of the UET address enables a multi-threaded application supporting multiple | | services to open a libfabric endpoint for each service.,2026,high
evidence_db6c09f8c99220fc,claim_8d0029ca2d1a765b,industry_tech_ultra_ethernet_1_0_2_2026,Ultra Ethernet Specification v1.0.2,98,Table 2-22 - fi_msg() Send API Requirements,1,### Table 2-22 - fi_msg() Send API Requirements | | fi msg() API _ | | Description | | Requirements | | SES Opcode | | --- | --- | --- | --- | --- | --- | --- | --- | | fi send _ | | The fi send() API transfers _ data to a remote endpoint | | API MUST be supported | | UET DATAGRAM SEND for _ _ FI EP DGRAM endpoint type _ _ UET SEND for FI EP RDM _ _ _ endpoint type | | | fi sendv _ | | The fi sendv() API adds _ support for a scattergather list to the fi send() _ API | | API MUST be supported Max,2026,high
evidence_7b9be895057761bf,claim_15a5d25b0161d1f4,industry_tech_ultra_ethernet_1_0_2_2026,Ultra Ethernet Specification v1.0.2,100,1 Unexpected Messages Unexpected message,1,"For the AI Full profile, messages with sizes >= UET_PROVIDER_MSG_RENDEZVOUS_SIZE bytes SHOULD be sent with the UET_DEFERRABLE_SEND semantic opcode.",2026,high
evidence_35629ddb54735826,claim_3f8ca19f6d934397,industry_tech_ultra_ethernet_1_0_2_2026,Ultra Ethernet Specification v1.0.2,101,1 Tagged Message Initiator ID Matching,1,"If wildcard tags are not supported, the UET provider MUST fail the API request if any of the ignore bits are set The HPC profile MUST support wildcard tag matching | | fi trecvv _ | Like fi recvv() but with a tag _ | API MUST be supported by AI Full and HPC profiles | | fi trecvmsg _ | Like fi recvmsg() but with a tag _ | API MUST be supported by AI Full and HPC profiles |",2026,high
evidence_b9d4d9bdb0a098da,claim_8d0960c79aefdd04,industry_tech_ultra_ethernet_1_0_2_2026,Ultra Ethernet Specification v1.0.2,101,Table 2-24 - fi_tagged() Send API Requirements,1,### Table 2-24 - fi_tagged() Send API Requirements | | fi tagged() API _ | | Description | | Requirements | | SES Opcode | | --- | --- | --- | --- | --- | --- | --- | --- | | fi tsend _ | | Like fi send() but with tag _ | | API MUST be supported by AI Full and HPC profiles | | AI Full profile: • UET TAGGED SEND or _ _ • UET DEFERRABLE TSEND _ _ Use of UET TAGGED SEND vs.,2026,high
evidence_6783801897f37197,claim_e3521771a8afe888,industry_tech_ultra_ethernet_1_0_2_2026,Ultra Ethernet Specification v1.0.2,102,2 Tagged Message Rendezvous The tagged m,1,Implementations of the HPC profile MUST support setting the src_addr parameter of the fi_tagged() APIs to reference a specific source UET address.,2026,high
evidence_b17464334d3742a2,claim_02dd49fc86689702,industry_tech_ultra_ethernet_1_0_2_2026,Ultra Ethernet Specification v1.0.2,103,Table 2-25 - fi_rma() API Requirements,1,### Table 2-25 - fi_rma() API Requirements | | fi rma() API _ | | Description | | Requirements | | SES Opcode | | --- | --- | --- | --- | --- | --- | --- | --- | | fi read _ | | The fi read() API requests that the _ remote endpoint transfer data from the remote memory region into the local data buffer | | API MUST be supported by AI Full and HPC profiles | | UET READ _ | | | fi readv _ | | The fi readv() API adds support for a _ scatter-gather list to fi read() _ | | Same as fi read() _ Maximum ,2026,high
evidence_df6d567c0a0108ba,claim_42c3c75684f0f0f8,industry_tech_ultra_ethernet_1_0_2_2026,Ultra Ethernet Specification v1.0.2,105,4 fi_atomic() APIs,1,"_ | | API MUST be supported by all profiles The message size used with fi inject atomic() is _ _ limited by the inject size _ attribute of the transmit context, which is vendor specific | | UET ATOMIC _ | | | fi fetch atomic _ _ | | Fetching version of fi atomic() _ | | API MUST be supported by AI Full and HPC profiles | | UET FETCHING ATOMIC _ _ | | | fi fetch atomicv _ _ | | Fetching version of fi atomicv() _ | | API MUST be supported by AI Full and HPC profiles | | UET FETCHING ATOMIC _ _ | |",2026,high
evidence_d5c1c86f9181acd8,claim_479a598232e17c16,industry_tech_ultra_ethernet_1_0_2_2026,Ultra Ethernet Specification v1.0.2,105,4 fi_atomic() APIs,1,"_ | | API MUST be supported by all profiles The message size used with fi inject atomic() is _ _ limited by the inject size _ attribute of the transmit context, which is vendor specific | | UET ATOMIC _ | | | fi fetch atomic _ _ | | Fetching version of fi atomic() _ | | API MUST be supported by AI Full and HPC profiles | | UET FETCHING ATOMIC _ _ | | | fi fetch atomicv _ _ | | Fetching version of fi atomicv() _ | | API MUST be supported by AI Full and HPC profiles | | UET FETCHING ATOMIC _ _ | |",2026,high
evidence_a006a0fac4b487f7,claim_8243cd7bafe9abc1,industry_tech_ultra_ethernet_1_0_2_2026,Ultra Ethernet Specification v1.0.2,106,5 Collective APIs,1,"FI HMEM HOST ALLOC, and _ _ _ _ _ _ _ _ FI MR DMABUF flags _ _ | |",2026,high
evidence_30410684ca13c91d,claim_88451e18f8a4a762,industry_tech_ultra_ethernet_1_0_2_2026,Ultra Ethernet Specification v1.0.2,107,6 Libfabric API Error Codes The SES spec,1,2.2.6 Packet Delivery Modes This section specifies how the UET packet delivery mode is selected.,2026,high
evidence_2e1c22bbbe43bfe6,claim_fc667e565e27434f,industry_tech_ultra_ethernet_1_0_2_2026,Ultra Ethernet Specification v1.0.2,108,7 Traffic Classes The SES sublayer is aw,1,"The selection is based on the operation type, the message ordering modes that are configured, and vendor-specific policy.",2026,high
evidence_5c3f7ab1c8adb20c,claim_9afb655af6c8fc56,industry_tech_ultra_ethernet_1_0_2_2026,Ultra Ethernet Specification v1.0.2,108,7 Traffic Classes The SES sublayer is aw,1,"The selection is based on the operation type, the message ordering modes that are configured, and vendor-specific policy.",2026,high
evidence_60b9450fb618cab7,claim_317de983ebc247d9,industry_tech_ultra_ethernet_1_0_2_2026,Ultra Ethernet Specification v1.0.2,108,Remaining data: RUD,1,### Remaining data: RUD | Implementation Note: | | --- | | Other sublayers of UET use additional traffic classes with associated DSCP values for services that are | | not visible to the libfabric provider.,2026,high
evidence_c3981250746257a7,claim_6a5f3080a3e278b1,industry_tech_ultra_ethernet_1_0_2_2026,Ultra Ethernet Specification v1.0.2,108,Remaining data: RUD,1,### Remaining data: RUD | Implementation Note: | | --- | | Other sublayers of UET use additional traffic classes with associated DSCP values for services that are | | not visible to the libfabric provider.,2026,high
evidence_a5588495432095cb,claim_0bf5fd3b6de236eb,industry_tech_ultra_ethernet_1_0_2_2026,Ultra Ethernet Specification v1.0.2,122,"1 UET Scope, Scale, and Reach This secti",1,"3 UE Transport Layer The Ultra Ethernet Transport (UET) layer is designed to handle the most challenging application scale, deliver packets reliably and securely, manage and avoid congestion within the network, and react to contention at the endpoints.",2026,high
evidence_848cd19d40b19c88,claim_85a5079f423bd4b8,industry_tech_ultra_ethernet_1_0_2_2026,Ultra Ethernet Specification v1.0.2,122,"1 UET Scope, Scale, and Reach This secti",1,"3 UE Transport Layer The Ultra Ethernet Transport (UET) layer is designed to handle the most challenging application scale, deliver packets reliably and securely, manage and avoid congestion within the network, and react to contention at the endpoints.",2026,high
evidence_1107c1af7ffac836,claim_40e7dd0c666b1dda,industry_tech_ultra_ethernet_1_0_2_2026,Ultra Ethernet Specification v1.0.2,122,"1 UET Scope, Scale, and Reach This secti",1,"3 UE Transport Layer The Ultra Ethernet Transport (UET) layer is designed to handle the most challenging application scale, deliver packets reliably and securely, manage and avoid congestion within the network, and react to contention at the endpoints.",2026,high
evidence_ca848b9d45b59976,claim_09a4fb3f8619eea4,industry_tech_ultra_ethernet_1_0_2_2026,Ultra Ethernet Specification v1.0.2,122,"1 UET Scope, Scale, and Reach This secti",1,"3 UE Transport Layer The Ultra Ethernet Transport (UET) layer is designed to handle the most challenging application scale, deliver packets reliably and securely, manage and avoid congestion within the network, and react to contention at the endpoints.",2026,high
evidence_ba089bf6d6c287f1,claim_283635a1c2ec4f14,industry_tech_ultra_ethernet_1_0_2_2026,Ultra Ethernet Specification v1.0.2,122,AI,1,UET opportunistically considers support for frontend networks while not preventing applications in the scale-up network.,2026,high
evidence_42967d28a2974cff,claim_d15241684faf999a,industry_tech_ultra_ethernet_1_0_2_2026,Ultra Ethernet Specification v1.0.2,125,1 Semantic Sublayer (SES) The objective,1,Figure 3-2 - UET Packet Structure 3.2.1 Semantic Sublayer (SES) The objective of UET’s semantic sublayer is to provide high-performance and highly scalable messaging to enable specialized AI and fully featured HPC deployments.,2026,high
evidence_f36c071eaf072c5c,claim_f6c30b5340e68f4d,industry_tech_ultra_ethernet_1_0_2_2026,Ultra Ethernet Specification v1.0.2,127,"Reliable, unordered delivery for operati",1,"Unreliable, unordered delivery (UUD): As with most transport layers, UET provides an unreliable packet delivery mode.",2026,high
evidence_da8a790bc40fb3c2,claim_3455493c07ee3bc0,industry_tech_ultra_ethernet_1_0_2_2026,Ultra Ethernet Specification v1.0.2,127,"Reliable, unordered delivery for operati",1,Both RUDI and UUD traffic are not subject to UET congestion control and therefore it is not recommended for their traffic to share the same traffic class with either ROD or RUD traffic.,2026,high
evidence_ce18dcd2af5e92ed,claim_608ef12f161d4824,industry_tech_ultra_ethernet_1_0_2_2026,Ultra Ethernet Specification v1.0.2,127,"Reliable, unordered delivery for operati",1,Both RUDI and UUD traffic are not subject to UET congestion control and therefore it is not recommended for their traffic to share the same traffic class with either ROD or RUD traffic.,2026,high
evidence_bc605e74cf7f1873,claim_e32ab1683b0ba563,industry_tech_ultra_ethernet_1_0_2_2026,Ultra Ethernet Specification v1.0.2,128,3 Congestion Management Sublayer (CMS) U,1,3.2.3 Congestion Management Sublayer (CMS) UET’s congestion management involves the combination of mechanisms for window-based congestion control and load balancing that is performed at each FEP.,2026,high
evidence_856faf4208c1e421,claim_22ed510146b034fb,industry_tech_ultra_ethernet_1_0_2_2026,Ultra Ethernet Specification v1.0.2,128,3 Congestion Management Sublayer (CMS) U,1,| Informative Text | | --- | | UET does not use connections but defines various packet transport modes.,2026,high
evidence_a64f2d5fa24149a1,claim_75c2e47867373f03,industry_tech_ultra_ethernet_1_0_2_2026,Ultra Ethernet Specification v1.0.2,131,7 Error Handling Each layer may generate,1,3.3 Profiles and Capabilities [normative] UET covers various application use cases utilizing different communication libraries and services with differing communication requirements for both HPC and AI.,2026,high
evidence_66e8bf61142aca3a,claim_b078d082c9f192bd,industry_tech_ultra_ethernet_1_0_2_2026,Ultra Ethernet Specification v1.0.2,131,1 SES Transactions Table 3-1 defines the,1,The following tables assume familiarity with the respective UET subsections.,2026,high
evidence_d5cb946d3ca1b9c7,claim_fe1c2559368c0e7a,industry_tech_ultra_ethernet_1_0_2_2026,Ultra Ethernet Specification v1.0.2,132,2 Buffer Addressing Mechanisms Implement,1,### Table 3-1 - Profile Requirements for Supporting libfabric Transactions | Transaction | Description | AI Base | AI Full | HPC | | --- | --- | --- | --- | --- | | NO OP _ | Null message as defined by the UET NO OP _ _ opcode in SES section 3.4.6.2 | MUST | MUST | MUST | | SEND | Send a message that uses the buffer at head of the receive queue | MUST support at least 1 payload MTU request size | MUST support 4GB-1 request size | MUST support 4GB-1 request size | | DATAGRAM SEND | Used for UUD |,2026,high
evidence_e569ffaf91b5f5c1,claim_c9c4d7b980605101,industry_tech_ultra_ethernet_1_0_2_2026,Ultra Ethernet Specification v1.0.2,132,2 Buffer Addressing Mechanisms Implement,1,### Table 3-1 - Profile Requirements for Supporting libfabric Transactions | Transaction | Description | AI Base | AI Full | HPC | | --- | --- | --- | --- | --- | | NO OP _ | Null message as defined by the UET NO OP _ _ opcode in SES section 3.4.6.2 | MUST | MUST | MUST | | SEND | Send a message that uses the buffer at head of the receive queue | MUST support at least 1 payload MTU request size | MUST support 4GB-1 request size | MUST support 4GB-1 request size | | DATAGRAM SEND | Used for UUD |,2026,high
